scope,content,trace,controller,metric,better_when,n,mean,std,ci95_half_width,ci95_low,ci95_high
per_content_trace,big_buck_bunny,stage56_evaluation_low_start,static,startup_delay_s,lower,10,2.851962818260521,0.0,0.0,2.851962818260521,2.851962818260521
per_content_trace,big_buck_bunny,stage56_evaluation_low_start,static,rebuffering_s,lower,10,0.46648500306173313,0.0,0.0,0.46648500306173313,0.46648500306173313
per_content_trace,big_buck_bunny,stage56_evaluation_low_start,static,rebuffering_rate_percent,lower,10,0.7774750051028885,0.0,0.0,0.7774750051028885,0.7774750051028885
per_content_trace,big_buck_bunny,stage56_evaluation_low_start,static,average_bitrate_kbps,higher,10,1019.0,0.0,0.0,1019.0,1019.0
per_content_trace,big_buck_bunny,stage56_evaluation_low_start,static,average_payload_bitrate_kbps,higher,10,1019.4377333333334,0.0,0.0,1019.4377333333334,1019.4377333333334
per_content_trace,big_buck_bunny,stage56_evaluation_low_start,static,buffer_mean_s,descriptive,10,3.986645193455351,0.0,0.0,3.986645193455351,3.986645193455351
per_content_trace,big_buck_bunny,stage56_evaluation_low_start,static,buffer_std_s,lower,10,1.4469711812476902,0.0,0.0,1.4469711812476902,1.4469711812476902
per_content_trace,big_buck_bunny,stage56_evaluation_low_start,static,mean_objective_reward,higher,10,-1.1048525589652887,0.0,0.0,-1.1048525589652887,-1.1048525589652887
per_content_trace,big_buck_bunny,stage56_evaluation_low_start,static,mean_quality_utility,higher,10,0.0,0.0,0.0,0.0,0.0
per_content_trace,big_buck_bunny,stage56_evaluation_low_start,static,mean_psnr_y_db,higher,10,42.874797916666665,0.0,0.0,42.874797916666665,42.874797916666665
per_content_trace,big_buck_bunny,stage56_evaluation_low_start,static,switch_count,lower,10,0.0,0.0,0.0,0.0,0.0
per_content_trace,big_buck_bunny,stage56_evaluation_low_start,static,high_representation_fraction_percent,descriptive,10,0.0,0.0,0.0,0.0,0.0
per_content_trace,big_buck_bunny,stage56_evaluation_low_start,throughput,startup_delay_s,lower,10,2.851962818260521,0.0,0.0,2.851962818260521,2.851962818260521
per_content_trace,big_buck_bunny,stage56_evaluation_low_start,throughput,rebuffering_s,lower,10,1.8201852033039334,0.0,0.0,1.8201852033039334,1.8201852033039334
per_content_trace,big_buck_bunny,stage56_evaluation_low_start,throughput,rebuffering_rate_percent,lower,10,3.0336420055065556,0.0,0.0,3.0336420055065556,3.0336420055065556
per_content_trace,big_buck_bunny,stage56_evaluation_low_start,throughput,average_bitrate_kbps,higher,10,1075.0833333333333,0.0,0.0,1075.0833333333333,1075.0833333333333
per_content_trace,big_buck_bunny,stage56_evaluation_low_start,throughput,average_payload_bitrate_kbps,higher,10,1082.858,0.0,0.0,1082.858,1082.858
per_content_trace,big_buck_bunny,stage56_evaluation_low_start,throughput,buffer_mean_s,descriptive,10,3.531757934319798,0.0,0.0,3.531757934319798,3.531757934319798
per_content_trace,big_buck_bunny,stage56_evaluation_low_start,throughput,buffer_std_s,lower,10,1.4151038245221423,0.0,0.0,1.4151038245221423,1.4151038245221423
per_content_trace,big_buck_bunny,stage56_evaluation_low_start,throughput,mean_objective_reward,higher,10,-1.4236198991027185,0.0,0.0,-1.4236198991027185,-1.4236198991027185
per_content_trace,big_buck_bunny,stage56_evaluation_low_start,throughput,mean_quality_utility,higher,10,0.03324841236041196,0.0,0.0,0.03324841236041196,0.03324841236041196
per_content_trace,big_buck_bunny,stage56_evaluation_low_start,throughput,mean_psnr_y_db,higher,10,43.088415866666665,0.0,0.0,43.088415866666665,43.088415866666665
per_content_trace,big_buck_bunny,stage56_evaluation_low_start,throughput,switch_count,lower,10,6.0,0.0,0.0,6.0,6.0
per_content_trace,big_buck_bunny,stage56_evaluation_low_start,throughput,high_representation_fraction_percent,descriptive,10,0.0,0.0,0.0,0.0,0.0
per_content_trace,big_buck_bunny,stage56_evaluation_low_start,bola-basic,startup_delay_s,lower,10,2.851962818260521,0.0,0.0,2.851962818260521,2.851962818260521
per_content_trace,big_buck_bunny,stage56_evaluation_low_start,bola-basic,rebuffering_s,lower,10,3.349454734434379,0.0,0.0,3.349454734434379,3.349454734434379
per_content_trace,big_buck_bunny,stage56_evaluation_low_start,bola-basic,rebuffering_rate_percent,lower,10,5.582424557390632,0.0,0.0,5.582424557390632,5.582424557390632
per_content_trace,big_buck_bunny,stage56_evaluation_low_start,bola-basic,average_bitrate_kbps,higher,10,1142.3833333333334,0.0,0.0,1142.3833333333334,1142.3833333333334
per_content_trace,big_buck_bunny,stage56_evaluation_low_start,bola-basic,average_payload_bitrate_kbps,higher,10,1151.8010666666667,0.0,0.0,1151.8010666666667,1151.8010666666667
per_content_trace,big_buck_bunny,stage56_evaluation_low_start,bola-basic,buffer_mean_s,descriptive,10,2.613351809206129,0.0,0.0,2.613351809206129,2.613351809206129
per_content_trace,big_buck_bunny,stage56_evaluation_low_start,bola-basic,buffer_std_s,lower,10,1.2233145896353266,0.0,0.0,1.2233145896353266,1.2233145896353266
per_content_trace,big_buck_bunny,stage56_evaluation_low_start,bola-basic,mean_objective_reward,higher,10,-1.8703144636826465,0.0,0.0,-1.8703144636826465,-1.8703144636826465
per_content_trace,big_buck_bunny,stage56_evaluation_low_start,bola-basic,mean_quality_utility,higher,10,0.07314650719290632,0.0,0.0,0.07314650719290632,0.07314650719290632
per_content_trace,big_buck_bunny,stage56_evaluation_low_start,bola-basic,mean_psnr_y_db,higher,10,43.32740315,0.0,0.0,43.32740315,43.32740315
per_content_trace,big_buck_bunny,stage56_evaluation_low_start,bola-basic,switch_count,lower,10,7.0,0.0,0.0,7.0,7.0
per_content_trace,big_buck_bunny,stage56_evaluation_low_start,bola-basic,high_representation_fraction_percent,descriptive,10,0.0,0.0,0.0,0.0,0.0
per_content_trace,big_buck_bunny,stage56_evaluation_low_start,robust-mpc,startup_delay_s,lower,10,3.9757797153661274,0.0,0.0,3.9757797153661274,3.9757797153661274
per_content_trace,big_buck_bunny,stage56_evaluation_low_start,robust-mpc,rebuffering_s,lower,10,0.46648500306173313,0.0,0.0,0.46648500306173313,0.46648500306173313
per_content_trace,big_buck_bunny,stage56_evaluation_low_start,robust-mpc,rebuffering_rate_percent,lower,10,0.7774750051028885,0.0,0.0,0.7774750051028885,0.7774750051028885
per_content_trace,big_buck_bunny,stage56_evaluation_low_start,robust-mpc,average_bitrate_kbps,higher,10,1090.3833333333334,0.0,0.0,1090.3833333333334,1090.3833333333334
per_content_trace,big_buck_bunny,stage56_evaluation_low_start,robust-mpc,average_payload_bitrate_kbps,higher,10,1090.9121333333335,0.0,0.0,1090.9121333333335,1090.9121333333335
per_content_trace,big_buck_bunny,stage56_evaluation_low_start,robust-mpc,buffer_mean_s,descriptive,10,3.952411584492796,0.0,0.0,3.952411584492796,3.952411584492796
per_content_trace,big_buck_bunny,stage56_evaluation_low_start,robust-mpc,buffer_std_s,lower,10,1.3956638712101228,0.0,0.0,1.3956638712101228,1.3956638712101228
per_content_trace,big_buck_bunny,stage56_evaluation_low_start,robust-mpc,mean_objective_reward,higher,10,-1.0919884329357572,0.0,0.0,-1.0919884329357572,-1.0919884329357572
per_content_trace,big_buck_bunny,stage56_evaluation_low_start,robust-mpc,mean_quality_utility,higher,10,0.03893228358347067,0.0,0.0,0.03893228358347067,0.03893228358347067
per_content_trace,big_buck_bunny,stage56_evaluation_low_start,robust-mpc,mean_psnr_y_db,higher,10,43.1226041,0.0,0.0,43.1226041,43.1226041
per_content_trace,big_buck_bunny,stage56_evaluation_low_start,robust-mpc,switch_count,lower,10,4.0,0.0,0.0,4.0,4.0
per_content_trace,big_buck_bunny,stage56_evaluation_low_start,robust-mpc,high_representation_fraction_percent,descriptive,10,0.0,0.0,0.0,0.0,0.0
per_content_trace,big_buck_bunny,stage56_evaluation_low_start,q-learning,startup_delay_s,lower,10,2.851962818260521,0.0,0.0,2.851962818260521,2.851962818260521
per_content_trace,big_buck_bunny,stage56_evaluation_low_start,q-learning,rebuffering_s,lower,10,15.317258391814724,5.182770506577921,3.707273094183332,11.609985297631392,19.024531485998054
per_content_trace,big_buck_bunny,stage56_evaluation_low_start,q-learning,rebuffering_rate_percent,lower,10,25.528763986357877,8.637950844296535,6.178788490305554,19.349975496052323,31.70755247666343
per_content_trace,big_buck_bunny,stage56_evaluation_low_start,q-learning,average_bitrate_kbps,higher,10,1513.0083333333334,85.55088921257176,61.19516759591987,1451.8131657374136,1574.2035009292533
per_content_trace,big_buck_bunny,stage56_evaluation_low_start,q-learning,average_payload_bitrate_kbps,higher,10,1504.17904,90.71381533729082,64.88824586074647,1439.2907941392534,1569.0672858607466
per_content_trace,big_buck_bunny,stage56_evaluation_low_start,q-learning,buffer_mean_s,descriptive,10,1.5437659992642863,0.10200541694017738,0.07296520986281621,1.47080078940147,1.6167312091271024
per_content_trace,big_buck_bunny,stage56_evaluation_low_start,q-learning,buffer_std_s,lower,10,0.7786757129183304,0.04016431370292139,0.02872982304506767,0.7499458898732627,0.807405535963398
per_content_trace,big_buck_bunny,stage56_evaluation_low_start,q-learning,mean_objective_reward,higher,10,-3.980992947869082,0.8437228745974457,0.6035210526825786,-4.5845140005516605,-3.3774718951865035
per_content_trace,big_buck_bunny,stage56_evaluation_low_start,q-learning,mean_quality_utility,higher,10,0.2565589245618483,0.04538853956816134,0.03246674945605954,0.22409217510578877,0.28902567401790785
per_content_trace,big_buck_bunny,stage56_evaluation_low_start,q-learning,mean_psnr_y_db,higher,10,44.262627599999995,0.30476700346353913,0.21800203395100304,44.04462556604899,44.480629633951
per_content_trace,big_buck_bunny,stage56_evaluation_low_start,q-learning,switch_count,lower,10,23.6,7.411702458499891,5.301644182704079,18.29835581729592,28.901644182704082
per_content_trace,big_buck_bunny,stage56_evaluation_low_start,q-learning,high_representation_fraction_percent,descriptive,10,1.0,2.1081851067789197,1.508,-0.508,2.508
per_content_trace,big_buck_bunny,stage56_evaluation_mixed_start,static,startup_delay_s,lower,10,1.7073510311174505,0.0,0.0,1.7073510311174505,1.7073510311174505
per_content_trace,big_buck_bunny,stage56_evaluation_mixed_start,static,rebuffering_s,lower,10,0.0,0.0,0.0,0.0,0.0
per_content_trace,big_buck_bunny,stage56_evaluation_mixed_start,static,rebuffering_rate_percent,lower,10,0.0,0.0,0.0,0.0,0.0
per_content_trace,big_buck_bunny,stage56_evaluation_mixed_start,static,average_bitrate_kbps,higher,10,2711.633333333333,0.0,0.0,2711.633333333333,2711.633333333333
per_content_trace,big_buck_bunny,stage56_evaluation_mixed_start,static,average_payload_bitrate_kbps,higher,10,2733.8700000000003,0.0,0.0,2733.8700000000003,2733.8700000000003
per_content_trace,big_buck_bunny,stage56_evaluation_mixed_start,static,buffer_mean_s,descriptive,10,12.584085850498559,0.0,0.0,12.584085850498559,12.584085850498559
per_content_trace,big_buck_bunny,stage56_evaluation_mixed_start,static,buffer_std_s,lower,10,5.095644014638611,0.0,0.0,5.095644014638611,5.095644014638611
per_content_trace,big_buck_bunny,stage56_evaluation_mixed_start,static,mean_objective_reward,higher,10,0.5024485047139094,0.0,0.0,0.5024485047139094,0.5024485047139094
per_content_trace,big_buck_bunny,stage56_evaluation_mixed_start,static,mean_quality_utility,higher,10,0.6523165695005567,0.0,0.0,0.6523165695005567,0.6523165695005567
per_content_trace,big_buck_bunny,stage56_evaluation_mixed_start,static,mean_psnr_y_db,higher,10,46.45673158333333,0.0,0.0,46.45673158333333,46.45673158333333
per_content_trace,big_buck_bunny,stage56_evaluation_mixed_start,static,switch_count,lower,10,3.0,0.0,0.0,3.0,3.0
per_content_trace,big_buck_bunny,stage56_evaluation_mixed_start,static,high_representation_fraction_percent,descriptive,10,63.333333333333336,0.0,0.0,63.333333333333336,63.333333333333336
per_content_trace,big_buck_bunny,stage56_evaluation_mixed_start,throughput,startup_delay_s,lower,10,2.447545217574185,0.0,0.0,2.447545217574185,2.447545217574185
per_content_trace,big_buck_bunny,stage56_evaluation_mixed_start,throughput,rebuffering_s,lower,10,0.0,0.0,0.0,0.0,0.0
per_content_trace,big_buck_bunny,stage56_evaluation_mixed_start,throughput,rebuffering_rate_percent,lower,10,0.0,0.0,0.0,0.0,0.0
per_content_trace,big_buck_bunny,stage56_evaluation_mixed_start,throughput,average_bitrate_kbps,higher,10,2497.8166666666666,0.0,0.0,2497.8166666666666,2497.8166666666666
per_content_trace,big_buck_bunny,stage56_evaluation_mixed_start,throughput,average_payload_bitrate_kbps,higher,10,2472.7336,0.0,0.0,2472.7336,2472.7336
per_content_trace,big_buck_bunny,stage56_evaluation_mixed_start,throughput,buffer_mean_s,descriptive,10,11.573495225117217,0.0,0.0,11.573495225117217,11.573495225117217
per_content_trace,big_buck_bunny,stage56_evaluation_mixed_start,throughput,buffer_std_s,lower,10,5.915349862028561,0.0,0.0,5.915349862028561,5.915349862028561
per_content_trace,big_buck_bunny,stage56_evaluation_mixed_start,throughput,mean_objective_reward,higher,10,0.3304304116036324,0.0,0.0,0.3304304116036324,0.3304304116036324
per_content_trace,big_buck_bunny,stage56_evaluation_mixed_start,throughput,mean_quality_utility,higher,10,0.6360993007598855,0.0,0.0,0.6360993007598855,0.6360993007598855
per_content_trace,big_buck_bunny,stage56_evaluation_mixed_start,throughput,mean_psnr_y_db,higher,10,46.43826756666667,0.0,0.0,46.43826756666667,46.43826756666667
per_content_trace,big_buck_bunny,stage56_evaluation_mixed_start,throughput,switch_count,lower,10,11.0,0.0,0.0,11.0,11.0
per_content_trace,big_buck_bunny,stage56_evaluation_mixed_start,throughput,high_representation_fraction_percent,descriptive,10,33.333333333333336,0.0,0.0,33.333333333333336,33.333333333333336
per_content_trace,big_buck_bunny,stage56_evaluation_mixed_start,bola-basic,startup_delay_s,lower,10,1.7073510311174505,0.0,0.0,1.7073510311174505,1.7073510311174505
per_content_trace,big_buck_bunny,stage56_evaluation_mixed_start,bola-basic,rebuffering_s,lower,10,0.0,0.0,0.0,0.0,0.0
per_content_trace,big_buck_bunny,stage56_evaluation_mixed_start,bola-basic,rebuffering_rate_percent,lower,10,0.0,0.0,0.0,0.0,0.0
per_content_trace,big_buck_bunny,stage56_evaluation_mixed_start,bola-basic,average_bitrate_kbps,higher,10,2593.5833333333335,0.0,0.0,2593.5833333333335,2593.5833333333335
per_content_trace,big_buck_bunny,stage56_evaluation_mixed_start,bola-basic,average_payload_bitrate_kbps,higher,10,2620.8543999999997,0.0,0.0,2620.8543999999997,2620.8543999999997
per_content_trace,big_buck_bunny,stage56_evaluation_mixed_start,bola-basic,buffer_mean_s,descriptive,10,10.617630848545518,0.0,0.0,10.617630848545518,10.617630848545518
per_content_trace,big_buck_bunny,stage56_evaluation_mixed_start,bola-basic,buffer_std_s,lower,10,5.513778359345202,0.0,0.0,5.513778359345202,5.513778359345202
per_content_trace,big_buck_bunny,stage56_evaluation_mixed_start,bola-basic,mean_objective_reward,higher,10,0.3319238368924196,0.0,0.0,0.3319238368924196,0.3319238368924196
per_content_trace,big_buck_bunny,stage56_evaluation_mixed_start,bola-basic,mean_quality_utility,higher,10,0.6626788428355532,0.0,0.0,0.6626788428355532,0.6626788428355532
per_content_trace,big_buck_bunny,stage56_evaluation_mixed_start,bola-basic,mean_psnr_y_db,higher,10,46.56477825,0.0,0.0,46.56477825,46.56477825
per_content_trace,big_buck_bunny,stage56_evaluation_mixed_start,bola-basic,switch_count,lower,10,5.0,0.0,0.0,5.0,5.0
per_content_trace,big_buck_bunny,stage56_evaluation_mixed_start,bola-basic,high_representation_fraction_percent,descriptive,10,45.0,0.0,0.0,45.0,45.0
per_content_trace,big_buck_bunny,stage56_evaluation_mixed_start,robust-mpc,startup_delay_s,lower,10,4.336809508578389,0.0,0.0,4.336809508578389,4.336809508578389
per_content_trace,big_buck_bunny,stage56_evaluation_mixed_start,robust-mpc,rebuffering_s,lower,10,0.0,0.0,0.0,0.0,0.0
per_content_trace,big_buck_bunny,stage56_evaluation_mixed_start,robust-mpc,rebuffering_rate_percent,lower,10,0.0,0.0,0.0,0.0,0.0
per_content_trace,big_buck_bunny,stage56_evaluation_mixed_start,robust-mpc,average_bitrate_kbps,higher,10,2788.0,0.0,0.0,2788.0,2788.0
per_content_trace,big_buck_bunny,stage56_evaluation_mixed_start,robust-mpc,average_payload_bitrate_kbps,higher,10,2792.454533333333,0.0,0.0,2792.454533333333,2792.454533333333
per_content_trace,big_buck_bunny,stage56_evaluation_mixed_start,robust-mpc,buffer_mean_s,descriptive,10,12.022121581608285,0.0,0.0,12.022121581608285,12.022121581608285
per_content_trace,big_buck_bunny,stage56_evaluation_mixed_start,robust-mpc,buffer_std_s,lower,10,5.577225218487591,0.0,0.0,5.577225218487591,5.577225218487591
per_content_trace,big_buck_bunny,stage56_evaluation_mixed_start,robust-mpc,mean_objective_reward,higher,10,0.4529093055708028,0.0,0.0,0.4529093055708028,0.4529093055708028
per_content_trace,big_buck_bunny,stage56_evaluation_mixed_start,robust-mpc,mean_quality_utility,higher,10,0.7114979265298628,0.0,0.0,0.7114979265298628,0.7114979265298628
per_content_trace,big_buck_bunny,stage56_evaluation_mixed_start,robust-mpc,mean_psnr_y_db,higher,10,46.76701693333334,0.0,0.0,46.76701693333334,46.76701693333334
per_content_trace,big_buck_bunny,stage56_evaluation_mixed_start,robust-mpc,switch_count,lower,10,6.0,0.0,0.0,6.0,6.0
per_content_trace,big_buck_bunny,stage56_evaluation_mixed_start,robust-mpc,high_representation_fraction_percent,descriptive,10,58.333333333333336,0.0,0.0,58.333333333333336,58.333333333333336
per_content_trace,big_buck_bunny,stage56_evaluation_mixed_start,q-learning,startup_delay_s,lower,10,1.7073510311174505,0.0,0.0,1.7073510311174505,1.7073510311174505
per_content_trace,big_buck_bunny,stage56_evaluation_mixed_start,q-learning,rebuffering_s,lower,10,1.2347719387641567,2.6032906213618077,1.862152542672948,-0.6273806039087912,3.096924481437105
per_content_trace,big_buck_bunny,stage56_evaluation_mixed_start,q-learning,rebuffering_rate_percent,lower,10,2.0579532312735944,4.338817702269679,3.10358757112158,-1.0456343398479855,5.161540802395175
per_content_trace,big_buck_bunny,stage56_evaluation_mixed_start,q-learning,average_bitrate_kbps,higher,10,2539.2033333333334,146.00926737879973,104.44148120543571,2434.761852127898,2643.644814538769
per_content_trace,big_buck_bunny,stage56_evaluation_mixed_start,q-learning,average_payload_bitrate_kbps,higher,10,2525.7309866666665,151.6357719044799,108.46616044135418,2417.2648262253124,2634.1971471080205
per_content_trace,big_buck_bunny,stage56_evaluation_mixed_start,q-learning,buffer_mean_s,descriptive,10,9.38060706071676,1.061183941171753,0.759072520786392,8.62153453993037,10.139679581503152
per_content_trace,big_buck_bunny,stage56_evaluation_mixed_start,q-learning,buffer_std_s,lower,10,5.586736219101526,0.42994282730283495,0.3075412028516272,5.279195016249899,5.894277421953154
per_content_trace,big_buck_bunny,stage56_evaluation_mixed_start,q-learning,mean_objective_reward,higher,10,-0.07574597227377129,0.4571999825131739,0.32703844240854324,-0.4027844146823145,0.25129247013477196
per_content_trace,big_buck_bunny,stage56_evaluation_mixed_start,q-learning,mean_quality_utility,higher,10,0.6373374388878367,0.05539005308672182,0.039620904154094236,0.5977165347337424,0.6769583430419309
per_content_trace,big_buck_bunny,stage56_evaluation_mixed_start,q-learning,mean_psnr_y_db,higher,10,46.459472784999996,0.27918146721401654,0.19970051548366566,46.25977226951633,46.65917330048366
per_content_trace,big_buck_bunny,stage56_evaluation_mixed_start,q-learning,switch_count,lower,10,23.0,5.456901847914967,3.9033612182323068,19.096638781767695,26.903361218232305
per_content_trace,big_buck_bunny,stage56_evaluation_mixed_start,q-learning,high_representation_fraction_percent,descriptive,10,40.16666666666667,7.635605354901631,5.461803538107983,34.704863128558685,45.62847020477466
per_content_trace,big_buck_bunny,stage56_evaluation_high_start,static,startup_delay_s,lower,10,0.6473731938179587,0.0,0.0,0.6473731938179587,0.6473731938179587
per_content_trace,big_buck_bunny,stage56_evaluation_high_start,static,rebuffering_s,lower,10,0.0,0.0,0.0,0.0,0.0
per_content_trace,big_buck_bunny,stage56_evaluation_high_start,static,rebuffering_rate_percent,lower,10,0.0,0.0,0.0,0.0,0.0
per_content_trace,big_buck_bunny,stage56_evaluation_high_start,static,average_bitrate_kbps,higher,10,3016.483333333333,0.0,0.0,3016.483333333333,3016.483333333333
per_content_trace,big_buck_bunny,stage56_evaluation_high_start,static,average_payload_bitrate_kbps,higher,10,3029.1236,0.0,0.0,3029.1236,3029.1236
per_content_trace,big_buck_bunny,stage56_evaluation_high_start,static,buffer_mean_s,descriptive,10,8.851602183401448,0.0,0.0,8.851602183401448,8.851602183401448
per_content_trace,big_buck_bunny,stage56_evaluation_high_start,static,buffer_std_s,lower,10,3.199314058865678,0.0,0.0,3.199314058865678,3.199314058865678
per_content_trace,big_buck_bunny,stage56_evaluation_high_start,static,mean_objective_reward,higher,10,0.5500075589902839,0.0,0.0,0.5500075589902839,0.5500075589902839
per_content_trace,big_buck_bunny,stage56_evaluation_high_start,static,mean_quality_utility,higher,10,0.7689832361672234,0.0,0.0,0.7689832361672234,0.7689832361672234
per_content_trace,big_buck_bunny,stage56_evaluation_high_start,static,mean_psnr_y_db,higher,10,47.16944988333333,0.0,0.0,47.16944988333333,47.16944988333333
per_content_trace,big_buck_bunny,stage56_evaluation_high_start,static,switch_count,lower,10,3.0,0.0,0.0,3.0,3.0
per_content_trace,big_buck_bunny,stage56_evaluation_high_start,static,high_representation_fraction_percent,descriptive,10,75.0,0.0,0.0,75.0,75.0
per_content_trace,big_buck_bunny,stage56_evaluation_high_start,throughput,startup_delay_s,lower,10,1.6989554713602282,0.0,0.0,1.6989554713602282,1.6989554713602282
per_content_trace,big_buck_bunny,stage56_evaluation_high_start,throughput,rebuffering_s,lower,10,0.0,0.0,0.0,0.0,0.0
per_content_trace,big_buck_bunny,stage56_evaluation_high_start,throughput,rebuffering_rate_percent,lower,10,0.0,0.0,0.0,0.0,0.0
per_content_trace,big_buck_bunny,stage56_evaluation_high_start,throughput,average_bitrate_kbps,higher,10,2671.8166666666666,0.0,0.0,2671.8166666666666,2671.8166666666666
per_content_trace,big_buck_bunny,stage56_evaluation_high_start,throughput,average_payload_bitrate_kbps,higher,10,2687.2466666666664,0.0,0.0,2687.2466666666664,2687.2466666666664
per_content_trace,big_buck_bunny,stage56_evaluation_high_start,throughput,buffer_mean_s,descriptive,10,11.304991324962879,0.0,0.0,11.304991324962879,11.304991324962879
per_content_trace,big_buck_bunny,stage56_evaluation_high_start,throughput,buffer_std_s,lower,10,5.648785465682222,0.0,0.0,5.648785465682222,5.648785465682222
per_content_trace,big_buck_bunny,stage56_evaluation_high_start,throughput,mean_objective_reward,higher,10,0.3673888020278352,0.0,0.0,0.3673888020278352,0.3673888020278352
per_content_trace,big_buck_bunny,stage56_evaluation_high_start,throughput,mean_quality_utility,higher,10,0.6897474406993136,0.0,0.0,0.6897474406993136,0.6897474406993136
per_content_trace,big_buck_bunny,stage56_evaluation_high_start,throughput,mean_psnr_y_db,higher,10,47.06756665,0.0,0.0,47.06756665,47.06756665
per_content_trace,big_buck_bunny,stage56_evaluation_high_start,throughput,switch_count,lower,10,13.0,0.0,0.0,13.0,13.0
per_content_trace,big_buck_bunny,stage56_evaluation_high_start,throughput,high_representation_fraction_percent,descriptive,10,46.666666666666664,0.0,0.0,46.666666666666664,46.666666666666664
per_content_trace,big_buck_bunny,stage56_evaluation_high_start,bola-basic,startup_delay_s,lower,10,0.6473731938179587,0.0,0.0,0.6473731938179587,0.6473731938179587
per_content_trace,big_buck_bunny,stage56_evaluation_high_start,bola-basic,rebuffering_s,lower,10,0.0,0.0,0.0,0.0,0.0
per_content_trace,big_buck_bunny,stage56_evaluation_high_start,bola-basic,rebuffering_rate_percent,lower,10,0.0,0.0,0.0,0.0,0.0
per_content_trace,big_buck_bunny,stage56_evaluation_high_start,bola-basic,average_bitrate_kbps,higher,10,2792.0666666666666,0.0,0.0,2792.0666666666666,2792.0666666666666
per_content_trace,big_buck_bunny,stage56_evaluation_high_start,bola-basic,average_payload_bitrate_kbps,higher,10,2787.207066666667,0.0,0.0,2787.207066666667,2787.207066666667
per_content_trace,big_buck_bunny,stage56_evaluation_high_start,bola-basic,buffer_mean_s,descriptive,10,10.310022933792855,0.0,0.0,10.310022933792855,10.310022933792855
per_content_trace,big_buck_bunny,stage56_evaluation_high_start,bola-basic,buffer_std_s,lower,10,4.006918523711357,0.0,0.0,4.006918523711357,4.006918523711357
per_content_trace,big_buck_bunny,stage56_evaluation_high_start,bola-basic,mean_objective_reward,higher,10,0.5754790434953275,0.0,0.0,0.5754790434953275,0.5754790434953275
per_content_trace,big_buck_bunny,stage56_evaluation_high_start,bola-basic,mean_quality_utility,higher,10,0.7478519902085125,0.0,0.0,0.7478519902085125,0.7478519902085125
per_content_trace,big_buck_bunny,stage56_evaluation_high_start,bola-basic,mean_psnr_y_db,higher,10,47.10346071666667,0.0,0.0,47.10346071666667,47.10346071666667
per_content_trace,big_buck_bunny,stage56_evaluation_high_start,bola-basic,switch_count,lower,10,7.0,0.0,0.0,7.0,7.0
per_content_trace,big_buck_bunny,stage56_evaluation_high_start,bola-basic,high_representation_fraction_percent,descriptive,10,41.666666666666664,0.0,0.0,41.666666666666664,41.666666666666664
per_content_trace,big_buck_bunny,stage56_evaluation_high_start,robust-mpc,startup_delay_s,lower,10,1.6989554713602282,0.0,0.0,1.6989554713602282,1.6989554713602282
per_content_trace,big_buck_bunny,stage56_evaluation_high_start,robust-mpc,rebuffering_s,lower,10,0.0,0.0,0.0,0.0,0.0
per_content_trace,big_buck_bunny,stage56_evaluation_high_start,robust-mpc,rebuffering_rate_percent,lower,10,0.0,0.0,0.0,0.0,0.0
per_content_trace,big_buck_bunny,stage56_evaluation_high_start,robust-mpc,average_bitrate_kbps,higher,10,2883.75,0.0,0.0,2883.75,2883.75
per_content_trace,big_buck_bunny,stage56_evaluation_high_start,robust-mpc,average_payload_bitrate_kbps,higher,10,2853.24,0.0,0.0,2853.24,2853.24
per_content_trace,big_buck_bunny,stage56_evaluation_high_start,robust-mpc,buffer_mean_s,descriptive,10,11.3518395528846,0.0,0.0,11.3518395528846,11.3518395528846
per_content_trace,big_buck_bunny,stage56_evaluation_high_start,robust-mpc,buffer_std_s,lower,10,4.721182259732989,0.0,0.0,4.721182259732989,4.721182259732989
per_content_trace,big_buck_bunny,stage56_evaluation_high_start,robust-mpc,mean_objective_reward,higher,10,0.5427791663643332,0.0,0.0,0.5427791663643332,0.5427791663643332
per_content_trace,big_buck_bunny,stage56_evaluation_high_start,robust-mpc,mean_quality_utility,higher,10,0.7753973435332037,0.0,0.0,0.7753973435332037,0.7753973435332037
per_content_trace,big_buck_bunny,stage56_evaluation_high_start,robust-mpc,mean_psnr_y_db,higher,10,47.30823778333333,0.0,0.0,47.30823778333333,47.30823778333333
per_content_trace,big_buck_bunny,stage56_evaluation_high_start,robust-mpc,switch_count,lower,10,9.0,0.0,0.0,9.0,9.0
per_content_trace,big_buck_bunny,stage56_evaluation_high_start,robust-mpc,high_representation_fraction_percent,descriptive,10,53.333333333333336,0.0,0.0,53.333333333333336,53.333333333333336
per_content_trace,big_buck_bunny,stage56_evaluation_high_start,q-learning,startup_delay_s,lower,10,0.6473731938179587,0.0,0.0,0.6473731938179587,0.6473731938179587
per_content_trace,big_buck_bunny,stage56_evaluation_high_start,q-learning,rebuffering_s,lower,10,0.0,0.0,0.0,0.0,0.0
per_content_trace,big_buck_bunny,stage56_evaluation_high_start,q-learning,rebuffering_rate_percent,lower,10,0.0,0.0,0.0,0.0,0.0
per_content_trace,big_buck_bunny,stage56_evaluation_high_start,q-learning,average_bitrate_kbps,higher,10,2487.9933333333333,352.8687373724326,252.4095508722475,2235.583782461086,2740.402884205581
per_content_trace,big_buck_bunny,stage56_evaluation_high_start,q-learning,average_payload_bitrate_kbps,higher,10,2490.12616,350.05027777230697,250.3934864084001,2239.7326735916,2740.5196464083997
per_content_trace,big_buck_bunny,stage56_evaluation_high_start,q-learning,buffer_mean_s,descriptive,10,11.848706512970715,1.9330943137763203,1.3827562939331548,10.465950219037559,13.23146280690387
per_content_trace,big_buck_bunny,stage56_evaluation_high_start,q-learning,buffer_std_s,lower,10,4.760025169233712,0.9289270776486895,0.6644682331688271,4.095556936064885,5.424493402402539
per_content_trace,big_buck_bunny,stage56_evaluation_high_start,q-learning,mean_objective_reward,higher,10,0.388114095705768,0.13655176498253116,0.09767646158371772,0.29043763412205026,0.4857905572894857
per_content_trace,big_buck_bunny,stage56_evaluation_high_start,q-learning,mean_quality_utility,higher,10,0.6209147588310502,0.13050596207695647,0.09335185519489045,0.5275629036361598,0.7142666140259406
per_content_trace,big_buck_bunny,stage56_evaluation_high_start,q-learning,mean_psnr_y_db,higher,10,46.46784277,0.6788777073894612,0.48560611658408104,45.98223665341592,46.95344888658408
per_content_trace,big_buck_bunny,stage56_evaluation_high_start,q-learning,switch_count,lower,10,23.9,5.724217559340898,4.094574073087457,19.80542592691254,27.994574073087456
per_content_trace,big_buck_bunny,stage56_evaluation_high_start,q-learning,high_representation_fraction_percent,descriptive,10,36.33333333333333,15.748799679912901,11.265229908390191,25.06810342494314,47.59856324172352
per_content_trace,elephants_dream,stage56_evaluation_low_start,static,startup_delay_s,lower,10,2.334045931843984,0.0,0.0,2.334045931843984,2.334045931843984
per_content_trace,elephants_dream,stage56_evaluation_low_start,static,rebuffering_s,lower,10,6.235932899165204,0.0,0.0,6.235932899165204,6.235932899165204
per_content_trace,elephants_dream,stage56_evaluation_low_start,static,rebuffering_rate_percent,lower,10,10.393221498608673,0.0,0.0,10.393221498608673,10.393221498608673
per_content_trace,elephants_dream,stage56_evaluation_low_start,static,average_bitrate_kbps,higher,10,1142.3,0.0,0.0,1142.3,1142.3
per_content_trace,elephants_dream,stage56_evaluation_low_start,static,average_payload_bitrate_kbps,higher,10,1142.6414666666667,0.0,0.0,1142.6414666666667,1142.6414666666667
per_content_trace,elephants_dream,stage56_evaluation_low_start,static,buffer_mean_s,descriptive,10,4.619489004017736,0.0,0.0,4.619489004017736,4.619489004017736
per_content_trace,elephants_dream,stage56_evaluation_low_start,static,buffer_std_s,lower,10,2.5555620448602494,0.0,0.0,2.5555620448602494,2.5555620448602494
per_content_trace,elephants_dream,stage56_evaluation_low_start,static,mean_objective_reward,higher,10,-1.9117753602793186,0.0,0.0,-1.9117753602793186,-1.9117753602793186
per_content_trace,elephants_dream,stage56_evaluation_low_start,static,mean_quality_utility,higher,10,0.034837212369964315,0.0,0.0,0.034837212369964315,0.034837212369964315
per_content_trace,elephants_dream,stage56_evaluation_low_start,static,mean_psnr_y_db,higher,10,42.687064183333334,0.0,0.0,42.687064183333334,42.687064183333334
per_content_trace,elephants_dream,stage56_evaluation_low_start,static,switch_count,lower,10,2.0,0.0,0.0,2.0,2.0
per_content_trace,elephants_dream,stage56_evaluation_low_start,static,high_representation_fraction_percent,descriptive,10,0.0,0.0,0.0,0.0,0.0
per_content_trace,elephants_dream,stage56_evaluation_low_start,throughput,startup_delay_s,lower,10,2.334045931843984,0.0,0.0,2.334045931843984,2.334045931843984
per_content_trace,elephants_dream,stage56_evaluation_low_start,throughput,rebuffering_s,lower,10,0.8123791798965989,0.0,0.0,0.8123791798965989,0.8123791798965989
per_content_trace,elephants_dream,stage56_evaluation_low_start,throughput,rebuffering_rate_percent,lower,10,1.3539652998276648,0.0,0.0,1.3539652998276648,1.3539652998276648
per_content_trace,elephants_dream,stage56_evaluation_low_start,throughput,average_bitrate_kbps,higher,10,1064.0,0.0,0.0,1064.0,1064.0
per_content_trace,elephants_dream,stage56_evaluation_low_start,throughput,average_payload_bitrate_kbps,higher,10,1063.5448000000001,0.0,0.0,1063.5448000000001,1063.5448000000001
per_content_trace,elephants_dream,stage56_evaluation_low_start,throughput,buffer_mean_s,descriptive,10,5.31821541889503,0.0,0.0,5.31821541889503,5.31821541889503
per_content_trace,elephants_dream,stage56_evaluation_low_start,throughput,buffer_std_s,lower,10,2.473116407077403,0.0,0.0,2.473116407077403,2.473116407077403
per_content_trace,elephants_dream,stage56_evaluation_low_start,throughput,mean_objective_reward,higher,10,-0.8852759823116317,0.0,0.0,-0.8852759823116317,-0.8852759823116317
per_content_trace,elephants_dream,stage56_evaluation_low_start,throughput,mean_quality_utility,higher,10,0.0,0.0,0.0,0.0,0.0
per_content_trace,elephants_dream,stage56_evaluation_low_start,throughput,mean_psnr_y_db,higher,10,42.56270983333333,0.0,0.0,42.56270983333333,42.56270983333333
per_content_trace,elephants_dream,stage56_evaluation_low_start,throughput,switch_count,lower,10,0.0,0.0,0.0,0.0,0.0
per_content_trace,elephants_dream,stage56_evaluation_low_start,throughput,high_representation_fraction_percent,descriptive,10,0.0,0.0,0.0,0.0,0.0
per_content_trace,elephants_dream,stage56_evaluation_low_start,bola-basic,startup_delay_s,lower,10,2.334045931843984,0.0,0.0,2.334045931843984,2.334045931843984
per_content_trace,elephants_dream,stage56_evaluation_low_start,bola-basic,rebuffering_s,lower,10,5.992119674764119,0.0,0.0,5.992119674764119,5.992119674764119
per_content_trace,elephants_dream,stage56_evaluation_low_start,bola-basic,rebuffering_rate_percent,lower,10,9.986866124606866,0.0,0.0,9.986866124606866,9.986866124606866
per_content_trace,elephants_dream,stage56_evaluation_low_start,bola-basic,average_bitrate_kbps,higher,10,1168.4,0.0,0.0,1168.4,1168.4
per_content_trace,elephants_dream,stage56_evaluation_low_start,bola-basic,average_payload_bitrate_kbps,higher,10,1164.8638666666666,0.0,0.0,1164.8638666666666,1164.8638666666666
per_content_trace,elephants_dream,stage56_evaluation_low_start,bola-basic,buffer_mean_s,descriptive,10,3.5636386996782137,0.0,0.0,3.5636386996782137,3.5636386996782137
per_content_trace,elephants_dream,stage56_evaluation_low_start,bola-basic,buffer_std_s,lower,10,1.5486467134475144,0.0,0.0,1.5486467134475144,1.5486467134475144
per_content_trace,elephants_dream,stage56_evaluation_low_start,bola-basic,mean_objective_reward,higher,10,-2.0945658865706553,0.0,0.0,-2.0945658865706553,-2.0945658865706553
per_content_trace,elephants_dream,stage56_evaluation_low_start,bola-basic,mean_quality_utility,higher,10,0.04644961649328576,0.0,0.0,0.04644961649328576,0.04644961649328576
per_content_trace,elephants_dream,stage56_evaluation_low_start,bola-basic,mean_psnr_y_db,higher,10,42.78931621666666,0.0,0.0,42.78931621666666,42.78931621666666
per_content_trace,elephants_dream,stage56_evaluation_low_start,bola-basic,switch_count,lower,10,6.0,0.0,0.0,6.0,6.0
per_content_trace,elephants_dream,stage56_evaluation_low_start,bola-basic,high_representation_fraction_percent,descriptive,10,0.0,0.0,0.0,0.0,0.0
per_content_trace,elephants_dream,stage56_evaluation_low_start,robust-mpc,startup_delay_s,lower,10,2.334045931843984,0.0,0.0,2.334045931843984,2.334045931843984
per_content_trace,elephants_dream,stage56_evaluation_low_start,robust-mpc,rebuffering_s,lower,10,2.7474709719848036,0.0,0.0,2.7474709719848036,2.7474709719848036
per_content_trace,elephants_dream,stage56_evaluation_low_start,robust-mpc,rebuffering_rate_percent,lower,10,4.5791182866413385,0.0,0.0,4.5791182866413385,4.5791182866413385
per_content_trace,elephants_dream,stage56_evaluation_low_start,robust-mpc,average_bitrate_kbps,higher,10,1240.4166666666667,0.0,0.0,1240.4166666666667,1240.4166666666667
per_content_trace,elephants_dream,stage56_evaluation_low_start,robust-mpc,average_payload_bitrate_kbps,higher,10,1109.9846666666667,0.0,0.0,1109.9846666666667,1109.9846666666667
per_content_trace,elephants_dream,stage56_evaluation_low_start,robust-mpc,buffer_mean_s,descriptive,10,4.7750377598939755,0.0,0.0,4.7750377598939755,4.7750377598939755
per_content_trace,elephants_dream,stage56_evaluation_low_start,robust-mpc,buffer_std_s,lower,10,2.1746945249036367,0.0,0.0,2.1746945249036367,2.1746945249036367
per_content_trace,elephants_dream,stage56_evaluation_low_start,robust-mpc,mean_objective_reward,higher,10,-1.2583672486908564,0.0,0.0,-1.2583672486908564,-1.2583672486908564
per_content_trace,elephants_dream,stage56_evaluation_low_start,robust-mpc,mean_quality_utility,higher,10,0.05075193951831549,0.0,0.0,0.05075193951831549,0.05075193951831549
per_content_trace,elephants_dream,stage56_evaluation_low_start,robust-mpc,mean_psnr_y_db,higher,10,42.707530633333334,0.0,0.0,42.707530633333334,42.707530633333334
per_content_trace,elephants_dream,stage56_evaluation_low_start,robust-mpc,switch_count,lower,10,4.0,0.0,0.0,4.0,4.0
per_content_trace,elephants_dream,stage56_evaluation_low_start,robust-mpc,high_representation_fraction_percent,descriptive,10,3.3333333333333335,0.0,0.0,3.3333333333333335,3.3333333333333335
per_content_trace,elephants_dream,stage56_evaluation_low_start,q-learning,startup_delay_s,lower,10,2.334045931843984,0.0,0.0,2.334045931843984,2.334045931843984
per_content_trace,elephants_dream,stage56_evaluation_low_start,q-learning,rebuffering_s,lower,10,1.770174732890806,0.5190257226346768,0.37126283987887576,1.3989118930119302,2.1414375727696817
per_content_trace,elephants_dream,stage56_evaluation_low_start,q-learning,rebuffering_rate_percent,lower,10,2.950291221484677,0.8650428710577945,0.6187713997981262,2.3315198216865505,3.569062621282803
per_content_trace,elephants_dream,stage56_evaluation_low_start,q-learning,average_bitrate_kbps,higher,10,1176.7333333333331,64.26264683140417,45.967534402053815,1130.7657989312793,1222.700867735387
per_content_trace,elephants_dream,stage56_evaluation_low_start,q-learning,average_payload_bitrate_kbps,higher,10,1157.03156,48.14111713474183,34.43568802651813,1122.5958719734817,1191.467248026518
per_content_trace,elephants_dream,stage56_evaluation_low_start,q-learning,buffer_mean_s,descriptive,10,4.899344845835894,0.1461098157214901,0.10451340415958688,4.794831441676307,5.0038582499954805
per_content_trace,elephants_dream,stage56_evaluation_low_start,q-learning,buffer_std_s,lower,10,2.53121845751284,0.1681206650449212,0.12025792330688723,2.4109605342059526,2.6514763808197275
per_content_trace,elephants_dream,stage56_evaluation_low_start,q-learning,mean_objective_reward,higher,10,-1.0921366889548438,0.0990480753226632,0.07084980209104551,-1.1629864910458894,-1.0212868868637983
per_content_trace,elephants_dream,stage56_evaluation_low_start,q-learning,mean_quality_utility,higher,10,0.048626160479200806,0.026227484213614656,0.018760708472398163,0.029865452006802642,0.06738686895159897
per_content_trace,elephants_dream,stage56_evaluation_low_start,q-learning,mean_psnr_y_db,higher,10,42.78361970666667,0.11415946180793787,0.08165908574764613,42.701960620919024,42.865278792414315
per_content_trace,elephants_dream,stage56_evaluation_low_start,q-learning,switch_count,lower,10,7.0,3.711842908553348,2.6551079827381785,4.344892017261822,9.655107982738178
per_content_trace,elephants_dream,stage56_evaluation_low_start,q-learning,high_representation_fraction_percent,descriptive,10,0.0,0.0,0.0,0.0,0.0
per_content_trace,elephants_dream,stage56_evaluation_mixed_start,static,startup_delay_s,lower,10,1.3940334802116137,0.0,0.0,1.3940334802116137,1.3940334802116137
per_content_trace,elephants_dream,stage56_evaluation_mixed_start,static,rebuffering_s,lower,10,0.0,0.0,0.0,0.0,0.0
per_content_trace,elephants_dream,stage56_evaluation_mixed_start,static,rebuffering_rate_percent,lower,10,0.0,0.0,0.0,0.0,0.0
per_content_trace,elephants_dream,stage56_evaluation_mixed_start,static,average_bitrate_kbps,higher,10,3787.6333333333328,0.0,0.0,3787.6333333333328,3787.6333333333328
per_content_trace,elephants_dream,stage56_evaluation_mixed_start,static,average_payload_bitrate_kbps,higher,10,3200.1702666666665,0.0,0.0,3200.1702666666665,3200.1702666666665
per_content_trace,elephants_dream,stage56_evaluation_mixed_start,static,buffer_mean_s,descriptive,10,10.036829328759332,0.0,0.0,10.036829328759332,10.036829328759332
per_content_trace,elephants_dream,stage56_evaluation_mixed_start,static,buffer_std_s,lower,10,3.371794222927315,0.0,0.0,3.371794222927315,3.371794222927315
per_content_trace,elephants_dream,stage56_evaluation_mixed_start,static,mean_objective_reward,higher,10,0.4977753069703984,0.0,0.0,0.4977753069703984,0.4977753069703984
per_content_trace,elephants_dream,stage56_evaluation_mixed_start,static,mean_quality_utility,higher,10,0.6670537640881091,0.0,0.0,0.6670537640881091,0.6670537640881091
per_content_trace,elephants_dream,stage56_evaluation_mixed_start,static,mean_psnr_y_db,higher,10,45.6324658,0.0,0.0,45.6324658,45.6324658
per_content_trace,elephants_dream,stage56_evaluation_mixed_start,static,switch_count,lower,10,3.0,0.0,0.0,3.0,3.0
per_content_trace,elephants_dream,stage56_evaluation_mixed_start,static,high_representation_fraction_percent,descriptive,10,65.0,0.0,0.0,65.0,65.0
per_content_trace,elephants_dream,stage56_evaluation_mixed_start,throughput,startup_delay_s,lower,10,2.395265168077527,0.0,0.0,2.395265168077527,2.395265168077527
per_content_trace,elephants_dream,stage56_evaluation_mixed_start,throughput,rebuffering_s,lower,10,0.0,0.0,0.0,0.0,0.0
per_content_trace,elephants_dream,stage56_evaluation_mixed_start,throughput,rebuffering_rate_percent,lower,10,0.0,0.0,0.0,0.0,0.0
per_content_trace,elephants_dream,stage56_evaluation_mixed_start,throughput,average_bitrate_kbps,higher,10,2841.9166666666665,0.0,0.0,2841.9166666666665,2841.9166666666665
per_content_trace,elephants_dream,stage56_evaluation_mixed_start,throughput,average_payload_bitrate_kbps,higher,10,2480.4533333333334,0.0,0.0,2480.4533333333334,2480.4533333333334
per_content_trace,elephants_dream,stage56_evaluation_mixed_start,throughput,buffer_mean_s,descriptive,10,11.614779836817474,0.0,0.0,11.614779836817474,11.614779836817474
per_content_trace,elephants_dream,stage56_evaluation_mixed_start,throughput,buffer_std_s,lower,10,6.224677664548604,0.0,0.0,6.224677664548604,6.224677664548604
per_content_trace,elephants_dream,stage56_evaluation_mixed_start,throughput,mean_objective_reward,higher,10,0.17277695774136043,0.0,0.0,0.17277695774136043,0.17277695774136043
per_content_trace,elephants_dream,stage56_evaluation_mixed_start,throughput,mean_quality_utility,higher,10,0.5293961116651519,0.0,0.0,0.5293961116651519,0.5293961116651519
per_content_trace,elephants_dream,stage56_evaluation_mixed_start,throughput,mean_psnr_y_db,higher,10,44.814627449999996,0.0,0.0,44.814627449999996,44.814627449999996
per_content_trace,elephants_dream,stage56_evaluation_mixed_start,throughput,switch_count,lower,10,9.0,0.0,0.0,9.0,9.0
per_content_trace,elephants_dream,stage56_evaluation_mixed_start,throughput,high_representation_fraction_percent,descriptive,10,25.0,0.0,0.0,25.0,25.0
per_content_trace,elephants_dream,stage56_evaluation_mixed_start,bola-basic,startup_delay_s,lower,10,1.3940334802116137,0.0,0.0,1.3940334802116137,1.3940334802116137
per_content_trace,elephants_dream,stage56_evaluation_mixed_start,bola-basic,rebuffering_s,lower,10,0.0,0.0,0.0,0.0,0.0
per_content_trace,elephants_dream,stage56_evaluation_mixed_start,bola-basic,rebuffering_rate_percent,lower,10,0.0,0.0,0.0,0.0,0.0
per_content_trace,elephants_dream,stage56_evaluation_mixed_start,bola-basic,average_bitrate_kbps,higher,10,3384.7833333333338,0.0,0.0,3384.7833333333338,3384.7833333333338
per_content_trace,elephants_dream,stage56_evaluation_mixed_start,bola-basic,average_payload_bitrate_kbps,higher,10,2800.1915999999997,0.0,0.0,2800.1915999999997,2800.1915999999997
per_content_trace,elephants_dream,stage56_evaluation_mixed_start,bola-basic,buffer_mean_s,descriptive,10,11.193073209930676,0.0,0.0,11.193073209930676,11.193073209930676
per_content_trace,elephants_dream,stage56_evaluation_mixed_start,bola-basic,buffer_std_s,lower,10,5.376707778977836,0.0,0.0,5.376707778977836,5.376707778977836
per_content_trace,elephants_dream,stage56_evaluation_mixed_start,bola-basic,mean_objective_reward,higher,10,0.34799527432952265,0.0,0.0,0.34799527432952265,0.34799527432952265
per_content_trace,elephants_dream,stage56_evaluation_mixed_start,bola-basic,mean_quality_utility,higher,10,0.6212450697502675,0.0,0.0,0.6212450697502675,0.6212450697502675
per_content_trace,elephants_dream,stage56_evaluation_mixed_start,bola-basic,mean_psnr_y_db,higher,10,45.28883845,0.0,0.0,45.28883845,45.28883845
per_content_trace,elephants_dream,stage56_evaluation_mixed_start,bola-basic,switch_count,lower,10,5.0,0.0,0.0,5.0,5.0
per_content_trace,elephants_dream,stage56_evaluation_mixed_start,bola-basic,high_representation_fraction_percent,descriptive,10,46.666666666666664,0.0,0.0,46.666666666666664,46.666666666666664
per_content_trace,elephants_dream,stage56_evaluation_mixed_start,robust-mpc,startup_delay_s,lower,10,2.395265168077527,0.0,0.0,2.395265168077527,2.395265168077527
per_content_trace,elephants_dream,stage56_evaluation_mixed_start,robust-mpc,rebuffering_s,lower,10,0.0,0.0,0.0,0.0,0.0
per_content_trace,elephants_dream,stage56_evaluation_mixed_start,robust-mpc,rebuffering_rate_percent,lower,10,0.0,0.0,0.0,0.0,0.0
per_content_trace,elephants_dream,stage56_evaluation_mixed_start,robust-mpc,average_bitrate_kbps,higher,10,3534.0833333333335,0.0,0.0,3534.0833333333335,3534.0833333333335
per_content_trace,elephants_dream,stage56_evaluation_mixed_start,robust-mpc,average_payload_bitrate_kbps,higher,10,2888.3106666666663,0.0,0.0,2888.3106666666663,2888.3106666666663
per_content_trace,elephants_dream,stage56_evaluation_mixed_start,robust-mpc,buffer_mean_s,descriptive,10,12.6833474523318,0.0,0.0,12.6833474523318,12.6833474523318
per_content_trace,elephants_dream,stage56_evaluation_mixed_start,robust-mpc,buffer_std_s,lower,10,5.180124524970443,0.0,0.0,5.180124524970443,5.180124524970443
per_content_trace,elephants_dream,stage56_evaluation_mixed_start,robust-mpc,mean_objective_reward,higher,10,0.46661928027061517,0.0,0.0,0.46661928027061517,0.46661928027061517
per_content_trace,elephants_dream,stage56_evaluation_mixed_start,robust-mpc,mean_quality_utility,higher,10,0.6360207599588608,0.0,0.0,0.6360207599588608,0.6360207599588608
per_content_trace,elephants_dream,stage56_evaluation_mixed_start,robust-mpc,mean_psnr_y_db,higher,10,45.349821600000006,0.0,0.0,45.349821600000006,45.349821600000006
per_content_trace,elephants_dream,stage56_evaluation_mixed_start,robust-mpc,switch_count,lower,10,7.0,0.0,0.0,7.0,7.0
per_content_trace,elephants_dream,stage56_evaluation_mixed_start,robust-mpc,high_representation_fraction_percent,descriptive,10,53.333333333333336,0.0,0.0,53.333333333333336,53.333333333333336
per_content_trace,elephants_dream,stage56_evaluation_mixed_start,q-learning,startup_delay_s,lower,10,1.3940334802116137,0.0,0.0,1.3940334802116137,1.3940334802116137
per_content_trace,elephants_dream,stage56_evaluation_mixed_start,q-learning,rebuffering_s,lower,10,0.03745305408604995,0.1184369562413938,0.08471880834264497,-0.04726575425659502,0.12217186242869493
per_content_trace,elephants_dream,stage56_evaluation_mixed_start,q-learning,rebuffering_rate_percent,lower,10,0.06242175681008325,0.19739492706898967,0.1411980139044083,-0.07877625709432506,0.20361977071449155
per_content_trace,elephants_dream,stage56_evaluation_mixed_start,q-learning,average_bitrate_kbps,higher,10,2286.766666666667,482.87894496843325,345.4067893141416,1941.3598773525252,2632.1734559808083
per_content_trace,elephants_dream,stage56_evaluation_mixed_start,q-learning,average_payload_bitrate_kbps,higher,10,2127.4926266666666,299.70007324653164,214.37762225077913,1913.1150044158876,2341.8702489174457
per_content_trace,elephants_dream,stage56_evaluation_mixed_start,q-learning,buffer_mean_s,descriptive,10,11.073820114025617,0.679394496718434,0.4859757797154565,10.58784433431016,11.559795893741073
per_content_trace,elephants_dream,stage56_evaluation_mixed_start,q-learning,buffer_std_s,lower,10,6.199018208012541,0.3577365814550286,0.2558915548257669,5.943126653186774,6.454909762838308
per_content_trace,elephants_dream,stage56_evaluation_mixed_start,q-learning,mean_objective_reward,higher,10,-0.010637237399786476,0.1753393319983032,0.1254214878016257,-0.13605872520141218,0.11478425040183923
per_content_trace,elephants_dream,stage56_evaluation_mixed_start,q-learning,mean_quality_utility,higher,10,0.38498470645877425,0.12072073272584341,0.0863524101205325,0.29863229633824173,0.47133711657930677
per_content_trace,elephants_dream,stage56_evaluation_mixed_start,q-learning,mean_psnr_y_db,higher,10,44.50566100166667,0.4421903992140233,0.3163019793046452,44.18935902236202,44.821962980971314
per_content_trace,elephants_dream,stage56_evaluation_mixed_start,q-learning,switch_count,lower,10,23.7,4.715223571935199,3.372833402348832,20.327166597651168,27.07283340234883
per_content_trace,elephants_dream,stage56_evaluation_mixed_start,q-learning,high_representation_fraction_percent,descriptive,10,12.166666666666668,10.859654633800842,7.76798922215753,4.398677444509138,19.934655888824196
per_content_trace,elephants_dream,stage56_evaluation_high_start,static,startup_delay_s,lower,10,0.5192803412051092,0.0,0.0,0.5192803412051092,0.5192803412051092
per_content_trace,elephants_dream,stage56_evaluation_high_start,static,rebuffering_s,lower,10,0.0,0.0,0.0,0.0,0.0
per_content_trace,elephants_dream,stage56_evaluation_high_start,static,rebuffering_rate_percent,lower,10,0.0,0.0,0.0,0.0,0.0
per_content_trace,elephants_dream,stage56_evaluation_high_start,static,average_bitrate_kbps,higher,10,3401.0666666666666,0.0,0.0,3401.0666666666666,3401.0666666666666
per_content_trace,elephants_dream,stage56_evaluation_high_start,static,average_payload_bitrate_kbps,higher,10,2880.1587999999997,0.0,0.0,2880.1587999999997,2880.1587999999997
per_content_trace,elephants_dream,stage56_evaluation_high_start,static,buffer_mean_s,descriptive,10,8.52285555596912,0.0,0.0,8.52285555596912,8.52285555596912
per_content_trace,elephants_dream,stage56_evaluation_high_start,static,buffer_std_s,lower,10,3.8403297044822415,0.0,0.0,3.8403297044822415,3.8403297044822415
per_content_trace,elephants_dream,stage56_evaluation_high_start,static,mean_objective_reward,higher,10,0.2190449392737878,0.0,0.0,0.2190449392737878,0.2190449392737878
per_content_trace,elephants_dream,stage56_evaluation_high_start,static,mean_quality_utility,higher,10,0.5844946255976605,0.0,0.0,0.5844946255976605,0.5844946255976605
per_content_trace,elephants_dream,stage56_evaluation_high_start,static,mean_psnr_y_db,higher,10,45.16529861666667,0.0,0.0,45.16529861666667,45.16529861666667
per_content_trace,elephants_dream,stage56_evaluation_high_start,static,switch_count,lower,10,9.0,0.0,0.0,9.0,9.0
per_content_trace,elephants_dream,stage56_evaluation_high_start,static,high_representation_fraction_percent,descriptive,10,53.333333333333336,0.0,0.0,53.333333333333336,53.333333333333336
per_content_trace,elephants_dream,stage56_evaluation_high_start,throughput,startup_delay_s,lower,10,2.911934778911456,0.0,0.0,2.911934778911456,2.911934778911456
per_content_trace,elephants_dream,stage56_evaluation_high_start,throughput,rebuffering_s,lower,10,0.0,0.0,0.0,0.0,0.0
per_content_trace,elephants_dream,stage56_evaluation_high_start,throughput,rebuffering_rate_percent,lower,10,0.0,0.0,0.0,0.0,0.0
per_content_trace,elephants_dream,stage56_evaluation_high_start,throughput,average_bitrate_kbps,higher,10,3068.65,0.0,0.0,3068.65,3068.65
per_content_trace,elephants_dream,stage56_evaluation_high_start,throughput,average_payload_bitrate_kbps,higher,10,2969.2697333333335,0.0,0.0,2969.2697333333335,2969.2697333333335
per_content_trace,elephants_dream,stage56_evaluation_high_start,throughput,buffer_mean_s,descriptive,10,9.42300184366341,0.0,0.0,9.42300184366341,9.42300184366341
per_content_trace,elephants_dream,stage56_evaluation_high_start,throughput,buffer_std_s,lower,10,5.277327001715316,0.0,0.0,5.277327001715316,5.277327001715316
per_content_trace,elephants_dream,stage56_evaluation_high_start,throughput,mean_objective_reward,higher,10,0.08812840924330326,0.0,0.0,0.08812840924330326,0.08812840924330326
per_content_trace,elephants_dream,stage56_evaluation_high_start,throughput,mean_quality_utility,higher,10,0.5848374716299395,0.0,0.0,0.5848374716299395,0.5848374716299395
per_content_trace,elephants_dream,stage56_evaluation_high_start,throughput,mean_psnr_y_db,higher,10,45.55527861666667,0.0,0.0,45.55527861666667,45.55527861666667
per_content_trace,elephants_dream,stage56_evaluation_high_start,throughput,switch_count,lower,10,12.0,0.0,0.0,12.0,12.0
per_content_trace,elephants_dream,stage56_evaluation_high_start,throughput,high_representation_fraction_percent,descriptive,10,30.0,0.0,0.0,30.0,30.0
per_content_trace,elephants_dream,stage56_evaluation_high_start,bola-basic,startup_delay_s,lower,10,0.5192803412051092,0.0,0.0,0.5192803412051092,0.5192803412051092
per_content_trace,elephants_dream,stage56_evaluation_high_start,bola-basic,rebuffering_s,lower,10,0.0,0.0,0.0,0.0,0.0
per_content_trace,elephants_dream,stage56_evaluation_high_start,bola-basic,rebuffering_rate_percent,lower,10,0.0,0.0,0.0,0.0,0.0
per_content_trace,elephants_dream,stage56_evaluation_high_start,bola-basic,average_bitrate_kbps,higher,10,3220.616666666667,0.0,0.0,3220.616666666667,3220.616666666667
per_content_trace,elephants_dream,stage56_evaluation_high_start,bola-basic,average_payload_bitrate_kbps,higher,10,2814.1813333333334,0.0,0.0,2814.1813333333334,2814.1813333333334
per_content_trace,elephants_dream,stage56_evaluation_high_start,bola-basic,buffer_mean_s,descriptive,10,10.34234236073402,0.0,0.0,10.34234236073402,10.34234236073402
per_content_trace,elephants_dream,stage56_evaluation_high_start,bola-basic,buffer_std_s,lower,10,3.8290293111963107,0.0,0.0,3.8290293111963107,3.8290293111963107
per_content_trace,elephants_dream,stage56_evaluation_high_start,bola-basic,mean_objective_reward,higher,10,0.4516287021383659,0.0,0.0,0.4516287021383659,0.4516287021383659
per_content_trace,elephants_dream,stage56_evaluation_high_start,bola-basic,mean_quality_utility,higher,10,0.6232695781557567,0.0,0.0,0.6232695781557567,0.6232695781557567
per_content_trace,elephants_dream,stage56_evaluation_high_start,bola-basic,mean_psnr_y_db,higher,10,45.45605176666666,0.0,0.0,45.45605176666666,45.45605176666666
per_content_trace,elephants_dream,stage56_evaluation_high_start,bola-basic,switch_count,lower,10,10.0,0.0,0.0,10.0,10.0
per_content_trace,elephants_dream,stage56_evaluation_high_start,bola-basic,high_representation_fraction_percent,descriptive,10,31.666666666666668,0.0,0.0,31.666666666666668,31.666666666666668
per_content_trace,elephants_dream,stage56_evaluation_high_start,robust-mpc,startup_delay_s,lower,10,2.911934778911456,0.0,0.0,2.911934778911456,2.911934778911456
per_content_trace,elephants_dream,stage56_evaluation_high_start,robust-mpc,rebuffering_s,lower,10,0.0,0.0,0.0,0.0,0.0
per_content_trace,elephants_dream,stage56_evaluation_high_start,robust-mpc,rebuffering_rate_percent,lower,10,0.0,0.0,0.0,0.0,0.0
per_content_trace,elephants_dream,stage56_evaluation_high_start,robust-mpc,average_bitrate_kbps,higher,10,3568.1166666666672,0.0,0.0,3568.1166666666672,3568.1166666666672
per_content_trace,elephants_dream,stage56_evaluation_high_start,robust-mpc,average_payload_bitrate_kbps,higher,10,3190.8028,0.0,0.0,3190.8028,3190.8028
per_content_trace,elephants_dream,stage56_evaluation_high_start,robust-mpc,buffer_mean_s,descriptive,10,11.346024430234307,0.0,0.0,11.346024430234307,11.346024430234307
per_content_trace,elephants_dream,stage56_evaluation_high_start,robust-mpc,buffer_std_s,lower,10,4.239479652705974,0.0,0.0,4.239479652705974,4.239479652705974
per_content_trace,elephants_dream,stage56_evaluation_high_start,robust-mpc,mean_objective_reward,higher,10,0.4574654807481459,0.0,0.0,0.4574654807481459,0.4574654807481459
per_content_trace,elephants_dream,stage56_evaluation_high_start,robust-mpc,mean_quality_utility,higher,10,0.6774606245579399,0.0,0.0,0.6774606245579399,0.6774606245579399
per_content_trace,elephants_dream,stage56_evaluation_high_start,robust-mpc,mean_psnr_y_db,higher,10,45.8149447,0.0,0.0,45.8149447,45.8149447
per_content_trace,elephants_dream,stage56_evaluation_high_start,robust-mpc,switch_count,lower,10,11.0,0.0,0.0,11.0,11.0
per_content_trace,elephants_dream,stage56_evaluation_high_start,robust-mpc,high_representation_fraction_percent,descriptive,10,48.333333333333336,0.0,0.0,48.333333333333336,48.333333333333336
per_content_trace,elephants_dream,stage56_evaluation_high_start,q-learning,startup_delay_s,lower,10,0.5192803412051092,0.0,0.0,0.5192803412051092,0.5192803412051092
per_content_trace,elephants_dream,stage56_evaluation_high_start,q-learning,rebuffering_s,lower,10,0.0,0.0,0.0,0.0,0.0
per_content_trace,elephants_dream,stage56_evaluation_high_start,q-learning,rebuffering_rate_percent,lower,10,0.0,0.0,0.0,0.0,0.0
per_content_trace,elephants_dream,stage56_evaluation_high_start,q-learning,average_bitrate_kbps,higher,10,2985.891666666667,380.8254259856614,272.4071717135991,2713.484494953068,3258.298838380266
per_content_trace,elephants_dream,stage56_evaluation_high_start,q-learning,average_payload_bitrate_kbps,higher,10,2699.3017066666666,269.834081019415,193.01426277457784,2506.287443892089,2892.3159694412443
per_content_trace,elephants_dream,stage56_evaluation_high_start,q-learning,buffer_mean_s,descriptive,10,11.026681649143281,1.0781925914996064,0.7712389309426577,10.255442718200623,11.79792058008594
per_content_trace,elephants_dream,stage56_evaluation_high_start,q-learning,buffer_std_s,lower,10,4.518842218529423,0.5873876634914861,0.42016262883980743,4.098679589689616,4.9390048473692305
per_content_trace,elephants_dream,stage56_evaluation_high_start,q-learning,mean_objective_reward,higher,10,0.29752963072338595,0.08504187322002879,0.060831064788113016,0.23669856593527294,0.35836069551149896
per_content_trace,elephants_dream,stage56_evaluation_high_start,q-learning,mean_quality_utility,higher,10,0.5498311914062802,0.08504054173851242,0.06083011236978872,0.4890010790364915,0.610661303776069
per_content_trace,elephants_dream,stage56_evaluation_high_start,q-learning,mean_psnr_y_db,higher,10,45.189145841666665,0.33810394607800115,0.24184818925347507,44.94729765241319,45.43099403092014
per_content_trace,elephants_dream,stage56_evaluation_high_start,q-learning,switch_count,lower,10,30.0,3.3665016461206925,2.4080828889388335,27.591917111061168,32.408082888938836
per_content_trace,elephants_dream,stage56_evaluation_high_start,q-learning,high_representation_fraction_percent,descriptive,10,29.0,10.067672257843817,7.201478521032253,21.798521478967746,36.20147852103225
per_content_trace,sita_sings_the_blues,stage56_evaluation_low_start,static,startup_delay_s,lower,10,3.9979402123353287,0.0,0.0,3.9979402123353287,3.9979402123353287
per_content_trace,sita_sings_the_blues,stage56_evaluation_low_start,static,rebuffering_s,lower,10,0.0,0.0,0.0,0.0,0.0
per_content_trace,sita_sings_the_blues,stage56_evaluation_low_start,static,rebuffering_rate_percent,lower,10,0.0,0.0,0.0,0.0,0.0
per_content_trace,sita_sings_the_blues,stage56_evaluation_low_start,static,average_bitrate_kbps,higher,10,973.0,0.0,0.0,973.0,973.0
per_content_trace,sita_sings_the_blues,stage56_evaluation_low_start,static,average_payload_bitrate_kbps,higher,10,973.4300000000001,0.0,0.0,973.4300000000001,973.4300000000001
per_content_trace,sita_sings_the_blues,stage56_evaluation_low_start,static,buffer_mean_s,descriptive,10,5.114757039390102,0.0,0.0,5.114757039390102,5.114757039390102
per_content_trace,sita_sings_the_blues,stage56_evaluation_low_start,static,buffer_std_s,lower,10,1.655179531041933,0.0,0.0,1.655179531041933,1.655179531041933
per_content_trace,sita_sings_the_blues,stage56_evaluation_low_start,static,mean_objective_reward,higher,10,-0.7572921884747953,0.0,0.0,-0.7572921884747953,-0.7572921884747953
per_content_trace,sita_sings_the_blues,stage56_evaluation_low_start,static,mean_quality_utility,higher,10,0.0,0.0,0.0,0.0,0.0
per_content_trace,sita_sings_the_blues,stage56_evaluation_low_start,static,mean_psnr_y_db,higher,10,41.18824285,0.0,0.0,41.18824285,41.18824285
per_content_trace,sita_sings_the_blues,stage56_evaluation_low_start,static,switch_count,lower,10,0.0,0.0,0.0,0.0,0.0
per_content_trace,sita_sings_the_blues,stage56_evaluation_low_start,static,high_representation_fraction_percent,descriptive,10,0.0,0.0,0.0,0.0,0.0
per_content_trace,sita_sings_the_blues,stage56_evaluation_low_start,throughput,startup_delay_s,lower,10,3.9979402123353287,0.0,0.0,3.9979402123353287,3.9979402123353287
per_content_trace,sita_sings_the_blues,stage56_evaluation_low_start,throughput,rebuffering_s,lower,10,0.0,0.0,0.0,0.0,0.0
per_content_trace,sita_sings_the_blues,stage56_evaluation_low_start,throughput,rebuffering_rate_percent,lower,10,0.0,0.0,0.0,0.0,0.0
per_content_trace,sita_sings_the_blues,stage56_evaluation_low_start,throughput,average_bitrate_kbps,higher,10,973.0,0.0,0.0,973.0,973.0
per_content_trace,sita_sings_the_blues,stage56_evaluation_low_start,throughput,average_payload_bitrate_kbps,higher,10,973.4300000000001,0.0,0.0,973.4300000000001,973.4300000000001
per_content_trace,sita_sings_the_blues,stage56_evaluation_low_start,throughput,buffer_mean_s,descriptive,10,5.114757039390102,0.0,0.0,5.114757039390102,5.114757039390102
per_content_trace,sita_sings_the_blues,stage56_evaluation_low_start,throughput,buffer_std_s,lower,10,1.655179531041933,0.0,0.0,1.655179531041933,1.655179531041933
per_content_trace,sita_sings_the_blues,stage56_evaluation_low_start,throughput,mean_objective_reward,higher,10,-0.7572921884747953,0.0,0.0,-0.7572921884747953,-0.7572921884747953
per_content_trace,sita_sings_the_blues,stage56_evaluation_low_start,throughput,mean_quality_utility,higher,10,0.0,0.0,0.0,0.0,0.0
per_content_trace,sita_sings_the_blues,stage56_evaluation_low_start,throughput,mean_psnr_y_db,higher,10,41.18824285,0.0,0.0,41.18824285,41.18824285
per_content_trace,sita_sings_the_blues,stage56_evaluation_low_start,throughput,switch_count,lower,10,0.0,0.0,0.0,0.0,0.0
per_content_trace,sita_sings_the_blues,stage56_evaluation_low_start,throughput,high_representation_fraction_percent,descriptive,10,0.0,0.0,0.0,0.0,0.0
per_content_trace,sita_sings_the_blues,stage56_evaluation_low_start,bola-basic,startup_delay_s,lower,10,3.9979402123353287,0.0,0.0,3.9979402123353287,3.9979402123353287
per_content_trace,sita_sings_the_blues,stage56_evaluation_low_start,bola-basic,rebuffering_s,lower,10,1.168955182272436,0.0,0.0,1.168955182272436,1.168955182272436
per_content_trace,sita_sings_the_blues,stage56_evaluation_low_start,bola-basic,rebuffering_rate_percent,lower,10,1.9482586371207264,0.0,0.0,1.9482586371207264,1.9482586371207264
per_content_trace,sita_sings_the_blues,stage56_evaluation_low_start,bola-basic,average_bitrate_kbps,higher,10,1042.0,0.0,0.0,1042.0,1042.0
per_content_trace,sita_sings_the_blues,stage56_evaluation_low_start,bola-basic,average_payload_bitrate_kbps,higher,10,1062.1738666666668,0.0,0.0,1062.1738666666668,1062.1738666666668
per_content_trace,sita_sings_the_blues,stage56_evaluation_low_start,bola-basic,buffer_mean_s,descriptive,10,3.869457759088179,0.0,0.0,3.869457759088179,3.869457759088179
per_content_trace,sita_sings_the_blues,stage56_evaluation_low_start,bola-basic,buffer_std_s,lower,10,1.5190358987446526,0.0,0.0,1.5190358987446526,1.5190358987446526
per_content_trace,sita_sings_the_blues,stage56_evaluation_low_start,bola-basic,mean_objective_reward,higher,10,-1.2493675064996572,0.0,0.0,-1.2493675064996572,-1.2493675064996572
per_content_trace,sita_sings_the_blues,stage56_evaluation_low_start,bola-basic,mean_quality_utility,higher,10,0.02936838938037185,0.0,0.0,0.02936838938037185,0.02936838938037185
per_content_trace,sita_sings_the_blues,stage56_evaluation_low_start,bola-basic,mean_psnr_y_db,higher,10,41.39757626666667,0.0,0.0,41.39757626666667,41.39757626666667
per_content_trace,sita_sings_the_blues,stage56_evaluation_low_start,bola-basic,switch_count,lower,10,7.0,0.0,0.0,7.0,7.0
per_content_trace,sita_sings_the_blues,stage56_evaluation_low_start,bola-basic,high_representation_fraction_percent,descriptive,10,0.0,0.0,0.0,0.0,0.0
per_content_trace,sita_sings_the_blues,stage56_evaluation_low_start,robust-mpc,startup_delay_s,lower,10,4.780662996360299,0.0,0.0,4.780662996360299,4.780662996360299
per_content_trace,sita_sings_the_blues,stage56_evaluation_low_start,robust-mpc,rebuffering_s,lower,10,0.0,0.0,0.0,0.0,0.0
per_content_trace,sita_sings_the_blues,stage56_evaluation_low_start,robust-mpc,rebuffering_rate_percent,lower,10,0.0,0.0,0.0,0.0,0.0
per_content_trace,sita_sings_the_blues,stage56_evaluation_low_start,robust-mpc,average_bitrate_kbps,higher,10,1897.0,0.0,0.0,1897.0,1897.0
per_content_trace,sita_sings_the_blues,stage56_evaluation_low_start,robust-mpc,average_payload_bitrate_kbps,higher,10,1113.0303999999999,0.0,0.0,1113.0303999999999,1113.0303999999999
per_content_trace,sita_sings_the_blues,stage56_evaluation_low_start,robust-mpc,buffer_mean_s,descriptive,10,4.520647702937113,0.0,0.0,4.520647702937113,4.520647702937113
per_content_trace,sita_sings_the_blues,stage56_evaluation_low_start,robust-mpc,buffer_std_s,lower,10,1.3871218530369978,0.0,0.0,1.3871218530369978,1.3871218530369978
per_content_trace,sita_sings_the_blues,stage56_evaluation_low_start,robust-mpc,mean_objective_reward,higher,10,-0.7384209144889925,0.0,0.0,-0.7384209144889925,-0.7384209144889925
per_content_trace,sita_sings_the_blues,stage56_evaluation_low_start,robust-mpc,mean_quality_utility,higher,10,0.21236798272871565,0.0,0.0,0.21236798272871565,0.21236798272871565
per_content_trace,sita_sings_the_blues,stage56_evaluation_low_start,robust-mpc,mean_psnr_y_db,higher,10,42.016128683333335,0.0,0.0,42.016128683333335,42.016128683333335
per_content_trace,sita_sings_the_blues,stage56_evaluation_low_start,robust-mpc,switch_count,lower,10,7.0,0.0,0.0,7.0,7.0
per_content_trace,sita_sings_the_blues,stage56_evaluation_low_start,robust-mpc,high_representation_fraction_percent,descriptive,10,18.333333333333332,0.0,0.0,18.333333333333332,18.333333333333332
per_content_trace,sita_sings_the_blues,stage56_evaluation_low_start,q-learning,startup_delay_s,lower,10,3.9979402123353287,0.0,0.0,3.9979402123353287,3.9979402123353287
per_content_trace,sita_sings_the_blues,stage56_evaluation_low_start,q-learning,rebuffering_s,lower,10,1.993133875528097,3.5880959673924253,2.566590903914966,-0.5734570283868692,4.559724779443063
per_content_trace,sita_sings_the_blues,stage56_evaluation_low_start,q-learning,rebuffering_rate_percent,lower,10,3.3218897925468283,5.980159945654043,4.277651506524944,-0.955761713978116,7.599541299071772
per_content_trace,sita_sings_the_blues,stage56_evaluation_low_start,q-learning,average_bitrate_kbps,higher,10,1092.6466666666668,134.95218650312898,96.532271569671,996.1143950969957,1189.1789382363377
per_content_trace,sita_sings_the_blues,stage56_evaluation_low_start,q-learning,average_payload_bitrate_kbps,higher,10,1070.0393066666668,113.4764800223244,81.17054395433142,988.8687627123354,1151.2098506209982
per_content_trace,sita_sings_the_blues,stage56_evaluation_low_start,q-learning,buffer_mean_s,descriptive,10,4.109168553252196,0.8364411741516936,0.5983123998764825,3.510856153375714,4.7074809531286785
per_content_trace,sita_sings_the_blues,stage56_evaluation_low_start,q-learning,buffer_std_s,lower,10,1.5848128822270564,0.05532311717902587,0.0395730244169303,1.545239857810126,1.6243859066439867
per_content_trace,sita_sings_the_blues,stage56_evaluation_low_start,q-learning,mean_objective_reward,higher,10,-1.316746977202957,0.7505332790548578,0.5368618633987036,-1.8536088406016606,-0.7798851138042534
per_content_trace,sita_sings_the_blues,stage56_evaluation_low_start,q-learning,mean_quality_utility,higher,10,0.0473097988082108,0.051109129869209936,0.03655872892514984,0.01075106988306096,0.08386852773336063
per_content_trace,sita_sings_the_blues,stage56_evaluation_low_start,q-learning,mean_psnr_y_db,higher,10,41.44502463,0.2868169234861177,0.20516221238177204,41.23986241761823,41.65018684238177
per_content_trace,sita_sings_the_blues,stage56_evaluation_low_start,q-learning,switch_count,lower,10,9.9,7.809538327512638,5.586219046904623,4.313780953095377,15.486219046904623
per_content_trace,sita_sings_the_blues,stage56_evaluation_low_start,q-learning,high_representation_fraction_percent,descriptive,10,0.0,0.0,0.0,0.0,0.0
per_content_trace,sita_sings_the_blues,stage56_evaluation_mixed_start,static,startup_delay_s,lower,10,2.271410516992422,0.0,0.0,2.271410516992422,2.271410516992422
per_content_trace,sita_sings_the_blues,stage56_evaluation_mixed_start,static,rebuffering_s,lower,10,0.0,0.0,0.0,0.0,0.0
per_content_trace,sita_sings_the_blues,stage56_evaluation_mixed_start,static,rebuffering_rate_percent,lower,10,0.0,0.0,0.0,0.0,0.0
per_content_trace,sita_sings_the_blues,stage56_evaluation_mixed_start,static,average_bitrate_kbps,higher,10,3867.0666666666666,0.0,0.0,3867.0666666666666,3867.0666666666666
per_content_trace,sita_sings_the_blues,stage56_evaluation_mixed_start,static,average_payload_bitrate_kbps,higher,10,3747.076,0.0,0.0,3747.076,3747.076
per_content_trace,sita_sings_the_blues,stage56_evaluation_mixed_start,static,buffer_mean_s,descriptive,10,10.859583002283536,0.0,0.0,10.859583002283536,10.859583002283536
per_content_trace,sita_sings_the_blues,stage56_evaluation_mixed_start,static,buffer_std_s,lower,10,3.7907930340289466,0.0,0.0,3.7907930340289466,3.7907930340289466
per_content_trace,sita_sings_the_blues,stage56_evaluation_mixed_start,static,mean_objective_reward,higher,10,0.4601214025091783,0.0,0.0,0.4601214025091783,0.4601214025091783
per_content_trace,sita_sings_the_blues,stage56_evaluation_mixed_start,static,mean_quality_utility,higher,10,0.6339539603099004,0.0,0.0,0.6339539603099004,0.6339539603099004
per_content_trace,sita_sings_the_blues,stage56_evaluation_mixed_start,static,mean_psnr_y_db,higher,10,45.1363579,0.0,0.0,45.1363579,45.1363579
per_content_trace,sita_sings_the_blues,stage56_evaluation_mixed_start,static,switch_count,lower,10,3.0,0.0,0.0,3.0,3.0
per_content_trace,sita_sings_the_blues,stage56_evaluation_mixed_start,static,high_representation_fraction_percent,descriptive,10,61.666666666666664,0.0,0.0,61.666666666666664,61.666666666666664
per_content_trace,sita_sings_the_blues,stage56_evaluation_mixed_start,throughput,startup_delay_s,lower,10,2.484822543360225,0.0,0.0,2.484822543360225,2.484822543360225
per_content_trace,sita_sings_the_blues,stage56_evaluation_mixed_start,throughput,rebuffering_s,lower,10,0.0,0.0,0.0,0.0,0.0
per_content_trace,sita_sings_the_blues,stage56_evaluation_mixed_start,throughput,rebuffering_rate_percent,lower,10,0.0,0.0,0.0,0.0,0.0
per_content_trace,sita_sings_the_blues,stage56_evaluation_mixed_start,throughput,average_bitrate_kbps,higher,10,2789.6666666666665,0.0,0.0,2789.6666666666665,2789.6666666666665
per_content_trace,sita_sings_the_blues,stage56_evaluation_mixed_start,throughput,average_payload_bitrate_kbps,higher,10,2712.1960000000004,0.0,0.0,2712.1960000000004,2712.1960000000004
per_content_trace,sita_sings_the_blues,stage56_evaluation_mixed_start,throughput,buffer_mean_s,descriptive,10,11.286687180098268,0.0,0.0,11.286687180098268,11.286687180098268
per_content_trace,sita_sings_the_blues,stage56_evaluation_mixed_start,throughput,buffer_std_s,lower,10,5.659213320423774,0.0,0.0,5.659213320423774,5.659213320423774
per_content_trace,sita_sings_the_blues,stage56_evaluation_mixed_start,throughput,mean_objective_reward,higher,10,0.17837585548059998,0.0,0.0,0.17837585548059998,0.17837585548059998
per_content_trace,sita_sings_the_blues,stage56_evaluation_mixed_start,throughput,mean_quality_utility,higher,10,0.5060119406655217,0.0,0.0,0.5060119406655217,0.5060119406655217
per_content_trace,sita_sings_the_blues,stage56_evaluation_mixed_start,throughput,mean_psnr_y_db,higher,10,44.262814049999996,0.0,0.0,44.262814049999996,44.262814049999996
per_content_trace,sita_sings_the_blues,stage56_evaluation_mixed_start,throughput,switch_count,lower,10,7.0,0.0,0.0,7.0,7.0
per_content_trace,sita_sings_the_blues,stage56_evaluation_mixed_start,throughput,high_representation_fraction_percent,descriptive,10,21.666666666666668,0.0,0.0,21.666666666666668,21.666666666666668
per_content_trace,sita_sings_the_blues,stage56_evaluation_mixed_start,bola-basic,startup_delay_s,lower,10,2.271410516992422,0.0,0.0,2.271410516992422,2.271410516992422
per_content_trace,sita_sings_the_blues,stage56_evaluation_mixed_start,bola-basic,rebuffering_s,lower,10,0.0,0.0,0.0,0.0,0.0
per_content_trace,sita_sings_the_blues,stage56_evaluation_mixed_start,bola-basic,rebuffering_rate_percent,lower,10,0.0,0.0,0.0,0.0,0.0
per_content_trace,sita_sings_the_blues,stage56_evaluation_mixed_start,bola-basic,average_bitrate_kbps,higher,10,3254.5,0.0,0.0,3254.5,3254.5
per_content_trace,sita_sings_the_blues,stage56_evaluation_mixed_start,bola-basic,average_payload_bitrate_kbps,higher,10,3249.2734666666665,0.0,0.0,3249.2734666666665,3249.2734666666665
per_content_trace,sita_sings_the_blues,stage56_evaluation_mixed_start,bola-basic,buffer_mean_s,descriptive,10,10.16331510842129,0.0,0.0,10.16331510842129,10.16331510842129
per_content_trace,sita_sings_the_blues,stage56_evaluation_mixed_start,bola-basic,buffer_std_s,lower,10,4.326566135451647,0.0,0.0,4.326566135451647,4.326566135451647
per_content_trace,sita_sings_the_blues,stage56_evaluation_mixed_start,bola-basic,mean_objective_reward,higher,10,0.28330854453549287,0.0,0.0,0.28330854453549287,0.28330854453549287
per_content_trace,sita_sings_the_blues,stage56_evaluation_mixed_start,bola-basic,mean_quality_utility,higher,10,0.5685742524943851,0.0,0.0,0.5685742524943851,0.5685742524943851
per_content_trace,sita_sings_the_blues,stage56_evaluation_mixed_start,bola-basic,mean_psnr_y_db,higher,10,44.72511196666667,0.0,0.0,44.72511196666667,44.72511196666667
per_content_trace,sita_sings_the_blues,stage56_evaluation_mixed_start,bola-basic,switch_count,lower,10,8.0,0.0,0.0,8.0,8.0
per_content_trace,sita_sings_the_blues,stage56_evaluation_mixed_start,bola-basic,high_representation_fraction_percent,descriptive,10,36.666666666666664,0.0,0.0,36.666666666666664,36.666666666666664
per_content_trace,sita_sings_the_blues,stage56_evaluation_mixed_start,robust-mpc,startup_delay_s,lower,10,2.856203366282591,0.0,0.0,2.856203366282591,2.856203366282591
per_content_trace,sita_sings_the_blues,stage56_evaluation_mixed_start,robust-mpc,rebuffering_s,lower,10,0.0,0.0,0.0,0.0,0.0
per_content_trace,sita_sings_the_blues,stage56_evaluation_mixed_start,robust-mpc,rebuffering_rate_percent,lower,10,0.0,0.0,0.0,0.0,0.0
per_content_trace,sita_sings_the_blues,stage56_evaluation_mixed_start,robust-mpc,average_bitrate_kbps,higher,10,4046.3666666666672,0.0,0.0,4046.3666666666672,4046.3666666666672
per_content_trace,sita_sings_the_blues,stage56_evaluation_mixed_start,robust-mpc,average_payload_bitrate_kbps,higher,10,3537.0572,0.0,0.0,3537.0572,3537.0572
per_content_trace,sita_sings_the_blues,stage56_evaluation_mixed_start,robust-mpc,buffer_mean_s,descriptive,10,11.04069976692702,0.0,0.0,11.04069976692702,11.04069976692702
per_content_trace,sita_sings_the_blues,stage56_evaluation_mixed_start,robust-mpc,buffer_std_s,lower,10,4.431273878516857,0.0,0.0,4.431273878516857,4.431273878516857
per_content_trace,sita_sings_the_blues,stage56_evaluation_mixed_start,robust-mpc,mean_objective_reward,higher,10,0.4450132938332111,0.0,0.0,0.4450132938332111,0.4450132938332111
per_content_trace,sita_sings_the_blues,stage56_evaluation_mixed_start,robust-mpc,mean_quality_utility,higher,10,0.6851952142630342,0.0,0.0,0.6851952142630342,0.6851952142630342
per_content_trace,sita_sings_the_blues,stage56_evaluation_mixed_start,robust-mpc,mean_psnr_y_db,higher,10,45.1726917,0.0,0.0,45.1726917,45.1726917
per_content_trace,sita_sings_the_blues,stage56_evaluation_mixed_start,robust-mpc,switch_count,lower,10,7.0,0.0,0.0,7.0,7.0
per_content_trace,sita_sings_the_blues,stage56_evaluation_mixed_start,robust-mpc,high_representation_fraction_percent,descriptive,10,63.333333333333336,0.0,0.0,63.333333333333336,63.333333333333336
per_content_trace,sita_sings_the_blues,stage56_evaluation_mixed_start,q-learning,startup_delay_s,lower,10,2.271410516992422,0.0,0.0,2.271410516992422,2.271410516992422
per_content_trace,sita_sings_the_blues,stage56_evaluation_mixed_start,q-learning,rebuffering_s,lower,10,0.3268291385719664,0.7354329216345645,0.5260604689117676,-0.19923133033980123,0.852889607483734
per_content_trace,sita_sings_the_blues,stage56_evaluation_mixed_start,q-learning,rebuffering_rate_percent,lower,10,0.5447152309532772,1.2257215360576075,0.8767674481862792,-0.33205221723300193,1.4214826791395563
per_content_trace,sita_sings_the_blues,stage56_evaluation_mixed_start,q-learning,average_bitrate_kbps,higher,10,2573.67,426.04321592944785,304.7517827327968,2268.918217267203,2878.421782732797
per_content_trace,sita_sings_the_blues,stage56_evaluation_mixed_start,q-learning,average_payload_bitrate_kbps,higher,10,2605.8678800000002,443.1262525980914,316.9714019747119,2288.896478025288,2922.8392819747123
per_content_trace,sita_sings_the_blues,stage56_evaluation_mixed_start,q-learning,buffer_mean_s,descriptive,10,10.256830207847287,1.308601246869923,0.9360519026220342,9.320778305225252,11.192882110469322
per_content_trace,sita_sings_the_blues,stage56_evaluation_mixed_start,q-learning,buffer_std_s,lower,10,5.375043414792924,0.8496825789296849,0.60778407214141,4.767259342651514,5.982827486934334
per_content_trace,sita_sings_the_blues,stage56_evaluation_mixed_start,q-learning,mean_objective_reward,higher,10,-0.03030761470559908,0.21751722568424628,0.15559163911987622,-0.1858992538254753,0.12528402441427713
per_content_trace,sita_sings_the_blues,stage56_evaluation_mixed_start,q-learning,mean_quality_utility,higher,10,0.4405221995215592,0.09317292998326866,0.06664726828918992,0.37387493123236926,0.5071694678107491
per_content_trace,sita_sings_the_blues,stage56_evaluation_mixed_start,q-learning,mean_psnr_y_db,higher,10,43.835402855,0.628048958789944,0.4492479464017746,43.38615490859822,44.284650801401774
per_content_trace,sita_sings_the_blues,stage56_evaluation_mixed_start,q-learning,switch_count,lower,10,24.9,2.8460498941515415,2.0358,22.864199999999997,26.9358
per_content_trace,sita_sings_the_blues,stage56_evaluation_mixed_start,q-learning,high_representation_fraction_percent,descriptive,10,18.166666666666664,9.007884063898802,6.44340438829592,11.723262278370743,24.610071054962585
per_content_trace,sita_sings_the_blues,stage56_evaluation_high_start,static,startup_delay_s,lower,10,0.7187861903760703,0.0,0.0,0.7187861903760703,0.7187861903760703
per_content_trace,sita_sings_the_blues,stage56_evaluation_high_start,static,rebuffering_s,lower,10,2.2376608664432345,0.0,0.0,2.2376608664432345,2.2376608664432345
per_content_trace,sita_sings_the_blues,stage56_evaluation_high_start,static,rebuffering_rate_percent,lower,10,3.72943477740539,0.0,0.0,3.72943477740539,3.72943477740539
per_content_trace,sita_sings_the_blues,stage56_evaluation_high_start,static,average_bitrate_kbps,higher,10,2637.766666666667,0.0,0.0,2637.766666666667,2637.766666666667
per_content_trace,sita_sings_the_blues,stage56_evaluation_high_start,static,average_payload_bitrate_kbps,higher,10,2748.0594666666666,0.0,0.0,2748.0594666666666,2748.0594666666666
per_content_trace,sita_sings_the_blues,stage56_evaluation_high_start,static,buffer_mean_s,descriptive,10,7.410945067700108,0.0,0.0,7.410945067700108,7.410945067700108
per_content_trace,sita_sings_the_blues,stage56_evaluation_high_start,static,buffer_std_s,lower,10,4.214293486717069,0.0,0.0,4.214293486717069,4.214293486717069
per_content_trace,sita_sings_the_blues,stage56_evaluation_high_start,static,mean_objective_reward,higher,10,-0.5550340186097197,0.0,0.0,-0.5550340186097197,-0.5550340186097197
per_content_trace,sita_sings_the_blues,stage56_evaluation_high_start,static,mean_quality_utility,higher,10,0.38581584123960105,0.0,0.0,0.38581584123960105,0.38581584123960105
per_content_trace,sita_sings_the_blues,stage56_evaluation_high_start,static,mean_psnr_y_db,higher,10,43.77977716666667,0.0,0.0,43.77977716666667,43.77977716666667
per_content_trace,sita_sings_the_blues,stage56_evaluation_high_start,static,switch_count,lower,10,12.0,0.0,0.0,12.0,12.0
per_content_trace,sita_sings_the_blues,stage56_evaluation_high_start,static,high_representation_fraction_percent,descriptive,10,31.666666666666668,0.0,0.0,31.666666666666668,31.666666666666668
per_content_trace,sita_sings_the_blues,stage56_evaluation_high_start,throughput,startup_delay_s,lower,10,0.9069729974864653,0.0,0.0,0.9069729974864653,0.9069729974864653
per_content_trace,sita_sings_the_blues,stage56_evaluation_high_start,throughput,rebuffering_s,lower,10,0.0,0.0,0.0,0.0,0.0
per_content_trace,sita_sings_the_blues,stage56_evaluation_high_start,throughput,rebuffering_rate_percent,lower,10,0.0,0.0,0.0,0.0,0.0
per_content_trace,sita_sings_the_blues,stage56_evaluation_high_start,throughput,average_bitrate_kbps,higher,10,2925.6,0.0,0.0,2925.6,2925.6
per_content_trace,sita_sings_the_blues,stage56_evaluation_high_start,throughput,average_payload_bitrate_kbps,higher,10,2882.3928,0.0,0.0,2882.3928,2882.3928
per_content_trace,sita_sings_the_blues,stage56_evaluation_high_start,throughput,buffer_mean_s,descriptive,10,9.148977265234025,0.0,0.0,9.148977265234025,9.148977265234025
per_content_trace,sita_sings_the_blues,stage56_evaluation_high_start,throughput,buffer_std_s,lower,10,4.784103134180483,0.0,0.0,4.784103134180483,4.784103134180483
per_content_trace,sita_sings_the_blues,stage56_evaluation_high_start,throughput,mean_objective_reward,higher,10,0.0850757700967498,0.0,0.0,0.0850757700967498,0.0850757700967498
per_content_trace,sita_sings_the_blues,stage56_evaluation_high_start,throughput,mean_quality_utility,higher,10,0.5457927258580841,0.0,0.0,0.5457927258580841,0.5457927258580841
per_content_trace,sita_sings_the_blues,stage56_evaluation_high_start,throughput,mean_psnr_y_db,higher,10,44.342882949999996,0.0,0.0,44.342882949999996,44.342882949999996
per_content_trace,sita_sings_the_blues,stage56_evaluation_high_start,throughput,switch_count,lower,10,12.0,0.0,0.0,12.0,12.0
per_content_trace,sita_sings_the_blues,stage56_evaluation_high_start,throughput,high_representation_fraction_percent,descriptive,10,21.666666666666668,0.0,0.0,21.666666666666668,21.666666666666668
per_content_trace,sita_sings_the_blues,stage56_evaluation_high_start,bola-basic,startup_delay_s,lower,10,0.7187861903760703,0.0,0.0,0.7187861903760703,0.7187861903760703
per_content_trace,sita_sings_the_blues,stage56_evaluation_high_start,bola-basic,rebuffering_s,lower,10,0.0,0.0,0.0,0.0,0.0
per_content_trace,sita_sings_the_blues,stage56_evaluation_high_start,bola-basic,rebuffering_rate_percent,lower,10,0.0,0.0,0.0,0.0,0.0
per_content_trace,sita_sings_the_blues,stage56_evaluation_high_start,bola-basic,average_bitrate_kbps,higher,10,3083.2,0.0,0.0,3083.2,3083.2
per_content_trace,sita_sings_the_blues,stage56_evaluation_high_start,bola-basic,average_payload_bitrate_kbps,higher,10,3178.2577333333334,0.0,0.0,3178.2577333333334,3178.2577333333334
per_content_trace,sita_sings_the_blues,stage56_evaluation_high_start,bola-basic,buffer_mean_s,descriptive,10,9.846336479719673,0.0,0.0,9.846336479719673,9.846336479719673
per_content_trace,sita_sings_the_blues,stage56_evaluation_high_start,bola-basic,buffer_std_s,lower,10,3.434718825287276,0.0,0.0,3.434718825287276,3.434718825287276
per_content_trace,sita_sings_the_blues,stage56_evaluation_high_start,bola-basic,mean_objective_reward,higher,10,0.3796197843325579,0.0,0.0,0.3796197843325579,0.3796197843325579
per_content_trace,sita_sings_the_blues,stage56_evaluation_high_start,bola-basic,mean_quality_utility,higher,10,0.5668049294561139,0.0,0.0,0.5668049294561139,0.5668049294561139
per_content_trace,sita_sings_the_blues,stage56_evaluation_high_start,bola-basic,mean_psnr_y_db,higher,10,44.70710196666666,0.0,0.0,44.70710196666666,44.70710196666666
per_content_trace,sita_sings_the_blues,stage56_evaluation_high_start,bola-basic,switch_count,lower,10,12.0,0.0,0.0,12.0,12.0
per_content_trace,sita_sings_the_blues,stage56_evaluation_high_start,bola-basic,high_representation_fraction_percent,descriptive,10,28.333333333333332,0.0,0.0,28.333333333333332,28.333333333333332
per_content_trace,sita_sings_the_blues,stage56_evaluation_high_start,robust-mpc,startup_delay_s,lower,10,0.9069729974864653,0.0,0.0,0.9069729974864653,0.9069729974864653
per_content_trace,sita_sings_the_blues,stage56_evaluation_high_start,robust-mpc,rebuffering_s,lower,10,0.0,0.0,0.0,0.0,0.0
per_content_trace,sita_sings_the_blues,stage56_evaluation_high_start,robust-mpc,rebuffering_rate_percent,lower,10,0.0,0.0,0.0,0.0,0.0
per_content_trace,sita_sings_the_blues,stage56_evaluation_high_start,robust-mpc,average_bitrate_kbps,higher,10,3914.4666666666662,0.0,0.0,3914.4666666666662,3914.4666666666662
per_content_trace,sita_sings_the_blues,stage56_evaluation_high_start,robust-mpc,average_payload_bitrate_kbps,higher,10,3362.7727999999997,0.0,0.0,3362.7727999999997,3362.7727999999997
per_content_trace,sita_sings_the_blues,stage56_evaluation_high_start,robust-mpc,buffer_mean_s,descriptive,10,10.23128370078767,0.0,0.0,10.23128370078767,10.23128370078767
per_content_trace,sita_sings_the_blues,stage56_evaluation_high_start,robust-mpc,buffer_std_s,lower,10,3.4372271161273007,0.0,0.0,3.4372271161273007,3.4372271161273007
per_content_trace,sita_sings_the_blues,stage56_evaluation_high_start,robust-mpc,mean_objective_reward,higher,10,0.4784383648882084,0.0,0.0,0.4784383648882084,0.4784383648882084
per_content_trace,sita_sings_the_blues,stage56_evaluation_high_start,robust-mpc,mean_quality_utility,higher,10,0.6886789421242704,0.0,0.0,0.6886789421242704,0.6886789421242704
per_content_trace,sita_sings_the_blues,stage56_evaluation_high_start,robust-mpc,mean_psnr_y_db,higher,10,45.14349443333333,0.0,0.0,45.14349443333333,45.14349443333333
per_content_trace,sita_sings_the_blues,stage56_evaluation_high_start,robust-mpc,switch_count,lower,10,13.0,0.0,0.0,13.0,13.0
per_content_trace,sita_sings_the_blues,stage56_evaluation_high_start,robust-mpc,high_representation_fraction_percent,descriptive,10,56.666666666666664,0.0,0.0,56.666666666666664,56.666666666666664
per_content_trace,sita_sings_the_blues,stage56_evaluation_high_start,q-learning,startup_delay_s,lower,10,0.7187861903760703,0.0,0.0,0.7187861903760703,0.7187861903760703
per_content_trace,sita_sings_the_blues,stage56_evaluation_high_start,q-learning,rebuffering_s,lower,10,0.0,0.0,0.0,0.0,0.0
per_content_trace,sita_sings_the_blues,stage56_evaluation_high_start,q-learning,rebuffering_rate_percent,lower,10,0.0,0.0,0.0,0.0,0.0
per_content_trace,sita_sings_the_blues,stage56_evaluation_high_start,q-learning,average_bitrate_kbps,higher,10,2777.0133333333333,365.2777546937044,261.2858103905918,2515.7275229427414,3038.299143723925
per_content_trace,sita_sings_the_blues,stage56_evaluation_high_start,q-learning,average_payload_bitrate_kbps,higher,10,2719.5763866666666,389.9403411619058,278.9271362279001,2440.6492504387666,2998.5035228945667
per_content_trace,sita_sings_the_blues,stage56_evaluation_high_start,q-learning,buffer_mean_s,descriptive,10,11.022007839284168,1.2335861324442436,0.8823930506596634,10.139614788624504,11.904400889943831
per_content_trace,sita_sings_the_blues,stage56_evaluation_high_start,q-learning,buffer_std_s,lower,10,4.809085490223905,0.7578208335347165,0.5420747036375846,4.2670107865863205,5.351160193861489
per_content_trace,sita_sings_the_blues,stage56_evaluation_high_start,q-learning,mean_objective_reward,higher,10,0.21926093446800685,0.09658268866711239,0.06908629324895382,0.15017464121905302,0.28834722771696064
per_content_trace,sita_sings_the_blues,stage56_evaluation_high_start,q-learning,mean_quality_utility,higher,10,0.48705410157846957,0.0708490712412941,0.05067885124903104,0.4363752503294385,0.5377329528275006
per_content_trace,sita_sings_the_blues,stage56_evaluation_high_start,q-learning,mean_psnr_y_db,higher,10,44.171586845,0.460091326136925,0.3291066413397455,43.84248020366025,44.50069348633975
per_content_trace,sita_sings_the_blues,stage56_evaluation_high_start,q-learning,switch_count,lower,10,26.7,4.001388647846034,2.862222136732228,23.83777786326777,29.562222136732228
per_content_trace,sita_sings_the_blues,stage56_evaluation_high_start,q-learning,high_representation_fraction_percent,descriptive,10,23.5,9.410068156822744,6.7310895683966185,16.76891043160338,30.23108956839662
per_content_trace,tears_of_steel,stage56_evaluation_low_start,static,startup_delay_s,lower,10,2.417917553767716,0.0,0.0,2.417917553767716,2.417917553767716
per_content_trace,tears_of_steel,stage56_evaluation_low_start,static,rebuffering_s,lower,10,0.0,0.0,0.0,0.0,0.0
per_content_trace,tears_of_steel,stage56_evaluation_low_start,static,rebuffering_rate_percent,lower,10,0.0,0.0,0.0,0.0,0.0
per_content_trace,tears_of_steel,stage56_evaluation_low_start,static,average_bitrate_kbps,higher,10,951.65,0.0,0.0,951.65,951.65
per_content_trace,tears_of_steel,stage56_evaluation_low_start,static,average_payload_bitrate_kbps,higher,10,961.3619999999999,0.0,0.0,961.3619999999999,961.3619999999999
per_content_trace,tears_of_steel,stage56_evaluation_low_start,static,buffer_mean_s,descriptive,10,6.594617203060247,0.0,0.0,6.594617203060247,6.594617203060247
per_content_trace,tears_of_steel,stage56_evaluation_low_start,static,buffer_std_s,lower,10,2.0189365561109365,0.0,0.0,2.0189365561109365,2.0189365561109365
per_content_trace,tears_of_steel,stage56_evaluation_low_start,static,mean_objective_reward,higher,10,-0.41938350668486296,0.0,0.0,-0.41938350668486296,-0.41938350668486296
per_content_trace,tears_of_steel,stage56_evaluation_low_start,static,mean_quality_utility,higher,10,0.029019943715303764,0.0,0.0,0.029019943715303764,0.029019943715303764
per_content_trace,tears_of_steel,stage56_evaluation_low_start,static,mean_psnr_y_db,higher,10,42.973309566666664,0.0,0.0,42.973309566666664,42.973309566666664
per_content_trace,tears_of_steel,stage56_evaluation_low_start,static,switch_count,lower,10,2.0,0.0,0.0,2.0,2.0
per_content_trace,tears_of_steel,stage56_evaluation_low_start,static,high_representation_fraction_percent,descriptive,10,0.0,0.0,0.0,0.0,0.0
per_content_trace,tears_of_steel,stage56_evaluation_low_start,throughput,startup_delay_s,lower,10,2.417917553767716,0.0,0.0,2.417917553767716,2.417917553767716
per_content_trace,tears_of_steel,stage56_evaluation_low_start,throughput,rebuffering_s,lower,10,0.0,0.0,0.0,0.0,0.0
per_content_trace,tears_of_steel,stage56_evaluation_low_start,throughput,rebuffering_rate_percent,lower,10,0.0,0.0,0.0,0.0,0.0
per_content_trace,tears_of_steel,stage56_evaluation_low_start,throughput,average_bitrate_kbps,higher,10,1012.6,0.0,0.0,1012.6,1012.6
per_content_trace,tears_of_steel,stage56_evaluation_low_start,throughput,average_payload_bitrate_kbps,higher,10,1002.2273333333335,0.0,0.0,1002.2273333333335,1002.2273333333335
per_content_trace,tears_of_steel,stage56_evaluation_low_start,throughput,buffer_mean_s,descriptive,10,5.739665806960274,0.0,0.0,5.739665806960274,5.739665806960274
per_content_trace,tears_of_steel,stage56_evaluation_low_start,throughput,buffer_std_s,lower,10,1.4755381992864631,0.0,0.0,1.4755381992864631,1.4755381992864631
per_content_trace,tears_of_steel,stage56_evaluation_low_start,throughput,mean_objective_reward,higher,10,-0.5184374695642793,0.0,0.0,-0.5184374695642793,-0.5184374695642793
per_content_trace,tears_of_steel,stage56_evaluation_low_start,throughput,mean_quality_utility,higher,10,0.07315551878479937,0.0,0.0,0.07315551878479937,0.07315551878479937
per_content_trace,tears_of_steel,stage56_evaluation_low_start,throughput,mean_psnr_y_db,higher,10,43.07385863333333,0.0,0.0,43.07385863333333,43.07385863333333
per_content_trace,tears_of_steel,stage56_evaluation_low_start,throughput,switch_count,lower,10,3.0,0.0,0.0,3.0,3.0
per_content_trace,tears_of_steel,stage56_evaluation_low_start,throughput,high_representation_fraction_percent,descriptive,10,0.0,0.0,0.0,0.0,0.0
per_content_trace,tears_of_steel,stage56_evaluation_low_start,bola-basic,startup_delay_s,lower,10,2.417917553767716,0.0,0.0,2.417917553767716,2.417917553767716
per_content_trace,tears_of_steel,stage56_evaluation_low_start,bola-basic,rebuffering_s,lower,10,0.7402470264935403,0.0,0.0,0.7402470264935403,0.7402470264935403
per_content_trace,tears_of_steel,stage56_evaluation_low_start,bola-basic,rebuffering_rate_percent,lower,10,1.2337450441559006,0.0,0.0,1.2337450441559006,1.2337450441559006
per_content_trace,tears_of_steel,stage56_evaluation_low_start,bola-basic,average_bitrate_kbps,higher,10,1052.1333333333334,0.0,0.0,1052.1333333333334,1052.1333333333334
per_content_trace,tears_of_steel,stage56_evaluation_low_start,bola-basic,average_payload_bitrate_kbps,higher,10,1037.0785333333333,0.0,0.0,1037.0785333333333,1037.0785333333333
per_content_trace,tears_of_steel,stage56_evaluation_low_start,bola-basic,buffer_mean_s,descriptive,10,3.6458428012135378,0.0,0.0,3.6458428012135378,3.6458428012135378
per_content_trace,tears_of_steel,stage56_evaluation_low_start,bola-basic,buffer_std_s,lower,10,1.340934696349817,0.0,0.0,1.340934696349817,1.340934696349817
per_content_trace,tears_of_steel,stage56_evaluation_low_start,bola-basic,mean_objective_reward,higher,10,-1.1620829762918974,0.0,0.0,-1.1620829762918974,-1.1620829762918974
per_content_trace,tears_of_steel,stage56_evaluation_low_start,bola-basic,mean_quality_utility,higher,10,0.09754069171306583,0.0,0.0,0.09754069171306583,0.09754069171306583
per_content_trace,tears_of_steel,stage56_evaluation_low_start,bola-basic,mean_psnr_y_db,higher,10,43.16361931666667,0.0,0.0,43.16361931666667,43.16361931666667
per_content_trace,tears_of_steel,stage56_evaluation_low_start,bola-basic,switch_count,lower,10,13.0,0.0,0.0,13.0,13.0
per_content_trace,tears_of_steel,stage56_evaluation_low_start,bola-basic,high_representation_fraction_percent,descriptive,10,0.0,0.0,0.0,0.0,0.0
per_content_trace,tears_of_steel,stage56_evaluation_low_start,robust-mpc,startup_delay_s,lower,10,3.460176729871339,0.0,0.0,3.460176729871339,3.460176729871339
per_content_trace,tears_of_steel,stage56_evaluation_low_start,robust-mpc,rebuffering_s,lower,10,0.0,0.0,0.0,0.0,0.0
per_content_trace,tears_of_steel,stage56_evaluation_low_start,robust-mpc,rebuffering_rate_percent,lower,10,0.0,0.0,0.0,0.0,0.0
per_content_trace,tears_of_steel,stage56_evaluation_low_start,robust-mpc,average_bitrate_kbps,higher,10,1020.8333333333334,0.0,0.0,1020.8333333333334,1020.8333333333334
per_content_trace,tears_of_steel,stage56_evaluation_low_start,robust-mpc,average_payload_bitrate_kbps,higher,10,1024.8862666666666,0.0,0.0,1024.8862666666666,1024.8862666666666
per_content_trace,tears_of_steel,stage56_evaluation_low_start,robust-mpc,buffer_mean_s,descriptive,10,5.924540678233361,0.0,0.0,5.924540678233361,5.924540678233361
per_content_trace,tears_of_steel,stage56_evaluation_low_start,robust-mpc,buffer_std_s,lower,10,1.6311637431384658,0.0,0.0,1.6311637431384658,1.6311637431384658
per_content_trace,tears_of_steel,stage56_evaluation_low_start,robust-mpc,mean_objective_reward,higher,10,-0.4992772986829846,0.0,0.0,-0.4992772986829846,-0.4992772986829846
per_content_trace,tears_of_steel,stage56_evaluation_low_start,robust-mpc,mean_quality_utility,higher,10,0.07169399633977006,0.0,0.0,0.07169399633977006,0.07169399633977006
per_content_trace,tears_of_steel,stage56_evaluation_low_start,robust-mpc,mean_psnr_y_db,higher,10,43.1143,0.0,0.0,43.1143,43.1143
per_content_trace,tears_of_steel,stage56_evaluation_low_start,robust-mpc,switch_count,lower,10,6.0,0.0,0.0,6.0,6.0
per_content_trace,tears_of_steel,stage56_evaluation_low_start,robust-mpc,high_representation_fraction_percent,descriptive,10,0.0,0.0,0.0,0.0,0.0
per_content_trace,tears_of_steel,stage56_evaluation_low_start,q-learning,startup_delay_s,lower,10,2.417917553767716,0.0,0.0,2.417917553767716,2.417917553767716
per_content_trace,tears_of_steel,stage56_evaluation_low_start,q-learning,rebuffering_s,lower,10,9.549027473303607,5.913190987444054,4.229748128090133,5.319279345213474,13.77877560139374
per_content_trace,tears_of_steel,stage56_evaluation_low_start,q-learning,rebuffering_rate_percent,lower,10,15.915045788839342,9.855318312406757,7.049580213483556,8.865465575355785,22.9646260023229
per_content_trace,tears_of_steel,stage56_evaluation_low_start,q-learning,average_bitrate_kbps,higher,10,1289.66,202.20706997567657,144.6401744053765,1145.0198255946236,1434.3001744053765
per_content_trace,tears_of_steel,stage56_evaluation_low_start,q-learning,average_payload_bitrate_kbps,higher,10,1279.7222533333334,198.78114878270938,142.18958828635775,1137.5326650469756,1421.9118416196911
per_content_trace,tears_of_steel,stage56_evaluation_low_start,q-learning,buffer_mean_s,descriptive,10,3.0645538235355856,1.708206934014146,1.2218927304866254,1.8426610930489602,4.286446554022211
per_content_trace,tears_of_steel,stage56_evaluation_low_start,q-learning,buffer_std_s,lower,10,1.5071862134318619,0.28509888666360556,0.20393328826120147,1.3032529251706604,1.7111195016930634
per_content_trace,tears_of_steel,stage56_evaluation_low_start,q-learning,mean_objective_reward,higher,10,-2.6759334330940723,1.2954120741804416,0.9266175923464404,-3.602551025440513,-1.749315840747632
per_content_trace,tears_of_steel,stage56_evaluation_low_start,q-learning,mean_quality_utility,higher,10,0.2152959331293975,0.10051653400929995,0.07190020117238217,0.14339573195701533,0.28719613430177965
per_content_trace,tears_of_steel,stage56_evaluation_low_start,q-learning,mean_psnr_y_db,higher,10,43.59462884166667,0.34037935821259624,0.24347580795163204,43.351153033715036,43.8381046496183
per_content_trace,tears_of_steel,stage56_evaluation_low_start,q-learning,switch_count,lower,10,20.1,8.659612513784257,6.194283238599927,13.905716761400075,26.294283238599927
per_content_trace,tears_of_steel,stage56_evaluation_low_start,q-learning,high_representation_fraction_percent,descriptive,10,0.8333333333333334,2.63523138347365,1.885,-1.0516666666666667,2.7183333333333333
per_content_trace,tears_of_steel,stage56_evaluation_mixed_start,static,startup_delay_s,lower,10,1.4447694307498828,0.0,0.0,1.4447694307498828,1.4447694307498828
per_content_trace,tears_of_steel,stage56_evaluation_mixed_start,static,rebuffering_s,lower,10,0.0,0.0,0.0,0.0,0.0
per_content_trace,tears_of_steel,stage56_evaluation_mixed_start,static,rebuffering_rate_percent,lower,10,0.0,0.0,0.0,0.0,0.0
per_content_trace,tears_of_steel,stage56_evaluation_mixed_start,static,average_bitrate_kbps,higher,10,2682.116666666667,0.0,0.0,2682.116666666667,2682.116666666667
per_content_trace,tears_of_steel,stage56_evaluation_mixed_start,static,average_payload_bitrate_kbps,higher,10,2584.5734666666667,0.0,0.0,2584.5734666666667,2584.5734666666667
per_content_trace,tears_of_steel,stage56_evaluation_mixed_start,static,buffer_mean_s,descriptive,10,13.052526324554359,0.0,0.0,13.052526324554359,13.052526324554359
per_content_trace,tears_of_steel,stage56_evaluation_mixed_start,static,buffer_std_s,lower,10,5.1281880723415885,0.0,0.0,5.1281880723415885,5.1281880723415885
per_content_trace,tears_of_steel,stage56_evaluation_mixed_start,static,mean_objective_reward,higher,10,0.5222136813069614,0.0,0.0,0.5222136813069614,0.5222136813069614
per_content_trace,tears_of_steel,stage56_evaluation_mixed_start,static,mean_quality_utility,higher,10,0.6675581184736852,0.0,0.0,0.6675581184736852,0.6675581184736852
per_content_trace,tears_of_steel,stage56_evaluation_mixed_start,static,mean_psnr_y_db,higher,10,44.987357849999995,0.0,0.0,44.987357849999995,44.987357849999995
per_content_trace,tears_of_steel,stage56_evaluation_mixed_start,static,switch_count,lower,10,3.0,0.0,0.0,3.0,3.0
per_content_trace,tears_of_steel,stage56_evaluation_mixed_start,static,high_representation_fraction_percent,descriptive,10,65.0,0.0,0.0,65.0,65.0
per_content_trace,tears_of_steel,stage56_evaluation_mixed_start,throughput,startup_delay_s,lower,10,2.150151277688907,0.0,0.0,2.150151277688907,2.150151277688907
per_content_trace,tears_of_steel,stage56_evaluation_mixed_start,throughput,rebuffering_s,lower,10,0.0,0.0,0.0,0.0,0.0
per_content_trace,tears_of_steel,stage56_evaluation_mixed_start,throughput,rebuffering_rate_percent,lower,10,0.0,0.0,0.0,0.0,0.0
per_content_trace,tears_of_steel,stage56_evaluation_mixed_start,throughput,average_bitrate_kbps,higher,10,2403.9333333333334,0.0,0.0,2403.9333333333334,2403.9333333333334
per_content_trace,tears_of_steel,stage56_evaluation_mixed_start,throughput,average_payload_bitrate_kbps,higher,10,2247.979733333333,0.0,0.0,2247.979733333333,2247.979733333333
per_content_trace,tears_of_steel,stage56_evaluation_mixed_start,throughput,buffer_mean_s,descriptive,10,12.247860907480687,0.0,0.0,12.247860907480687,12.247860907480687
per_content_trace,tears_of_steel,stage56_evaluation_mixed_start,throughput,buffer_std_s,lower,10,6.1110558766174154,0.0,0.0,6.1110558766174154,6.1110558766174154
per_content_trace,tears_of_steel,stage56_evaluation_mixed_start,throughput,mean_objective_reward,higher,10,0.3565719145653992,0.0,0.0,0.3565719145653992,0.3565719145653992
per_content_trace,tears_of_steel,stage56_evaluation_mixed_start,throughput,mean_quality_utility,higher,10,0.6410908889600562,0.0,0.0,0.6410908889600562,0.6410908889600562
per_content_trace,tears_of_steel,stage56_evaluation_mixed_start,throughput,mean_psnr_y_db,higher,10,45.09701785,0.0,0.0,45.09701785,45.09701785
per_content_trace,tears_of_steel,stage56_evaluation_mixed_start,throughput,switch_count,lower,10,11.0,0.0,0.0,11.0,11.0
per_content_trace,tears_of_steel,stage56_evaluation_mixed_start,throughput,high_representation_fraction_percent,descriptive,10,33.333333333333336,0.0,0.0,33.333333333333336,33.333333333333336
per_content_trace,tears_of_steel,stage56_evaluation_mixed_start,bola-basic,startup_delay_s,lower,10,1.4447694307498828,0.0,0.0,1.4447694307498828,1.4447694307498828
per_content_trace,tears_of_steel,stage56_evaluation_mixed_start,bola-basic,rebuffering_s,lower,10,0.0,0.0,0.0,0.0,0.0
per_content_trace,tears_of_steel,stage56_evaluation_mixed_start,bola-basic,rebuffering_rate_percent,lower,10,0.0,0.0,0.0,0.0,0.0
per_content_trace,tears_of_steel,stage56_evaluation_mixed_start,bola-basic,average_bitrate_kbps,higher,10,2550.7,0.0,0.0,2550.7,2550.7
per_content_trace,tears_of_steel,stage56_evaluation_mixed_start,bola-basic,average_payload_bitrate_kbps,higher,10,2446.7852,0.0,0.0,2446.7852,2446.7852
per_content_trace,tears_of_steel,stage56_evaluation_mixed_start,bola-basic,buffer_mean_s,descriptive,10,11.78527887682249,0.0,0.0,11.78527887682249,11.78527887682249
per_content_trace,tears_of_steel,stage56_evaluation_mixed_start,bola-basic,buffer_std_s,lower,10,5.749042244865217,0.0,0.0,5.749042244865217,5.749042244865217
per_content_trace,tears_of_steel,stage56_evaluation_mixed_start,bola-basic,mean_objective_reward,higher,10,0.42274652908586213,0.0,0.0,0.42274652908586213,0.42274652908586213
per_content_trace,tears_of_steel,stage56_evaluation_mixed_start,bola-basic,mean_quality_utility,higher,10,0.6731386976173586,0.0,0.0,0.6731386976173586,0.6731386976173586
per_content_trace,tears_of_steel,stage56_evaluation_mixed_start,bola-basic,mean_psnr_y_db,higher,10,45.123950300000004,0.0,0.0,45.123950300000004,45.123950300000004
per_content_trace,tears_of_steel,stage56_evaluation_mixed_start,bola-basic,switch_count,lower,10,5.0,0.0,0.0,5.0,5.0
per_content_trace,tears_of_steel,stage56_evaluation_mixed_start,bola-basic,high_representation_fraction_percent,descriptive,10,50.0,0.0,0.0,50.0,50.0
per_content_trace,tears_of_steel,stage56_evaluation_mixed_start,robust-mpc,startup_delay_s,lower,10,3.827713804383984,0.0,0.0,3.827713804383984,3.827713804383984
per_content_trace,tears_of_steel,stage56_evaluation_mixed_start,robust-mpc,rebuffering_s,lower,10,0.0,0.0,0.0,0.0,0.0
per_content_trace,tears_of_steel,stage56_evaluation_mixed_start,robust-mpc,rebuffering_rate_percent,lower,10,0.0,0.0,0.0,0.0,0.0
per_content_trace,tears_of_steel,stage56_evaluation_mixed_start,robust-mpc,average_bitrate_kbps,higher,10,2839.9333333333334,0.0,0.0,2839.9333333333334,2839.9333333333334
per_content_trace,tears_of_steel,stage56_evaluation_mixed_start,robust-mpc,average_payload_bitrate_kbps,higher,10,2675.3188,0.0,0.0,2675.3188,2675.3188
per_content_trace,tears_of_steel,stage56_evaluation_mixed_start,robust-mpc,buffer_mean_s,descriptive,10,12.117351538998275,0.0,0.0,12.117351538998275,12.117351538998275
per_content_trace,tears_of_steel,stage56_evaluation_mixed_start,robust-mpc,buffer_std_s,lower,10,5.5285153295440015,0.0,0.0,5.5285153295440015,5.5285153295440015
per_content_trace,tears_of_steel,stage56_evaluation_mixed_start,robust-mpc,mean_objective_reward,higher,10,0.5066587745796627,0.0,0.0,0.5066587745796627,0.5066587745796627
per_content_trace,tears_of_steel,stage56_evaluation_mixed_start,robust-mpc,mean_quality_utility,higher,10,0.75055324947057,0.0,0.0,0.75055324947057,0.75055324947057
per_content_trace,tears_of_steel,stage56_evaluation_mixed_start,robust-mpc,mean_psnr_y_db,higher,10,45.33244908333334,0.0,0.0,45.33244908333334,45.33244908333334
per_content_trace,tears_of_steel,stage56_evaluation_mixed_start,robust-mpc,switch_count,lower,10,7.0,0.0,0.0,7.0,7.0
per_content_trace,tears_of_steel,stage56_evaluation_mixed_start,robust-mpc,high_representation_fraction_percent,descriptive,10,66.66666666666667,0.0,0.0,66.66666666666667,66.66666666666667
per_content_trace,tears_of_steel,stage56_evaluation_mixed_start,q-learning,startup_delay_s,lower,10,1.4447694307498828,0.0,0.0,1.4447694307498828,1.4447694307498828
per_content_trace,tears_of_steel,stage56_evaluation_mixed_start,q-learning,rebuffering_s,lower,10,0.06701478478667496,0.21191935683189397,0.15158744318745873,-0.08457265840078378,0.2186022279741337
per_content_trace,tears_of_steel,stage56_evaluation_mixed_start,q-learning,rebuffering_rate_percent,lower,10,0.11169130797779159,0.3531989280531566,0.25264573864576456,-0.14095443066797297,0.36433704662355615
per_content_trace,tears_of_steel,stage56_evaluation_mixed_start,q-learning,average_bitrate_kbps,higher,10,2052.82,238.84129458701227,170.84489928283367,1881.9751007171665,2223.6648992828336
per_content_trace,tears_of_steel,stage56_evaluation_mixed_start,q-learning,average_payload_bitrate_kbps,higher,10,2003.9010133333334,220.9076119308173,158.01680683564703,1845.8842064976864,2161.9178201689806
per_content_trace,tears_of_steel,stage56_evaluation_mixed_start,q-learning,buffer_mean_s,descriptive,10,12.478327222066415,1.6252640966743435,1.1625631211908234,11.315764100875592,13.640890343257238
per_content_trace,tears_of_steel,stage56_evaluation_mixed_start,q-learning,buffer_std_s,lower,10,5.927714079173326,0.2495974900683662,0.17853888342764374,5.749175195745682,6.106252962600969
per_content_trace,tears_of_steel,stage56_evaluation_mixed_start,q-learning,mean_objective_reward,higher,10,0.20312196137236155,0.10903655292578254,0.07799463210481884,0.12512732926754272,0.2811165934771804
per_content_trace,tears_of_steel,stage56_evaluation_mixed_start,q-learning,mean_quality_utility,higher,10,0.5040224958321299,0.08653152612815034,0.06189662424881879,0.44212587158331107,0.5659191200809487
per_content_trace,tears_of_steel,stage56_evaluation_mixed_start,q-learning,mean_psnr_y_db,higher,10,44.585623415,0.2906484684049696,0.20790294407513688,44.377720470924864,44.79352635907514
per_content_trace,tears_of_steel,stage56_evaluation_mixed_start,q-learning,switch_count,lower,10,24.4,2.4585451886114367,1.7586150914853427,22.641384908514656,26.15861509148534
per_content_trace,tears_of_steel,stage56_evaluation_mixed_start,q-learning,high_representation_fraction_percent,descriptive,10,23.833333333333336,11.467883225731432,8.203059517304775,15.630273816028561,32.03639285063811
per_content_trace,tears_of_steel,stage56_evaluation_high_start,static,startup_delay_s,lower,10,0.5313355950348654,0.0,0.0,0.5313355950348654,0.5313355950348654
per_content_trace,tears_of_steel,stage56_evaluation_high_start,static,rebuffering_s,lower,10,0.0,0.0,0.0,0.0,0.0
per_content_trace,tears_of_steel,stage56_evaluation_high_start,static,rebuffering_rate_percent,lower,10,0.0,0.0,0.0,0.0,0.0
per_content_trace,tears_of_steel,stage56_evaluation_high_start,static,average_bitrate_kbps,higher,10,2558.8166666666666,0.0,0.0,2558.8166666666666,2558.8166666666666
per_content_trace,tears_of_steel,stage56_evaluation_high_start,static,average_payload_bitrate_kbps,higher,10,2640.835866666667,0.0,0.0,2640.835866666667,2640.835866666667
per_content_trace,tears_of_steel,stage56_evaluation_high_start,static,buffer_mean_s,descriptive,10,10.102129165308892,0.0,0.0,10.102129165308892,10.102129165308892
per_content_trace,tears_of_steel,stage56_evaluation_high_start,static,buffer_std_s,lower,10,4.271630035886545,0.0,0.0,4.271630035886545,4.271630035886545
per_content_trace,tears_of_steel,stage56_evaluation_high_start,static,mean_objective_reward,higher,10,0.4037586302219561,0.0,0.0,0.4037586302219561,0.4037586302219561
per_content_trace,tears_of_steel,stage56_evaluation_high_start,static,mean_quality_utility,higher,10,0.6514447012775885,0.0,0.0,0.6514447012775885,0.6514447012775885
per_content_trace,tears_of_steel,stage56_evaluation_high_start,static,mean_psnr_y_db,higher,10,45.0656325,0.0,0.0,45.0656325,45.0656325
per_content_trace,tears_of_steel,stage56_evaluation_high_start,static,switch_count,lower,10,7.0,0.0,0.0,7.0,7.0
per_content_trace,tears_of_steel,stage56_evaluation_high_start,static,high_representation_fraction_percent,descriptive,10,55.0,0.0,0.0,55.0,55.0
per_content_trace,tears_of_steel,stage56_evaluation_high_start,throughput,startup_delay_s,lower,10,1.4679369599222611,0.0,0.0,1.4679369599222611,1.4679369599222611
per_content_trace,tears_of_steel,stage56_evaluation_high_start,throughput,rebuffering_s,lower,10,0.0,0.0,0.0,0.0,0.0
per_content_trace,tears_of_steel,stage56_evaluation_high_start,throughput,rebuffering_rate_percent,lower,10,0.0,0.0,0.0,0.0,0.0
per_content_trace,tears_of_steel,stage56_evaluation_high_start,throughput,average_bitrate_kbps,higher,10,2644.383333333333,0.0,0.0,2644.383333333333,2644.383333333333
per_content_trace,tears_of_steel,stage56_evaluation_high_start,throughput,average_payload_bitrate_kbps,higher,10,2517.8446666666664,0.0,0.0,2517.8446666666664,2517.8446666666664
per_content_trace,tears_of_steel,stage56_evaluation_high_start,throughput,buffer_mean_s,descriptive,10,11.619177272523178,0.0,0.0,11.619177272523178,11.619177272523178
per_content_trace,tears_of_steel,stage56_evaluation_high_start,throughput,buffer_std_s,lower,10,5.772166146159361,0.0,0.0,5.772166146159361,5.772166146159361
per_content_trace,tears_of_steel,stage56_evaluation_high_start,throughput,mean_objective_reward,higher,10,0.4176394011189922,0.0,0.0,0.4176394011189922,0.4176394011189922
per_content_trace,tears_of_steel,stage56_evaluation_high_start,throughput,mean_quality_utility,higher,10,0.7171150960852966,0.0,0.0,0.7171150960852966,0.7171150960852966
per_content_trace,tears_of_steel,stage56_evaluation_high_start,throughput,mean_psnr_y_db,higher,10,45.170722966666666,0.0,0.0,45.170722966666666,45.170722966666666
per_content_trace,tears_of_steel,stage56_evaluation_high_start,throughput,switch_count,lower,10,11.0,0.0,0.0,11.0,11.0
per_content_trace,tears_of_steel,stage56_evaluation_high_start,throughput,high_representation_fraction_percent,descriptive,10,46.666666666666664,0.0,0.0,46.666666666666664,46.666666666666664
per_content_trace,tears_of_steel,stage56_evaluation_high_start,bola-basic,startup_delay_s,lower,10,0.5313355950348654,0.0,0.0,0.5313355950348654,0.5313355950348654
per_content_trace,tears_of_steel,stage56_evaluation_high_start,bola-basic,rebuffering_s,lower,10,0.0,0.0,0.0,0.0,0.0
per_content_trace,tears_of_steel,stage56_evaluation_high_start,bola-basic,rebuffering_rate_percent,lower,10,0.0,0.0,0.0,0.0,0.0
per_content_trace,tears_of_steel,stage56_evaluation_high_start,bola-basic,average_bitrate_kbps,higher,10,2714.5833333333335,0.0,0.0,2714.5833333333335,2714.5833333333335
per_content_trace,tears_of_steel,stage56_evaluation_high_start,bola-basic,average_payload_bitrate_kbps,higher,10,2683.7662666666665,0.0,0.0,2683.7662666666665,2683.7662666666665
per_content_trace,tears_of_steel,stage56_evaluation_high_start,bola-basic,buffer_mean_s,descriptive,10,11.253086047503725,0.0,0.0,11.253086047503725,11.253086047503725
per_content_trace,tears_of_steel,stage56_evaluation_high_start,bola-basic,buffer_std_s,lower,10,4.4955534095986565,0.0,0.0,4.4955534095986565,4.4955534095986565
per_content_trace,tears_of_steel,stage56_evaluation_high_start,bola-basic,mean_objective_reward,higher,10,0.5745610117067858,0.0,0.0,0.5745610117067858,0.5745610117067858
per_content_trace,tears_of_steel,stage56_evaluation_high_start,bola-basic,mean_quality_utility,higher,10,0.7382558429544968,0.0,0.0,0.7382558429544968,0.7382558429544968
per_content_trace,tears_of_steel,stage56_evaluation_high_start,bola-basic,mean_psnr_y_db,higher,10,45.25765498333333,0.0,0.0,45.25765498333333,45.25765498333333
per_content_trace,tears_of_steel,stage56_evaluation_high_start,bola-basic,switch_count,lower,10,7.0,0.0,0.0,7.0,7.0
per_content_trace,tears_of_steel,stage56_evaluation_high_start,bola-basic,high_representation_fraction_percent,descriptive,10,50.0,0.0,0.0,50.0,50.0
per_content_trace,tears_of_steel,stage56_evaluation_high_start,robust-mpc,startup_delay_s,lower,10,1.4679369599222611,0.0,0.0,1.4679369599222611,1.4679369599222611
per_content_trace,tears_of_steel,stage56_evaluation_high_start,robust-mpc,rebuffering_s,lower,10,0.0,0.0,0.0,0.0,0.0
per_content_trace,tears_of_steel,stage56_evaluation_high_start,robust-mpc,rebuffering_rate_percent,lower,10,0.0,0.0,0.0,0.0,0.0
per_content_trace,tears_of_steel,stage56_evaluation_high_start,robust-mpc,average_bitrate_kbps,higher,10,2922.7166666666667,0.0,0.0,2922.7166666666667,2922.7166666666667
per_content_trace,tears_of_steel,stage56_evaluation_high_start,robust-mpc,average_payload_bitrate_kbps,higher,10,2738.7433333333333,0.0,0.0,2738.7433333333333,2738.7433333333333
per_content_trace,tears_of_steel,stage56_evaluation_high_start,robust-mpc,buffer_mean_s,descriptive,10,11.333814661311973,0.0,0.0,11.333814661311973,11.333814661311973
per_content_trace,tears_of_steel,stage56_evaluation_high_start,robust-mpc,buffer_std_s,lower,10,4.827702328936496,0.0,0.0,4.827702328936496,4.827702328936496
per_content_trace,tears_of_steel,stage56_evaluation_high_start,robust-mpc,mean_objective_reward,higher,10,0.5771100256662679,0.0,0.0,0.5771100256662679,0.5771100256662679
per_content_trace,tears_of_steel,stage56_evaluation_high_start,robust-mpc,mean_quality_utility,higher,10,0.8099666604617075,0.0,0.0,0.8099666604617075,0.8099666604617075
per_content_trace,tears_of_steel,stage56_evaluation_high_start,robust-mpc,mean_psnr_y_db,higher,10,45.47167615,0.0,0.0,45.47167615,45.47167615
per_content_trace,tears_of_steel,stage56_evaluation_high_start,robust-mpc,switch_count,lower,10,9.0,0.0,0.0,9.0,9.0
per_content_trace,tears_of_steel,stage56_evaluation_high_start,robust-mpc,high_representation_fraction_percent,descriptive,10,60.0,0.0,0.0,60.0,60.0
per_content_trace,tears_of_steel,stage56_evaluation_high_start,q-learning,startup_delay_s,lower,10,0.5313355950348654,0.0,0.0,0.5313355950348654,0.5313355950348654
per_content_trace,tears_of_steel,stage56_evaluation_high_start,q-learning,rebuffering_s,lower,10,0.0,0.0,0.0,0.0,0.0
per_content_trace,tears_of_steel,stage56_evaluation_high_start,q-learning,rebuffering_rate_percent,lower,10,0.0,0.0,0.0,0.0,0.0
per_content_trace,tears_of_steel,stage56_evaluation_high_start,q-learning,average_bitrate_kbps,higher,10,2065.858333333333,364.181816046448,260.5018775780752,1805.356455755258,2326.360210911408
per_content_trace,tears_of_steel,stage56_evaluation_high_start,q-learning,average_payload_bitrate_kbps,higher,10,2030.4946,340.8536201129333,243.81505090682066,1786.6795490931793,2274.3096509068205
per_content_trace,tears_of_steel,stage56_evaluation_high_start,q-learning,buffer_mean_s,descriptive,10,13.458951780807137,1.086627155131334,0.7772722350940559,12.68167954571308,14.236224015901193
per_content_trace,tears_of_steel,stage56_evaluation_high_start,q-learning,buffer_std_s,lower,10,5.426097544053391,0.42415127412613957,0.30339846312617647,5.122699080927215,5.729496007179567
per_content_trace,tears_of_steel,stage56_evaluation_high_start,q-learning,mean_objective_reward,higher,10,0.3090606061495983,0.12038156383197703,0.08610980016645119,0.2229508059831471,0.3951704063160495
per_content_trace,tears_of_steel,stage56_evaluation_high_start,q-learning,mean_quality_utility,higher,10,0.5049276424795359,0.12444991234231648,0.08901991917538661,0.4159077233041493,0.5939475616549226
per_content_trace,tears_of_steel,stage56_evaluation_high_start,q-learning,mean_psnr_y_db,higher,10,44.47727307,0.42073933176461986,0.30095787616603376,44.17631519383397,44.77823094616603
per_content_trace,tears_of_steel,stage56_evaluation_high_start,q-learning,switch_count,lower,10,24.0,3.9157800414902435,2.8009856836478115,21.199014316352187,26.800985683647813
per_content_trace,tears_of_steel,stage56_evaluation_high_start,q-learning,high_representation_fraction_percent,descriptive,10,26.333333333333332,16.13599610716272,11.542194303222127,14.791139030111205,37.87552763655546
per_content_per_seed,big_buck_bunny,all_evaluation_traces,static,startup_delay_s,lower,10,1.7355623477319768,0.0,0.0,1.7355623477319768,1.7355623477319768
per_content_per_seed,big_buck_bunny,all_evaluation_traces,static,rebuffering_s,lower,10,0.1554950010205777,0.0,0.0,0.1554950010205777,0.1554950010205777
per_content_per_seed,big_buck_bunny,all_evaluation_traces,static,rebuffering_rate_percent,lower,10,0.25915833503429614,0.0,0.0,0.25915833503429614,0.25915833503429614
per_content_per_seed,big_buck_bunny,all_evaluation_traces,static,average_bitrate_kbps,higher,10,2249.038888888889,0.0,0.0,2249.038888888889,2249.038888888889
per_content_per_seed,big_buck_bunny,all_evaluation_traces,static,average_payload_bitrate_kbps,higher,10,2260.810444444445,0.0,0.0,2260.810444444445,2260.810444444445
per_content_per_seed,big_buck_bunny,all_evaluation_traces,static,buffer_mean_s,descriptive,10,8.47411107578512,0.0,0.0,8.47411107578512,8.47411107578512
per_content_per_seed,big_buck_bunny,all_evaluation_traces,static,buffer_std_s,lower,10,3.2473097515839933,0.0,0.0,3.2473097515839933,3.2473097515839933
per_content_per_seed,big_buck_bunny,all_evaluation_traces,static,mean_objective_reward,higher,10,-0.017465498420365117,0.0,0.0,-0.017465498420365117,-0.017465498420365117
per_content_per_seed,big_buck_bunny,all_evaluation_traces,static,mean_quality_utility,higher,10,0.47376660188926,0.0,0.0,0.47376660188926,0.47376660188926
per_content_per_seed,big_buck_bunny,all_evaluation_traces,static,mean_psnr_y_db,higher,10,45.50032646111111,0.0,0.0,45.50032646111111,45.50032646111111
per_content_per_seed,big_buck_bunny,all_evaluation_traces,static,switch_count,lower,10,2.0,0.0,0.0,2.0,2.0
per_content_per_seed,big_buck_bunny,all_evaluation_traces,static,high_representation_fraction_percent,descriptive,10,46.111111111111114,0.0,0.0,46.111111111111114,46.111111111111114
per_content_per_seed,big_buck_bunny,all_evaluation_traces,throughput,startup_delay_s,lower,10,2.332821169064978,0.0,0.0,2.332821169064978,2.332821169064978
per_content_per_seed,big_buck_bunny,all_evaluation_traces,throughput,rebuffering_s,lower,10,0.6067284011013111,0.0,0.0,0.6067284011013111,0.6067284011013111
per_content_per_seed,big_buck_bunny,all_evaluation_traces,throughput,rebuffering_rate_percent,lower,10,1.0112140018355185,0.0,0.0,1.0112140018355185,1.0112140018355185
per_content_per_seed,big_buck_bunny,all_evaluation_traces,throughput,average_bitrate_kbps,higher,10,2081.572222222222,0.0,0.0,2081.572222222222,2081.572222222222
per_content_per_seed,big_buck_bunny,all_evaluation_traces,throughput,average_payload_bitrate_kbps,higher,10,2080.946088888889,0.0,0.0,2080.946088888889,2080.946088888889
per_content_per_seed,big_buck_bunny,all_evaluation_traces,throughput,buffer_mean_s,descriptive,10,8.803414828133297,0.0,0.0,8.803414828133297,8.803414828133297
per_content_per_seed,big_buck_bunny,all_evaluation_traces,throughput,buffer_std_s,lower,10,4.326413050744308,0.0,0.0,4.326413050744308,4.326413050744308
per_content_per_seed,big_buck_bunny,all_evaluation_traces,throughput,mean_objective_reward,higher,10,-0.24193356182375028,0.0,0.0,-0.24193356182375028,-0.24193356182375028
per_content_per_seed,big_buck_bunny,all_evaluation_traces,throughput,mean_quality_utility,higher,10,0.4530317179398703,0.0,0.0,0.4530317179398703,0.4530317179398703
per_content_per_seed,big_buck_bunny,all_evaluation_traces,throughput,mean_psnr_y_db,higher,10,45.53141669444445,0.0,0.0,45.53141669444445,45.53141669444445
per_content_per_seed,big_buck_bunny,all_evaluation_traces,throughput,switch_count,lower,10,10.0,0.0,0.0,10.0,10.0
per_content_per_seed,big_buck_bunny,all_evaluation_traces,throughput,high_representation_fraction_percent,descriptive,10,26.666666666666668,0.0,0.0,26.666666666666668,26.666666666666668
per_content_per_seed,big_buck_bunny,all_evaluation_traces,bola-basic,startup_delay_s,lower,10,1.7355623477319768,0.0,0.0,1.7355623477319768,1.7355623477319768
per_content_per_seed,big_buck_bunny,all_evaluation_traces,bola-basic,rebuffering_s,lower,10,1.1164849114781263,0.0,0.0,1.1164849114781263,1.1164849114781263
per_content_per_seed,big_buck_bunny,all_evaluation_traces,bola-basic,rebuffering_rate_percent,lower,10,1.8608081857968775,0.0,0.0,1.8608081857968775,1.8608081857968775
per_content_per_seed,big_buck_bunny,all_evaluation_traces,bola-basic,average_bitrate_kbps,higher,10,2176.0111111111114,0.0,0.0,2176.0111111111114,2176.0111111111114
per_content_per_seed,big_buck_bunny,all_evaluation_traces,bola-basic,average_payload_bitrate_kbps,higher,10,2186.620844444444,0.0,0.0,2186.620844444444,2186.620844444444
per_content_per_seed,big_buck_bunny,all_evaluation_traces,bola-basic,buffer_mean_s,descriptive,10,7.847001863848166,0.0,0.0,7.847001863848166,7.847001863848166
per_content_per_seed,big_buck_bunny,all_evaluation_traces,bola-basic,buffer_std_s,lower,10,3.5813371575639614,0.0,0.0,3.5813371575639614,3.5813371575639614
per_content_per_seed,big_buck_bunny,all_evaluation_traces,bola-basic,mean_objective_reward,higher,10,-0.32097052776496643,0.0,0.0,-0.32097052776496643,-0.32097052776496643
per_content_per_seed,big_buck_bunny,all_evaluation_traces,bola-basic,mean_quality_utility,higher,10,0.494559113412324,0.0,0.0,0.494559113412324,0.494559113412324
per_content_per_seed,big_buck_bunny,all_evaluation_traces,bola-basic,mean_psnr_y_db,higher,10,45.665214038888884,0.0,0.0,45.665214038888884,45.665214038888884
per_content_per_seed,big_buck_bunny,all_evaluation_traces,bola-basic,switch_count,lower,10,6.333333333333333,0.0,0.0,6.333333333333333,6.333333333333333
per_content_per_seed,big_buck_bunny,all_evaluation_traces,bola-basic,high_representation_fraction_percent,descriptive,10,28.888888888888886,0.0,0.0,28.888888888888886,28.888888888888886
per_content_per_seed,big_buck_bunny,all_evaluation_traces,robust-mpc,startup_delay_s,lower,10,3.3371815651015817,0.0,0.0,3.3371815651015817,3.3371815651015817
per_content_per_seed,big_buck_bunny,all_evaluation_traces,robust-mpc,rebuffering_s,lower,10,0.1554950010205777,0.0,0.0,0.1554950010205777,0.1554950010205777
per_content_per_seed,big_buck_bunny,all_evaluation_traces,robust-mpc,rebuffering_rate_percent,lower,10,0.25915833503429614,0.0,0.0,0.25915833503429614,0.25915833503429614
per_content_per_seed,big_buck_bunny,all_evaluation_traces,robust-mpc,average_bitrate_kbps,higher,10,2254.0444444444443,0.0,0.0,2254.0444444444443,2254.0444444444443
per_content_per_seed,big_buck_bunny,all_evaluation_traces,robust-mpc,average_payload_bitrate_kbps,higher,10,2245.5355555555557,0.0,0.0,2245.5355555555557,2245.5355555555557
per_content_per_seed,big_buck_bunny,all_evaluation_traces,robust-mpc,buffer_mean_s,descriptive,10,9.10879090632856,0.0,0.0,9.10879090632856,9.10879090632856
per_content_per_seed,big_buck_bunny,all_evaluation_traces,robust-mpc,buffer_std_s,lower,10,3.898023783143567,0.0,0.0,3.898023783143567,3.898023783143567
per_content_per_seed,big_buck_bunny,all_evaluation_traces,robust-mpc,mean_objective_reward,higher,10,-0.032099987000207074,0.0,0.0,-0.032099987000207074,-0.032099987000207074
per_content_per_seed,big_buck_bunny,all_evaluation_traces,robust-mpc,mean_quality_utility,higher,10,0.5086091845488457,0.0,0.0,0.5086091845488457,0.5086091845488457
per_content_per_seed,big_buck_bunny,all_evaluation_traces,robust-mpc,mean_psnr_y_db,higher,10,45.732619605555556,0.0,0.0,45.732619605555556,45.732619605555556
per_content_per_seed,big_buck_bunny,all_evaluation_traces,robust-mpc,switch_count,lower,10,6.333333333333333,0.0,0.0,6.333333333333333,6.333333333333333
per_content_per_seed,big_buck_bunny,all_evaluation_traces,robust-mpc,high_representation_fraction_percent,descriptive,10,37.22222222222222,0.0,0.0,37.22222222222222,37.22222222222222
per_content_per_seed,big_buck_bunny,all_evaluation_traces,q-learning,startup_delay_s,lower,10,1.7355623477319768,0.0,0.0,1.7355623477319768,1.7355623477319768
per_content_per_seed,big_buck_bunny,all_evaluation_traces,q-learning,rebuffering_s,lower,10,5.517343443526294,1.5532841227695036,1.1110753271164477,4.406268116409846,6.628418770642742
per_content_per_seed,big_buck_bunny,all_evaluation_traces,q-learning,rebuffering_rate_percent,lower,10,9.195572405877156,2.5888068712825056,1.851792211860746,7.343780194016411,11.047364617737902
per_content_per_seed,big_buck_bunny,all_evaluation_traces,q-learning,average_bitrate_kbps,higher,10,2180.0683333333336,153.61520145135702,109.88206066144984,2070.1862726718837,2289.9503939947836
per_content_per_seed,big_buck_bunny,all_evaluation_traces,q-learning,average_payload_bitrate_kbps,higher,10,2173.3453955555556,156.1003522837384,111.65970696166353,2061.685688593892,2285.0051025172193
per_content_per_seed,big_buck_bunny,all_evaluation_traces,q-learning,buffer_mean_s,descriptive,10,7.591026524317255,0.754715579737625,0.5398534932177991,7.051173031099456,8.130880017535054
per_content_per_seed,big_buck_bunny,all_evaluation_traces,q-learning,buffer_std_s,lower,10,3.70847903375119,0.33624943289907083,0.2405216426116103,3.4679573911395796,3.9490006763628003
per_content_per_seed,big_buck_bunny,all_evaluation_traces,q-learning,mean_objective_reward,higher,10,-1.2228749414790285,0.23076455139589752,0.16506754667132115,-1.3879424881503497,-1.0578073948077074
per_content_per_seed,big_buck_bunny,all_evaluation_traces,q-learning,mean_quality_utility,higher,10,0.5049370407602451,0.057940610671731466,0.041445336375831726,0.46349170438441345,0.5463823771360768
per_content_per_seed,big_buck_bunny,all_evaluation_traces,q-learning,mean_psnr_y_db,higher,10,45.72998105166666,0.3185376076762313,0.22785224638536944,45.502128805281295,45.95783329805203
per_content_per_seed,big_buck_bunny,all_evaluation_traces,q-learning,switch_count,lower,10,23.5,3.5598931874668427,2.5464172521843746,20.953582747815624,26.046417252184376
per_content_per_seed,big_buck_bunny,all_evaluation_traces,q-learning,high_representation_fraction_percent,descriptive,10,25.833333333333332,6.626680494475144,4.740112314395769,21.093221018937562,30.573445647729102
per_content_per_seed,elephants_dream,all_evaluation_traces,static,startup_delay_s,lower,10,1.4157865844202355,0.0,0.0,1.4157865844202355,1.4157865844202355
per_content_per_seed,elephants_dream,all_evaluation_traces,static,rebuffering_s,lower,10,2.0786442997217347,0.0,0.0,2.0786442997217347,2.0786442997217347
per_content_per_seed,elephants_dream,all_evaluation_traces,static,rebuffering_rate_percent,lower,10,3.4644071662028906,0.0,0.0,3.4644071662028906,3.4644071662028906
per_content_per_seed,elephants_dream,all_evaluation_traces,static,average_bitrate_kbps,higher,10,2777.0,0.0,0.0,2777.0,2777.0
per_content_per_seed,elephants_dream,all_evaluation_traces,static,average_payload_bitrate_kbps,higher,10,2407.6568444444442,0.0,0.0,2407.6568444444442,2407.6568444444442
per_content_per_seed,elephants_dream,all_evaluation_traces,static,buffer_mean_s,descriptive,10,7.72639129624873,0.0,0.0,7.72639129624873,7.72639129624873
per_content_per_seed,elephants_dream,all_evaluation_traces,static,buffer_std_s,lower,10,3.2558953240899355,0.0,0.0,3.2558953240899355,3.2558953240899355
per_content_per_seed,elephants_dream,all_evaluation_traces,static,mean_objective_reward,higher,10,-0.3983183713450442,0.0,0.0,-0.3983183713450442,-0.3983183713450442
per_content_per_seed,elephants_dream,all_evaluation_traces,static,mean_quality_utility,higher,10,0.4287952006852446,0.0,0.0,0.4287952006852446,0.4287952006852446
per_content_per_seed,elephants_dream,all_evaluation_traces,static,mean_psnr_y_db,higher,10,44.49494286666667,0.0,0.0,44.49494286666667,44.49494286666667
per_content_per_seed,elephants_dream,all_evaluation_traces,static,switch_count,lower,10,4.666666666666667,0.0,0.0,4.666666666666667,4.666666666666667
per_content_per_seed,elephants_dream,all_evaluation_traces,static,high_representation_fraction_percent,descriptive,10,39.44444444444445,0.0,0.0,39.44444444444445,39.44444444444445
per_content_per_seed,elephants_dream,all_evaluation_traces,throughput,startup_delay_s,lower,10,2.547081959610989,0.0,0.0,2.547081959610989,2.547081959610989
per_content_per_seed,elephants_dream,all_evaluation_traces,throughput,rebuffering_s,lower,10,0.270793059965533,0.0,0.0,0.270793059965533,0.270793059965533
per_content_per_seed,elephants_dream,all_evaluation_traces,throughput,rebuffering_rate_percent,lower,10,0.45132176660922163,0.0,0.0,0.45132176660922163,0.45132176660922163
per_content_per_seed,elephants_dream,all_evaluation_traces,throughput,average_bitrate_kbps,higher,10,2324.8555555555554,0.0,0.0,2324.8555555555554,2324.8555555555554
per_content_per_seed,elephants_dream,all_evaluation_traces,throughput,average_payload_bitrate_kbps,higher,10,2171.089288888889,0.0,0.0,2171.089288888889,2171.089288888889
per_content_per_seed,elephants_dream,all_evaluation_traces,throughput,buffer_mean_s,descriptive,10,8.785332366458638,0.0,0.0,8.785332366458638,8.785332366458638
per_content_per_seed,elephants_dream,all_evaluation_traces,throughput,buffer_std_s,lower,10,4.658373691113774,0.0,0.0,4.658373691113774,4.658373691113774
per_content_per_seed,elephants_dream,all_evaluation_traces,throughput,mean_objective_reward,higher,10,-0.2081235384423227,0.0,0.0,-0.2081235384423227,-0.2081235384423227
per_content_per_seed,elephants_dream,all_evaluation_traces,throughput,mean_quality_utility,higher,10,0.3714111944316971,0.0,0.0,0.3714111944316971,0.3714111944316971
per_content_per_seed,elephants_dream,all_evaluation_traces,throughput,mean_psnr_y_db,higher,10,44.31087196666667,0.0,0.0,44.31087196666667,44.31087196666667
per_content_per_seed,elephants_dream,all_evaluation_traces,throughput,switch_count,lower,10,7.0,0.0,0.0,7.0,7.0
per_content_per_seed,elephants_dream,all_evaluation_traces,throughput,high_representation_fraction_percent,descriptive,10,18.333333333333332,0.0,0.0,18.333333333333332,18.333333333333332
per_content_per_seed,elephants_dream,all_evaluation_traces,bola-basic,startup_delay_s,lower,10,1.4157865844202355,0.0,0.0,1.4157865844202355,1.4157865844202355
per_content_per_seed,elephants_dream,all_evaluation_traces,bola-basic,rebuffering_s,lower,10,1.997373224921373,0.0,0.0,1.997373224921373,1.997373224921373
per_content_per_seed,elephants_dream,all_evaluation_traces,bola-basic,rebuffering_rate_percent,lower,10,3.3289553748689555,0.0,0.0,3.3289553748689555,3.3289553748689555
per_content_per_seed,elephants_dream,all_evaluation_traces,bola-basic,average_bitrate_kbps,higher,10,2591.266666666667,0.0,0.0,2591.266666666667,2591.266666666667
per_content_per_seed,elephants_dream,all_evaluation_traces,bola-basic,average_payload_bitrate_kbps,higher,10,2259.7455999999997,0.0,0.0,2259.7455999999997,2259.7455999999997
per_content_per_seed,elephants_dream,all_evaluation_traces,bola-basic,buffer_mean_s,descriptive,10,8.366351423447638,0.0,0.0,8.366351423447638,8.366351423447638
per_content_per_seed,elephants_dream,all_evaluation_traces,bola-basic,buffer_std_s,lower,10,3.58479460120722,0.0,0.0,3.58479460120722,3.58479460120722
per_content_per_seed,elephants_dream,all_evaluation_traces,bola-basic,mean_objective_reward,higher,10,-0.4316473033675889,0.0,0.0,-0.4316473033675889,-0.4316473033675889
per_content_per_seed,elephants_dream,all_evaluation_traces,bola-basic,mean_quality_utility,higher,10,0.4303214214664367,0.0,0.0,0.4303214214664367,0.4303214214664367
per_content_per_seed,elephants_dream,all_evaluation_traces,bola-basic,mean_psnr_y_db,higher,10,44.511402144444446,0.0,0.0,44.511402144444446,44.511402144444446
per_content_per_seed,elephants_dream,all_evaluation_traces,bola-basic,switch_count,lower,10,7.0,0.0,0.0,7.0,7.0
per_content_per_seed,elephants_dream,all_evaluation_traces,bola-basic,high_representation_fraction_percent,descriptive,10,26.111111111111107,0.0,0.0,26.111111111111107,26.111111111111107
per_content_per_seed,elephants_dream,all_evaluation_traces,robust-mpc,startup_delay_s,lower,10,2.547081959610989,0.0,0.0,2.547081959610989,2.547081959610989
per_content_per_seed,elephants_dream,all_evaluation_traces,robust-mpc,rebuffering_s,lower,10,0.9158236573282679,0.0,0.0,0.9158236573282679,0.9158236573282679
per_content_per_seed,elephants_dream,all_evaluation_traces,robust-mpc,rebuffering_rate_percent,lower,10,1.5263727622137795,0.0,0.0,1.5263727622137795,1.5263727622137795
per_content_per_seed,elephants_dream,all_evaluation_traces,robust-mpc,average_bitrate_kbps,higher,10,2780.8722222222223,0.0,0.0,2780.8722222222223,2780.8722222222223
per_content_per_seed,elephants_dream,all_evaluation_traces,robust-mpc,average_payload_bitrate_kbps,higher,10,2396.3660444444445,0.0,0.0,2396.3660444444445,2396.3660444444445
per_content_per_seed,elephants_dream,all_evaluation_traces,robust-mpc,buffer_mean_s,descriptive,10,9.601469880820028,0.0,0.0,9.601469880820028,9.601469880820028
per_content_per_seed,elephants_dream,all_evaluation_traces,robust-mpc,buffer_std_s,lower,10,3.8647662341933517,0.0,0.0,3.8647662341933517,3.8647662341933517
per_content_per_seed,elephants_dream,all_evaluation_traces,robust-mpc,mean_objective_reward,higher,10,-0.11142749589069842,0.0,0.0,-0.11142749589069842,-0.11142749589069842
per_content_per_seed,elephants_dream,all_evaluation_traces,robust-mpc,mean_quality_utility,higher,10,0.4547444413450387,0.0,0.0,0.4547444413450387,0.4547444413450387
per_content_per_seed,elephants_dream,all_evaluation_traces,robust-mpc,mean_psnr_y_db,higher,10,44.62409897777778,0.0,0.0,44.62409897777778,44.62409897777778
per_content_per_seed,elephants_dream,all_evaluation_traces,robust-mpc,switch_count,lower,10,7.333333333333333,0.0,0.0,7.333333333333333,7.333333333333333
per_content_per_seed,elephants_dream,all_evaluation_traces,robust-mpc,high_representation_fraction_percent,descriptive,10,35.0,0.0,0.0,35.0,35.0
per_content_per_seed,elephants_dream,all_evaluation_traces,q-learning,startup_delay_s,lower,10,1.4157865844202355,0.0,0.0,1.4157865844202355,1.4157865844202355
per_content_per_seed,elephants_dream,all_evaluation_traces,q-learning,rebuffering_s,lower,10,0.6025425956589519,0.17139466364317624,0.12259983809904326,0.47994275755990856,0.7251424337579951
per_content_per_seed,elephants_dream,all_evaluation_traces,q-learning,rebuffering_rate_percent,lower,10,1.0042376594315865,0.285657772738627,0.20433306349840538,0.7999045959331811,1.2085707229299918
per_content_per_seed,elephants_dream,all_evaluation_traces,q-learning,average_bitrate_kbps,higher,10,2149.7972222222224,185.49104691585427,132.6830826428193,2017.1141395794032,2282.480304865042
per_content_per_seed,elephants_dream,all_evaluation_traces,q-learning,average_payload_bitrate_kbps,higher,10,1994.608631111111,113.79497580169591,81.39836628062898,1913.210264830482,2076.00699739174
per_content_per_seed,elephants_dream,all_evaluation_traces,q-learning,buffer_mean_s,descriptive,10,8.999948869668264,0.5226046633612409,0.37382288197304686,8.626125987695218,9.37377175164131
per_content_per_seed,elephants_dream,all_evaluation_traces,q-learning,buffer_std_s,lower,10,4.416359628018268,0.2625281259428764,0.1877882604562835,4.228571367561985,4.604147888474552
per_content_per_seed,elephants_dream,all_evaluation_traces,q-learning,mean_objective_reward,higher,10,-0.26841476521041474,0.08908368015090573,0.06372219841398091,-0.33213696362439565,-0.20469256679643383
per_content_per_seed,elephants_dream,all_evaluation_traces,q-learning,mean_quality_utility,higher,10,0.3278140194480851,0.042448085825862854,0.03036342170313697,0.2974505977449481,0.3581774411512221
per_content_per_seed,elephants_dream,all_evaluation_traces,q-learning,mean_psnr_y_db,higher,10,44.15947551666667,0.1751235263105746,0.12526712043794008,44.03420839622873,44.28474263710461
per_content_per_seed,elephants_dream,all_evaluation_traces,q-learning,switch_count,lower,10,20.233333333333334,2.325648721391225,1.6635532907337565,18.56978004259958,21.89688662406709
per_content_per_seed,elephants_dream,all_evaluation_traces,q-learning,high_representation_fraction_percent,descriptive,10,13.722222222222223,4.878847713021869,3.4898749296631477,10.232347292559076,17.21209715188537
per_content_per_seed,sita_sings_the_blues,all_evaluation_traces,static,startup_delay_s,lower,10,2.3293789732346073,0.0,0.0,2.3293789732346073,2.3293789732346073
per_content_per_seed,sita_sings_the_blues,all_evaluation_traces,static,rebuffering_s,lower,10,0.7458869554810782,0.0,0.0,0.7458869554810782,0.7458869554810782
per_content_per_seed,sita_sings_the_blues,all_evaluation_traces,static,rebuffering_rate_percent,lower,10,1.2431449258017968,0.0,0.0,1.2431449258017968,1.2431449258017968
per_content_per_seed,sita_sings_the_blues,all_evaluation_traces,static,average_bitrate_kbps,higher,10,2492.6111111111113,0.0,0.0,2492.6111111111113,2492.6111111111113
per_content_per_seed,sita_sings_the_blues,all_evaluation_traces,static,average_payload_bitrate_kbps,higher,10,2489.5218222222225,0.0,0.0,2489.5218222222225,2489.5218222222225
per_content_per_seed,sita_sings_the_blues,all_evaluation_traces,static,buffer_mean_s,descriptive,10,7.795095036457916,0.0,0.0,7.795095036457916,7.795095036457916
per_content_per_seed,sita_sings_the_blues,all_evaluation_traces,static,buffer_std_s,lower,10,3.220088683929317,0.0,0.0,3.220088683929317,3.220088683929317
per_content_per_seed,sita_sings_the_blues,all_evaluation_traces,static,mean_objective_reward,higher,10,-0.2840682681917788,0.0,0.0,-0.2840682681917788,-0.2840682681917788
per_content_per_seed,sita_sings_the_blues,all_evaluation_traces,static,mean_quality_utility,higher,10,0.3399232671831671,0.0,0.0,0.3399232671831671,0.3399232671831671
per_content_per_seed,sita_sings_the_blues,all_evaluation_traces,static,mean_psnr_y_db,higher,10,43.368125972222224,0.0,0.0,43.368125972222224,43.368125972222224
per_content_per_seed,sita_sings_the_blues,all_evaluation_traces,static,switch_count,lower,10,5.0,0.0,0.0,5.0,5.0
per_content_per_seed,sita_sings_the_blues,all_evaluation_traces,static,high_representation_fraction_percent,descriptive,10,31.111111111111107,0.0,0.0,31.111111111111107,31.111111111111107
per_content_per_seed,sita_sings_the_blues,all_evaluation_traces,throughput,startup_delay_s,lower,10,2.463245251060673,0.0,0.0,2.463245251060673,2.463245251060673
per_content_per_seed,sita_sings_the_blues,all_evaluation_traces,throughput,rebuffering_s,lower,10,0.0,0.0,0.0,0.0,0.0
per_content_per_seed,sita_sings_the_blues,all_evaluation_traces,throughput,rebuffering_rate_percent,lower,10,0.0,0.0,0.0,0.0,0.0
per_content_per_seed,sita_sings_the_blues,all_evaluation_traces,throughput,average_bitrate_kbps,higher,10,2229.422222222222,0.0,0.0,2229.422222222222,2229.422222222222
per_content_per_seed,sita_sings_the_blues,all_evaluation_traces,throughput,average_payload_bitrate_kbps,higher,10,2189.3396000000002,0.0,0.0,2189.3396000000002,2189.3396000000002
per_content_per_seed,sita_sings_the_blues,all_evaluation_traces,throughput,buffer_mean_s,descriptive,10,8.516807161574132,0.0,0.0,8.516807161574132,8.516807161574132
per_content_per_seed,sita_sings_the_blues,all_evaluation_traces,throughput,buffer_std_s,lower,10,4.032831995215397,0.0,0.0,4.032831995215397,4.032831995215397
per_content_per_seed,sita_sings_the_blues,all_evaluation_traces,throughput,mean_objective_reward,higher,10,-0.16461352096581516,0.0,0.0,-0.16461352096581516,-0.16461352096581516
per_content_per_seed,sita_sings_the_blues,all_evaluation_traces,throughput,mean_quality_utility,higher,10,0.3506015555078686,0.0,0.0,0.3506015555078686,0.3506015555078686
per_content_per_seed,sita_sings_the_blues,all_evaluation_traces,throughput,mean_psnr_y_db,higher,10,43.26464661666666,0.0,0.0,43.26464661666666,43.26464661666666
per_content_per_seed,sita_sings_the_blues,all_evaluation_traces,throughput,switch_count,lower,10,6.333333333333333,0.0,0.0,6.333333333333333,6.333333333333333
per_content_per_seed,sita_sings_the_blues,all_evaluation_traces,throughput,high_representation_fraction_percent,descriptive,10,14.444444444444446,0.0,0.0,14.444444444444446,14.444444444444446
per_content_per_seed,sita_sings_the_blues,all_evaluation_traces,bola-basic,startup_delay_s,lower,10,2.3293789732346073,0.0,0.0,2.3293789732346073,2.3293789732346073
per_content_per_seed,sita_sings_the_blues,all_evaluation_traces,bola-basic,rebuffering_s,lower,10,0.38965172742414533,0.0,0.0,0.38965172742414533,0.38965172742414533
per_content_per_seed,sita_sings_the_blues,all_evaluation_traces,bola-basic,rebuffering_rate_percent,lower,10,0.6494195457069089,0.0,0.0,0.6494195457069089,0.6494195457069089
per_content_per_seed,sita_sings_the_blues,all_evaluation_traces,bola-basic,average_bitrate_kbps,higher,10,2459.9,0.0,0.0,2459.9,2459.9
per_content_per_seed,sita_sings_the_blues,all_evaluation_traces,bola-basic,average_payload_bitrate_kbps,higher,10,2496.5683555555556,0.0,0.0,2496.5683555555556,2496.5683555555556
per_content_per_seed,sita_sings_the_blues,all_evaluation_traces,bola-basic,buffer_mean_s,descriptive,10,7.959703115743048,0.0,0.0,7.959703115743048,7.959703115743048
per_content_per_seed,sita_sings_the_blues,all_evaluation_traces,bola-basic,buffer_std_s,lower,10,3.093440286494525,0.0,0.0,3.093440286494525,3.093440286494525
per_content_per_seed,sita_sings_the_blues,all_evaluation_traces,bola-basic,mean_objective_reward,higher,10,-0.19547972587720217,0.0,0.0,-0.19547972587720217,-0.19547972587720217
per_content_per_seed,sita_sings_the_blues,all_evaluation_traces,bola-basic,mean_quality_utility,higher,10,0.3882491904436236,0.0,0.0,0.3882491904436236,0.3882491904436236
per_content_per_seed,sita_sings_the_blues,all_evaluation_traces,bola-basic,mean_psnr_y_db,higher,10,43.609930066666664,0.0,0.0,43.609930066666664,43.609930066666664
per_content_per_seed,sita_sings_the_blues,all_evaluation_traces,bola-basic,switch_count,lower,10,9.0,0.0,0.0,9.0,9.0
per_content_per_seed,sita_sings_the_blues,all_evaluation_traces,bola-basic,high_representation_fraction_percent,descriptive,10,21.666666666666668,0.0,0.0,21.666666666666668,21.666666666666668
per_content_per_seed,sita_sings_the_blues,all_evaluation_traces,robust-mpc,startup_delay_s,lower,10,2.847946453376452,0.0,0.0,2.847946453376452,2.847946453376452
per_content_per_seed,sita_sings_the_blues,all_evaluation_traces,robust-mpc,rebuffering_s,lower,10,0.0,0.0,0.0,0.0,0.0
per_content_per_seed,sita_sings_the_blues,all_evaluation_traces,robust-mpc,rebuffering_rate_percent,lower,10,0.0,0.0,0.0,0.0,0.0
per_content_per_seed,sita_sings_the_blues,all_evaluation_traces,robust-mpc,average_bitrate_kbps,higher,10,3285.9444444444443,0.0,0.0,3285.9444444444443,3285.9444444444443
per_content_per_seed,sita_sings_the_blues,all_evaluation_traces,robust-mpc,average_payload_bitrate_kbps,higher,10,2670.9534666666664,0.0,0.0,2670.9534666666664,2670.9534666666664
per_content_per_seed,sita_sings_the_blues,all_evaluation_traces,robust-mpc,buffer_mean_s,descriptive,10,8.5975437235506,0.0,0.0,8.5975437235506,8.5975437235506
per_content_per_seed,sita_sings_the_blues,all_evaluation_traces,robust-mpc,buffer_std_s,lower,10,3.0852076158937183,0.0,0.0,3.0852076158937183,3.0852076158937183
per_content_per_seed,sita_sings_the_blues,all_evaluation_traces,robust-mpc,mean_objective_reward,higher,10,0.06167691474414231,0.0,0.0,0.06167691474414231,0.06167691474414231
per_content_per_seed,sita_sings_the_blues,all_evaluation_traces,robust-mpc,mean_quality_utility,higher,10,0.52874737970534,0.0,0.0,0.52874737970534,0.52874737970534
per_content_per_seed,sita_sings_the_blues,all_evaluation_traces,robust-mpc,mean_psnr_y_db,higher,10,44.110771605555556,0.0,0.0,44.110771605555556,44.110771605555556
per_content_per_seed,sita_sings_the_blues,all_evaluation_traces,robust-mpc,switch_count,lower,10,9.0,0.0,0.0,9.0,9.0
per_content_per_seed,sita_sings_the_blues,all_evaluation_traces,robust-mpc,high_representation_fraction_percent,descriptive,10,46.111111111111114,0.0,0.0,46.111111111111114,46.111111111111114
per_content_per_seed,sita_sings_the_blues,all_evaluation_traces,q-learning,startup_delay_s,lower,10,2.3293789732346073,0.0,0.0,2.3293789732346073,2.3293789732346073
per_content_per_seed,sita_sings_the_blues,all_evaluation_traces,q-learning,rebuffering_s,lower,10,0.7733210047000211,1.2892174419172175,0.9221865272455135,-0.14886552254549246,1.6955075319455346
per_content_per_seed,sita_sings_the_blues,all_evaluation_traces,q-learning,rebuffering_rate_percent,lower,10,1.288868341166702,2.1486957365286963,1.5369775454091894,-0.2481092042424875,2.825845886575891
per_content_per_seed,sita_sings_the_blues,all_evaluation_traces,q-learning,average_bitrate_kbps,higher,10,2147.7766666666666,205.14818923391303,146.74397820664572,2001.0326884600208,2294.5206448733124
per_content_per_seed,sita_sings_the_blues,all_evaluation_traces,q-learning,average_payload_bitrate_kbps,higher,10,2131.827857777778,202.82391167728954,145.08140571995193,1986.746452057826,2276.9092634977296
per_content_per_seed,sita_sings_the_blues,all_evaluation_traces,q-learning,buffer_mean_s,descriptive,10,8.46266886679455,0.6638257085718159,0.4748393133541266,7.987829553440423,8.937508180148676
per_content_per_seed,sita_sings_the_blues,all_evaluation_traces,q-learning,buffer_std_s,lower,10,3.922980595747962,0.3933424908791903,0.2813607184390485,3.6416198773089135,4.20434131418701
per_content_per_seed,sita_sings_the_blues,all_evaluation_traces,q-learning,mean_objective_reward,higher,10,-0.37593121914684974,0.2580165606490181,0.18456110528795336,-0.5604923244348031,-0.19137011385889638
per_content_per_seed,sita_sings_the_blues,all_evaluation_traces,q-learning,mean_quality_utility,higher,10,0.32496203330274653,0.04649086336916254,0.0332552496150658,0.2917067836876807,0.35821728291781235
per_content_per_seed,sita_sings_the_blues,all_evaluation_traces,q-learning,mean_psnr_y_db,higher,10,43.15067144333334,0.29559082911975276,0.21143825031268093,42.939233193020655,43.36210969364602
per_content_per_seed,sita_sings_the_blues,all_evaluation_traces,q-learning,switch_count,lower,10,20.5,2.3895347964007296,1.709251460597754,18.790748539402244,22.209251460597756
per_content_per_seed,sita_sings_the_blues,all_evaluation_traces,q-learning,high_representation_fraction_percent,descriptive,10,13.88888888888889,4.4521538074708555,3.1846577039547013,10.704231184934187,17.07354659284359
per_content_per_seed,tears_of_steel,all_evaluation_traces,static,startup_delay_s,lower,10,1.4646741931841547,0.0,0.0,1.4646741931841547,1.4646741931841547
per_content_per_seed,tears_of_steel,all_evaluation_traces,static,rebuffering_s,lower,10,0.0,0.0,0.0,0.0,0.0
per_content_per_seed,tears_of_steel,all_evaluation_traces,static,rebuffering_rate_percent,lower,10,0.0,0.0,0.0,0.0,0.0
per_content_per_seed,tears_of_steel,all_evaluation_traces,static,average_bitrate_kbps,higher,10,2064.1944444444443,0.0,0.0,2064.1944444444443,2064.1944444444443
per_content_per_seed,tears_of_steel,all_evaluation_traces,static,average_payload_bitrate_kbps,higher,10,2062.257111111111,0.0,0.0,2062.257111111111,2062.257111111111
per_content_per_seed,tears_of_steel,all_evaluation_traces,static,buffer_mean_s,descriptive,10,9.9164242309745,0.0,0.0,9.9164242309745,9.9164242309745
per_content_per_seed,tears_of_steel,all_evaluation_traces,static,buffer_std_s,lower,10,3.8062515547796907,0.0,0.0,3.8062515547796907,3.8062515547796907
per_content_per_seed,tears_of_steel,all_evaluation_traces,static,mean_objective_reward,higher,10,0.16886293494801818,0.0,0.0,0.16886293494801818,0.16886293494801818
per_content_per_seed,tears_of_steel,all_evaluation_traces,static,mean_quality_utility,higher,10,0.44934092115552576,0.0,0.0,0.44934092115552576,0.44934092115552576
per_content_per_seed,tears_of_steel,all_evaluation_traces,static,mean_psnr_y_db,higher,10,44.34209997222222,0.0,0.0,44.34209997222222,44.34209997222222
per_content_per_seed,tears_of_steel,all_evaluation_traces,static,switch_count,lower,10,4.0,0.0,0.0,4.0,4.0
per_content_per_seed,tears_of_steel,all_evaluation_traces,static,high_representation_fraction_percent,descriptive,10,40.0,0.0,0.0,40.0,40.0
per_content_per_seed,tears_of_steel,all_evaluation_traces,throughput,startup_delay_s,lower,10,2.012001930459628,0.0,0.0,2.012001930459628,2.012001930459628
per_content_per_seed,tears_of_steel,all_evaluation_traces,throughput,rebuffering_s,lower,10,0.0,0.0,0.0,0.0,0.0
per_content_per_seed,tears_of_steel,all_evaluation_traces,throughput,rebuffering_rate_percent,lower,10,0.0,0.0,0.0,0.0,0.0
per_content_per_seed,tears_of_steel,all_evaluation_traces,throughput,average_bitrate_kbps,higher,10,2020.3055555555554,0.0,0.0,2020.3055555555554,2020.3055555555554
per_content_per_seed,tears_of_steel,all_evaluation_traces,throughput,average_payload_bitrate_kbps,higher,10,1922.6839111111108,0.0,0.0,1922.6839111111108,1922.6839111111108
per_content_per_seed,tears_of_steel,all_evaluation_traces,throughput,buffer_mean_s,descriptive,10,9.868901328988047,0.0,0.0,9.868901328988047,9.868901328988047
per_content_per_seed,tears_of_steel,all_evaluation_traces,throughput,buffer_std_s,lower,10,4.45292007402108,0.0,0.0,4.45292007402108,4.45292007402108
per_content_per_seed,tears_of_steel,all_evaluation_traces,throughput,mean_objective_reward,higher,10,0.08525794870670404,0.0,0.0,0.08525794870670404,0.08525794870670404
per_content_per_seed,tears_of_steel,all_evaluation_traces,throughput,mean_quality_utility,higher,10,0.4771205012767174,0.0,0.0,0.4771205012767174,0.4771205012767174
per_content_per_seed,tears_of_steel,all_evaluation_traces,throughput,mean_psnr_y_db,higher,10,44.44719981666666,0.0,0.0,44.44719981666666,44.44719981666666
per_content_per_seed,tears_of_steel,all_evaluation_traces,throughput,switch_count,lower,10,8.333333333333334,0.0,0.0,8.333333333333334,8.333333333333334
per_content_per_seed,tears_of_steel,all_evaluation_traces,throughput,high_representation_fraction_percent,descriptive,10,26.666666666666668,0.0,0.0,26.666666666666668,26.666666666666668
per_content_per_seed,tears_of_steel,all_evaluation_traces,bola-basic,startup_delay_s,lower,10,1.4646741931841547,0.0,0.0,1.4646741931841547,1.4646741931841547
per_content_per_seed,tears_of_steel,all_evaluation_traces,bola-basic,rebuffering_s,lower,10,0.24674900883118012,0.0,0.0,0.24674900883118012,0.24674900883118012
per_content_per_seed,tears_of_steel,all_evaluation_traces,bola-basic,rebuffering_rate_percent,lower,10,0.41124834805196686,0.0,0.0,0.41124834805196686,0.41124834805196686
per_content_per_seed,tears_of_steel,all_evaluation_traces,bola-basic,average_bitrate_kbps,higher,10,2105.8055555555557,0.0,0.0,2105.8055555555557,2105.8055555555557
per_content_per_seed,tears_of_steel,all_evaluation_traces,bola-basic,average_payload_bitrate_kbps,higher,10,2055.8766666666666,0.0,0.0,2055.8766666666666,2055.8766666666666
per_content_per_seed,tears_of_steel,all_evaluation_traces,bola-basic,buffer_mean_s,descriptive,10,8.894735908513251,0.0,0.0,8.894735908513251,8.894735908513251
per_content_per_seed,tears_of_steel,all_evaluation_traces,bola-basic,buffer_std_s,lower,10,3.8618434502712304,0.0,0.0,3.8618434502712304,3.8618434502712304
per_content_per_seed,tears_of_steel,all_evaluation_traces,bola-basic,mean_objective_reward,higher,10,-0.0549251451664165,0.0,0.0,-0.0549251451664165,-0.0549251451664165
per_content_per_seed,tears_of_steel,all_evaluation_traces,bola-basic,mean_quality_utility,higher,10,0.5029784107616404,0.0,0.0,0.5029784107616404,0.5029784107616404
per_content_per_seed,tears_of_steel,all_evaluation_traces,bola-basic,mean_psnr_y_db,higher,10,44.51507486666667,0.0,0.0,44.51507486666667,44.51507486666667
per_content_per_seed,tears_of_steel,all_evaluation_traces,bola-basic,switch_count,lower,10,8.333333333333334,0.0,0.0,8.333333333333334,8.333333333333334
per_content_per_seed,tears_of_steel,all_evaluation_traces,bola-basic,high_representation_fraction_percent,descriptive,10,33.333333333333336,0.0,0.0,33.333333333333336,33.333333333333336
per_content_per_seed,tears_of_steel,all_evaluation_traces,robust-mpc,startup_delay_s,lower,10,2.9186091647258614,0.0,0.0,2.9186091647258614,2.9186091647258614
per_content_per_seed,tears_of_steel,all_evaluation_traces,robust-mpc,rebuffering_s,lower,10,0.0,0.0,0.0,0.0,0.0
per_content_per_seed,tears_of_steel,all_evaluation_traces,robust-mpc,rebuffering_rate_percent,lower,10,0.0,0.0,0.0,0.0,0.0
per_content_per_seed,tears_of_steel,all_evaluation_traces,robust-mpc,average_bitrate_kbps,higher,10,2261.161111111111,0.0,0.0,2261.161111111111,2261.161111111111
per_content_per_seed,tears_of_steel,all_evaluation_traces,robust-mpc,average_payload_bitrate_kbps,higher,10,2146.3161333333333,0.0,0.0,2146.3161333333333,2146.3161333333333
per_content_per_seed,tears_of_steel,all_evaluation_traces,robust-mpc,buffer_mean_s,descriptive,10,9.79190229284787,0.0,0.0,9.79190229284787,9.79190229284787
per_content_per_seed,tears_of_steel,all_evaluation_traces,robust-mpc,buffer_std_s,lower,10,3.995793800539654,0.0,0.0,3.995793800539654,3.995793800539654
per_content_per_seed,tears_of_steel,all_evaluation_traces,robust-mpc,mean_objective_reward,higher,10,0.19483050052098197,0.0,0.0,0.19483050052098197,0.19483050052098197
per_content_per_seed,tears_of_steel,all_evaluation_traces,robust-mpc,mean_quality_utility,higher,10,0.5440713020906826,0.0,0.0,0.5440713020906826,0.5440713020906826
per_content_per_seed,tears_of_steel,all_evaluation_traces,robust-mpc,mean_psnr_y_db,higher,10,44.639475077777774,0.0,0.0,44.639475077777774,44.639475077777774
per_content_per_seed,tears_of_steel,all_evaluation_traces,robust-mpc,switch_count,lower,10,7.333333333333333,0.0,0.0,7.333333333333333,7.333333333333333
per_content_per_seed,tears_of_steel,all_evaluation_traces,robust-mpc,high_representation_fraction_percent,descriptive,10,42.22222222222222,0.0,0.0,42.22222222222222,42.22222222222222
per_content_per_seed,tears_of_steel,all_evaluation_traces,q-learning,startup_delay_s,lower,10,1.4646741931841547,0.0,0.0,1.4646741931841547,1.4646741931841547
per_content_per_seed,tears_of_steel,all_evaluation_traces,q-learning,rebuffering_s,lower,10,3.2053474193634264,1.9942582045356658,1.4265072657849664,1.77884015357846,4.631854685148393
per_content_per_seed,tears_of_steel,all_evaluation_traces,q-learning,rebuffering_rate_percent,lower,10,5.3422456989390446,3.3237636742261096,2.3775121096416107,2.964733589297434,7.719757808580655
per_content_per_seed,tears_of_steel,all_evaluation_traces,q-learning,average_bitrate_kbps,higher,10,1802.7794444444444,182.66697889511778,130.66300643529053,1672.1164380091539,1933.442450879735
per_content_per_seed,tears_of_steel,all_evaluation_traces,q-learning,average_payload_bitrate_kbps,higher,10,1771.372622222222,169.4736625465529,121.22573217049218,1650.1468900517298,1892.598354392714
per_content_per_seed,tears_of_steel,all_evaluation_traces,q-learning,buffer_mean_s,descriptive,10,9.667277608803046,1.1771260788017797,0.8420067673968417,8.825270841406205,10.509284376199886
per_content_per_seed,tears_of_steel,all_evaluation_traces,q-learning,buffer_std_s,lower,10,4.286999278886193,0.15367982772462696,0.10992828830046396,4.1770709905857295,4.396927567186657
per_content_per_seed,tears_of_steel,all_evaluation_traces,q-learning,mean_objective_reward,higher,10,-0.7212502885240375,0.4587481114323234,0.3281458301813581,-1.0493961187053955,-0.3931044583426794
per_content_per_seed,tears_of_steel,all_evaluation_traces,q-learning,mean_quality_utility,higher,10,0.40808202381368774,0.07190170913779592,0.051431810722476,0.35665021309121175,0.45951383453616373
per_content_per_seed,tears_of_steel,all_evaluation_traces,q-learning,mean_psnr_y_db,higher,10,44.21917510888889,0.23803214730743524,0.17026611040244619,44.048908998486446,44.389441219291335
per_content_per_seed,tears_of_steel,all_evaluation_traces,q-learning,switch_count,lower,10,22.833333333333336,3.236558147473224,2.315133367888578,20.518199965444758,25.148466701221913
per_content_per_seed,tears_of_steel,all_evaluation_traces,q-learning,high_representation_fraction_percent,descriptive,10,17.0,7.235031376044313,5.175270084202798,11.824729915797203,22.175270084202797
overall_content_balanced_per_seed,all_contents,all_evaluation_traces,static,startup_delay_s,lower,10,1.7363505246427438,0.0,0.0,1.7363505246427438,1.7363505246427438
overall_content_balanced_per_seed,all_contents,all_evaluation_traces,static,rebuffering_s,lower,10,0.7450065640558476,0.0,0.0,0.7450065640558476,0.7450065640558476
overall_content_balanced_per_seed,all_contents,all_evaluation_traces,static,rebuffering_rate_percent,lower,10,1.241677606759746,0.0,0.0,1.241677606759746,1.241677606759746
overall_content_balanced_per_seed,all_contents,all_evaluation_traces,static,average_bitrate_kbps,higher,10,2395.711111111111,0.0,0.0,2395.711111111111,2395.711111111111
overall_content_balanced_per_seed,all_contents,all_evaluation_traces,static,average_payload_bitrate_kbps,higher,10,2305.0615555555555,0.0,0.0,2305.0615555555555,2305.0615555555555
overall_content_balanced_per_seed,all_contents,all_evaluation_traces,static,buffer_mean_s,descriptive,10,8.478005409866565,0.0,0.0,8.478005409866565,8.478005409866565
overall_content_balanced_per_seed,all_contents,all_evaluation_traces,static,buffer_std_s,lower,10,3.3823863285957345,0.0,0.0,3.3823863285957345,3.3823863285957345
overall_content_balanced_per_seed,all_contents,all_evaluation_traces,static,mean_objective_reward,higher,10,-0.1327473007522925,0.0,0.0,-0.1327473007522925,-0.1327473007522925
overall_content_balanced_per_seed,all_contents,all_evaluation_traces,static,mean_quality_utility,higher,10,0.4229564977282994,0.0,0.0,0.4229564977282994,0.4229564977282994
overall_content_balanced_per_seed,all_contents,all_evaluation_traces,static,mean_psnr_y_db,higher,10,44.42637381805555,0.0,0.0,44.42637381805555,44.42637381805555
overall_content_balanced_per_seed,all_contents,all_evaluation_traces,static,switch_count,lower,10,3.916666666666667,0.0,0.0,3.916666666666667,3.916666666666667
overall_content_balanced_per_seed,all_contents,all_evaluation_traces,static,high_representation_fraction_percent,descriptive,10,39.16666666666667,0.0,0.0,39.16666666666667,39.16666666666667
overall_content_balanced_per_seed,all_contents,all_evaluation_traces,throughput,startup_delay_s,lower,10,2.338787577549067,0.0,0.0,2.338787577549067,2.338787577549067
overall_content_balanced_per_seed,all_contents,all_evaluation_traces,throughput,rebuffering_s,lower,10,0.219380365266711,0.0,0.0,0.219380365266711,0.219380365266711
overall_content_balanced_per_seed,all_contents,all_evaluation_traces,throughput,rebuffering_rate_percent,lower,10,0.365633942111185,0.0,0.0,0.365633942111185,0.365633942111185
overall_content_balanced_per_seed,all_contents,all_evaluation_traces,throughput,average_bitrate_kbps,higher,10,2164.038888888889,0.0,0.0,2164.038888888889,2164.038888888889
overall_content_balanced_per_seed,all_contents,all_evaluation_traces,throughput,average_payload_bitrate_kbps,higher,10,2091.014722222222,0.0,0.0,2091.014722222222,2091.014722222222
overall_content_balanced_per_seed,all_contents,all_evaluation_traces,throughput,buffer_mean_s,descriptive,10,8.993613921288528,0.0,0.0,8.993613921288528,8.993613921288528
overall_content_balanced_per_seed,all_contents,all_evaluation_traces,throughput,buffer_std_s,lower,10,4.36763470277364,0.0,0.0,4.36763470277364,4.36763470277364
overall_content_balanced_per_seed,all_contents,all_evaluation_traces,throughput,mean_objective_reward,higher,10,-0.13235316813129602,0.0,0.0,-0.13235316813129602,-0.13235316813129602
overall_content_balanced_per_seed,all_contents,all_evaluation_traces,throughput,mean_quality_utility,higher,10,0.4130412422890384,0.0,0.0,0.4130412422890384,0.4130412422890384
overall_content_balanced_per_seed,all_contents,all_evaluation_traces,throughput,mean_psnr_y_db,higher,10,44.38853377361111,0.0,0.0,44.38853377361111,44.38853377361111
overall_content_balanced_per_seed,all_contents,all_evaluation_traces,throughput,switch_count,lower,10,7.916666666666667,0.0,0.0,7.916666666666667,7.916666666666667
overall_content_balanced_per_seed,all_contents,all_evaluation_traces,throughput,high_representation_fraction_percent,descriptive,10,21.52777777777778,0.0,0.0,21.52777777777778,21.52777777777778
overall_content_balanced_per_seed,all_contents,all_evaluation_traces,bola-basic,startup_delay_s,lower,10,1.7363505246427438,0.0,0.0,1.7363505246427438,1.7363505246427438
overall_content_balanced_per_seed,all_contents,all_evaluation_traces,bola-basic,rebuffering_s,lower,10,0.9375647181637061,0.0,0.0,0.9375647181637061,0.9375647181637061
overall_content_balanced_per_seed,all_contents,all_evaluation_traces,bola-basic,rebuffering_rate_percent,lower,10,1.562607863606177,0.0,0.0,1.562607863606177,1.562607863606177
overall_content_balanced_per_seed,all_contents,all_evaluation_traces,bola-basic,average_bitrate_kbps,higher,10,2333.2458333333334,0.0,0.0,2333.2458333333334,2333.2458333333334
overall_content_balanced_per_seed,all_contents,all_evaluation_traces,bola-basic,average_payload_bitrate_kbps,higher,10,2249.7028666666665,0.0,0.0,2249.7028666666665,2249.7028666666665
overall_content_balanced_per_seed,all_contents,all_evaluation_traces,bola-basic,buffer_mean_s,descriptive,10,8.266948077888026,0.0,0.0,8.266948077888026,8.266948077888026
overall_content_balanced_per_seed,all_contents,all_evaluation_traces,bola-basic,buffer_std_s,lower,10,3.530353873884234,0.0,0.0,3.530353873884234,3.530353873884234
overall_content_balanced_per_seed,all_contents,all_evaluation_traces,bola-basic,mean_objective_reward,higher,10,-0.2507556755440435,0.0,0.0,-0.2507556755440435,-0.2507556755440435
overall_content_balanced_per_seed,all_contents,all_evaluation_traces,bola-basic,mean_quality_utility,higher,10,0.45402703402100625,0.0,0.0,0.45402703402100625,0.45402703402100625
overall_content_balanced_per_seed,all_contents,all_evaluation_traces,bola-basic,mean_psnr_y_db,higher,10,44.57540527916667,0.0,0.0,44.57540527916667,44.57540527916667
overall_content_balanced_per_seed,all_contents,all_evaluation_traces,bola-basic,switch_count,lower,10,7.666666666666667,0.0,0.0,7.666666666666667,7.666666666666667
overall_content_balanced_per_seed,all_contents,all_evaluation_traces,bola-basic,high_representation_fraction_percent,descriptive,10,27.5,0.0,0.0,27.5,27.5
overall_content_balanced_per_seed,all_contents,all_evaluation_traces,robust-mpc,startup_delay_s,lower,10,2.912704785703721,0.0,0.0,2.912704785703721,2.912704785703721
overall_content_balanced_per_seed,all_contents,all_evaluation_traces,robust-mpc,rebuffering_s,lower,10,0.2678296645872114,0.0,0.0,0.2678296645872114,0.2678296645872114
overall_content_balanced_per_seed,all_contents,all_evaluation_traces,robust-mpc,rebuffering_rate_percent,lower,10,0.4463827743120189,0.0,0.0,0.4463827743120189,0.4463827743120189
overall_content_balanced_per_seed,all_contents,all_evaluation_traces,robust-mpc,average_bitrate_kbps,higher,10,2645.5055555555555,0.0,0.0,2645.5055555555555,2645.5055555555555
overall_content_balanced_per_seed,all_contents,all_evaluation_traces,robust-mpc,average_payload_bitrate_kbps,higher,10,2364.7928,0.0,0.0,2364.7928,2364.7928
overall_content_balanced_per_seed,all_contents,all_evaluation_traces,robust-mpc,buffer_mean_s,descriptive,10,9.274926700886764,0.0,0.0,9.274926700886764,9.274926700886764
overall_content_balanced_per_seed,all_contents,all_evaluation_traces,robust-mpc,buffer_std_s,lower,10,3.710947858442573,0.0,0.0,3.710947858442573,3.710947858442573
overall_content_balanced_per_seed,all_contents,all_evaluation_traces,robust-mpc,mean_objective_reward,higher,10,0.028244983093554693,0.0,0.0,0.028244983093554693,0.028244983093554693
overall_content_balanced_per_seed,all_contents,all_evaluation_traces,robust-mpc,mean_quality_utility,higher,10,0.5090430769224767,0.0,0.0,0.5090430769224767,0.5090430769224767
overall_content_balanced_per_seed,all_contents,all_evaluation_traces,robust-mpc,mean_psnr_y_db,higher,10,44.776741316666666,0.0,0.0,44.776741316666666,44.776741316666666
overall_content_balanced_per_seed,all_contents,all_evaluation_traces,robust-mpc,switch_count,lower,10,7.5,0.0,0.0,7.5,7.5
overall_content_balanced_per_seed,all_contents,all_evaluation_traces,robust-mpc,high_representation_fraction_percent,descriptive,10,40.138888888888886,0.0,0.0,40.138888888888886,40.138888888888886
overall_content_balanced_per_seed,all_contents,all_evaluation_traces,q-learning,startup_delay_s,lower,10,1.7363505246427438,0.0,0.0,1.7363505246427438,1.7363505246427438
overall_content_balanced_per_seed,all_contents,all_evaluation_traces,q-learning,rebuffering_s,lower,10,2.524638615812173,0.7101083062063149,0.5079455889882727,2.0166930268239005,3.032584204800446
overall_content_balanced_per_seed,all_contents,all_evaluation_traces,q-learning,rebuffering_rate_percent,lower,10,4.207731026353622,1.1835138436771915,0.846575981647121,3.3611550447065013,5.054307008000743
overall_content_balanced_per_seed,all_contents,all_evaluation_traces,q-learning,average_bitrate_kbps,higher,10,2070.1054166666668,105.9515764447082,75.78792619531355,1994.3174904713533,2145.8933428619803
overall_content_balanced_per_seed,all_contents,all_evaluation_traces,q-learning,average_payload_bitrate_kbps,higher,10,2017.788626666667,101.1800934923496,72.37485005270167,1945.4137766139652,2090.1634767193686
overall_content_balanced_per_seed,all_contents,all_evaluation_traces,q-learning,buffer_mean_s,descriptive,10,8.680230467395779,0.42251189114055065,0.302225800661994,8.378004666733785,8.982456268057772
overall_content_balanced_per_seed,all_contents,all_evaluation_traces,q-learning,buffer_std_s,lower,10,4.0837046341009025,0.20766235852328951,0.14854238161827618,3.9351622524826264,4.232247015719179
overall_content_balanced_per_seed,all_contents,all_evaluation_traces,q-learning,mean_objective_reward,higher,10,-0.6471178035900826,0.13759042807535174,0.09841942477937683,-0.7455372283694595,-0.5486983788107058
overall_content_balanced_per_seed,all_contents,all_evaluation_traces,q-learning,mean_quality_utility,higher,10,0.3914487793311911,0.030570889243589184,0.02186757739208665,0.36958120193910443,0.41331635672327777
overall_content_balanced_per_seed,all_contents,all_evaluation_traces,q-learning,mean_psnr_y_db,higher,10,44.31482578013889,0.15109074610673126,0.10807629956037076,44.206749480578516,44.42290207969926
overall_content_balanced_per_seed,all_contents,all_evaluation_traces,q-learning,switch_count,lower,10,21.766666666666666,1.5559523303498044,1.1129839152276888,20.65368275143898,22.879650581894353
overall_content_balanced_per_seed,all_contents,all_evaluation_traces,q-learning,high_representation_fraction_percent,descriptive,10,17.61111111111111,3.3287004842100534,2.3810434454013825,15.23006766570973,19.992154556512492
