scope,content,trace,baseline,metric,better_when,delta_definition,n,mean,std,ci95_half_width,ci95_low,ci95_high,ci95_excludes_zero
per_content_trace,big_buck_bunny,stage56_evaluation_low_start,static,startup_delay_s,lower,q-learning_minus_static,10,0.0,0.0,0.0,0.0,0.0,False
per_content_trace,big_buck_bunny,stage56_evaluation_low_start,static,rebuffering_s,lower,q-learning_minus_static,10,14.850773388752993,5.18277050657792,3.7072730941833316,11.14350029456966,18.558046482936323,True
per_content_trace,big_buck_bunny,stage56_evaluation_low_start,static,rebuffering_rate_percent,lower,q-learning_minus_static,10,24.751288981254987,8.637950844296535,6.178788490305554,18.572500490949434,30.93007747156054,True
per_content_trace,big_buck_bunny,stage56_evaluation_low_start,static,average_bitrate_kbps,higher,q-learning_minus_static,10,494.0083333333334,85.55088921257176,61.19516759591987,432.8131657374135,555.2035009292532,True
per_content_trace,big_buck_bunny,stage56_evaluation_low_start,static,average_payload_bitrate_kbps,higher,q-learning_minus_static,10,484.7413066666666,90.71381533729082,64.88824586074647,419.85306080592017,549.6295525274131,True
per_content_trace,big_buck_bunny,stage56_evaluation_low_start,static,buffer_mean_s,descriptive,q-learning_minus_static,10,-2.442879194191064,0.10200541694017728,0.07296520986281614,-2.51584440405388,-2.369913984328248,True
per_content_trace,big_buck_bunny,stage56_evaluation_low_start,static,buffer_std_s,lower,q-learning_minus_static,10,-0.6682954683293598,0.04016431370292139,0.02872982304506767,-0.6970252913744275,-0.6395656452842922,True
per_content_trace,big_buck_bunny,stage56_evaluation_low_start,static,mean_objective_reward,higher,q-learning_minus_static,10,-2.8761403889037935,0.8437228745974458,0.6035210526825787,-3.479661441586372,-2.272619336221215,True
per_content_trace,big_buck_bunny,stage56_evaluation_low_start,static,mean_quality_utility,higher,q-learning_minus_static,10,0.2565589245618483,0.04538853956816134,0.03246674945605954,0.22409217510578877,0.28902567401790785,True
per_content_trace,big_buck_bunny,stage56_evaluation_low_start,static,mean_psnr_y_db,higher,q-learning_minus_static,10,1.3878296833333337,0.30476700346353913,0.21800203395100304,1.1698276493823307,1.6058317172843366,True
per_content_trace,big_buck_bunny,stage56_evaluation_low_start,static,switch_count,lower,q-learning_minus_static,10,23.6,7.411702458499891,5.301644182704079,18.29835581729592,28.901644182704082,True
per_content_trace,big_buck_bunny,stage56_evaluation_low_start,static,high_representation_fraction_percent,descriptive,q-learning_minus_static,10,1.0,2.1081851067789197,1.508,-0.508,2.508,False
per_content_trace,big_buck_bunny,stage56_evaluation_mixed_start,static,startup_delay_s,lower,q-learning_minus_static,10,0.0,0.0,0.0,0.0,0.0,False
per_content_trace,big_buck_bunny,stage56_evaluation_mixed_start,static,rebuffering_s,lower,q-learning_minus_static,10,1.2347719387641567,2.6032906213618077,1.862152542672948,-0.6273806039087912,3.096924481437105,False
per_content_trace,big_buck_bunny,stage56_evaluation_mixed_start,static,rebuffering_rate_percent,lower,q-learning_minus_static,10,2.0579532312735944,4.338817702269679,3.10358757112158,-1.0456343398479855,5.161540802395175,False
per_content_trace,big_buck_bunny,stage56_evaluation_mixed_start,static,average_bitrate_kbps,higher,q-learning_minus_static,10,-172.4299999999999,146.00926737879973,104.44148120543571,-276.8714812054356,-67.98851879456419,True
per_content_trace,big_buck_bunny,stage56_evaluation_mixed_start,static,average_payload_bitrate_kbps,higher,q-learning_minus_static,10,-208.1390133333337,151.6357719044799,108.46616044135418,-316.6051737746879,-99.67285289197953,True
per_content_trace,big_buck_bunny,stage56_evaluation_mixed_start,static,buffer_mean_s,descriptive,q-learning_minus_static,10,-3.203478789781797,1.061183941171753,0.759072520786392,-3.962551310568189,-2.444406268995405,True
per_content_trace,big_buck_bunny,stage56_evaluation_mixed_start,static,buffer_std_s,lower,q-learning_minus_static,10,0.491092204462915,0.42994282730283495,0.3075412028516272,0.1835510016112878,0.7986334073145422,True
per_content_trace,big_buck_bunny,stage56_evaluation_mixed_start,static,mean_objective_reward,higher,q-learning_minus_static,10,-0.5781944769876807,0.4571999825131739,0.32703844240854324,-0.9052329193962239,-0.25115603457913743,True
per_content_trace,big_buck_bunny,stage56_evaluation_mixed_start,static,mean_quality_utility,higher,q-learning_minus_static,10,-0.014979130612719993,0.05539005308672182,0.039620904154094236,-0.05460003476681423,0.024641773541374243,False
per_content_trace,big_buck_bunny,stage56_evaluation_mixed_start,static,mean_psnr_y_db,higher,q-learning_minus_static,10,0.0027412016666694683,0.27918146721401654,0.19970051548366566,-0.1969593138169962,0.20244171715033513,False
per_content_trace,big_buck_bunny,stage56_evaluation_mixed_start,static,switch_count,lower,q-learning_minus_static,10,20.0,5.456901847914967,3.9033612182323068,16.096638781767695,23.903361218232305,True
per_content_trace,big_buck_bunny,stage56_evaluation_mixed_start,static,high_representation_fraction_percent,descriptive,q-learning_minus_static,10,-23.166666666666668,7.635605354901632,5.461803538107984,-28.62847020477465,-17.704863128558685,True
per_content_trace,big_buck_bunny,stage56_evaluation_high_start,static,startup_delay_s,lower,q-learning_minus_static,10,0.0,0.0,0.0,0.0,0.0,False
per_content_trace,big_buck_bunny,stage56_evaluation_high_start,static,rebuffering_s,lower,q-learning_minus_static,10,0.0,0.0,0.0,0.0,0.0,False
per_content_trace,big_buck_bunny,stage56_evaluation_high_start,static,rebuffering_rate_percent,lower,q-learning_minus_static,10,0.0,0.0,0.0,0.0,0.0,False
per_content_trace,big_buck_bunny,stage56_evaluation_high_start,static,average_bitrate_kbps,higher,q-learning_minus_static,10,-528.4899999999998,352.8687373724326,252.4095508722475,-780.8995508722473,-276.0804491277523,True
per_content_trace,big_buck_bunny,stage56_evaluation_high_start,static,average_payload_bitrate_kbps,higher,q-learning_minus_static,10,-538.9974399999999,350.05027777230697,250.3934864084001,-789.3909264084,-288.60395359159975,True
per_content_trace,big_buck_bunny,stage56_evaluation_high_start,static,buffer_mean_s,descriptive,q-learning_minus_static,10,2.997104329569266,1.9330943137763203,1.3827562939331548,1.614348035636111,4.37986062350242,True
per_content_trace,big_buck_bunny,stage56_evaluation_high_start,static,buffer_std_s,lower,q-learning_minus_static,10,1.5607111103680347,0.9289270776486895,0.6644682331688271,0.8962428771992076,2.225179343536862,True
per_content_trace,big_buck_bunny,stage56_evaluation_high_start,static,mean_objective_reward,higher,q-learning_minus_static,10,-0.16189346328451587,0.13655176498253116,0.09767646158371772,-0.2595699248682336,-0.06421700170079815,True
per_content_trace,big_buck_bunny,stage56_evaluation_high_start,static,mean_quality_utility,higher,q-learning_minus_static,10,-0.14806847733617315,0.13050596207695647,0.09335185519489045,-0.2414203325310636,-0.0547166221412827,True
per_content_trace,big_buck_bunny,stage56_evaluation_high_start,static,mean_psnr_y_db,higher,q-learning_minus_static,10,-0.7016071133333298,0.6788777073894612,0.48560611658408104,-1.1872132299174107,-0.21600099674924877,True
per_content_trace,big_buck_bunny,stage56_evaluation_high_start,static,switch_count,lower,q-learning_minus_static,10,20.9,5.724217559340898,4.094574073087457,16.80542592691254,24.994574073087456,True
per_content_trace,big_buck_bunny,stage56_evaluation_high_start,static,high_representation_fraction_percent,descriptive,q-learning_minus_static,10,-38.66666666666667,15.748799679912901,11.265229908390191,-49.93189657505686,-27.401436758276482,True
per_content_per_seed,big_buck_bunny,all_evaluation_traces,static,startup_delay_s,lower,q-learning_minus_static,10,0.0,0.0,0.0,0.0,0.0,False
per_content_per_seed,big_buck_bunny,all_evaluation_traces,static,rebuffering_s,lower,q-learning_minus_static,10,5.361848442505716,1.5532841227695031,1.1110753271164473,4.2507731153892685,6.472923769622163,True
per_content_per_seed,big_buck_bunny,all_evaluation_traces,static,rebuffering_rate_percent,lower,q-learning_minus_static,10,8.936414070842861,2.588806871282506,1.8517922118607464,7.084621858982115,10.788206282703609,True
per_content_per_seed,big_buck_bunny,all_evaluation_traces,static,average_bitrate_kbps,higher,q-learning_minus_static,10,-68.97055555555544,153.61520145135705,109.88206066144988,-178.85261621700533,40.91150510589445,False
per_content_per_seed,big_buck_bunny,all_evaluation_traces,static,average_payload_bitrate_kbps,higher,q-learning_minus_static,10,-87.46504888888902,156.1003522837384,111.65970696166353,-199.12475585055256,24.194658072774516,False
per_content_per_seed,big_buck_bunny,all_evaluation_traces,static,buffer_mean_s,descriptive,q-learning_minus_static,10,-0.8830845514678651,0.7547155797376249,0.5398534932177991,-1.4229380446856643,-0.34323105825006606,True
per_content_per_seed,big_buck_bunny,all_evaluation_traces,static,buffer_std_s,lower,q-learning_minus_static,10,0.46116928216719655,0.3362494328990707,0.24052164261161021,0.22064763955558633,0.7016909247788068,True
per_content_per_seed,big_buck_bunny,all_evaluation_traces,static,mean_objective_reward,higher,q-learning_minus_static,10,-1.2054094430586635,0.23076455139589755,0.16506754667132117,-1.3704769897299847,-1.0403418963873423,True
per_content_per_seed,big_buck_bunny,all_evaluation_traces,static,mean_quality_utility,higher,q-learning_minus_static,10,0.031170438870985064,0.05794061067173148,0.04144533637583173,-0.01027489750484667,0.0726157752468168,False
per_content_per_seed,big_buck_bunny,all_evaluation_traces,static,mean_psnr_y_db,higher,q-learning_minus_static,10,0.22965459055555776,0.31853760767623035,0.22785224638536877,0.0018023441701889853,0.45750683694092653,True
per_content_per_seed,big_buck_bunny,all_evaluation_traces,static,switch_count,lower,q-learning_minus_static,10,21.5,3.5598931874668427,2.5464172521843746,18.953582747815624,24.046417252184376,True
per_content_per_seed,big_buck_bunny,all_evaluation_traces,static,high_representation_fraction_percent,descriptive,q-learning_minus_static,10,-20.27777777777778,6.626680494475144,4.740112314395769,-25.01789009217355,-15.537665463382009,True
per_content_trace,elephants_dream,stage56_evaluation_low_start,static,startup_delay_s,lower,q-learning_minus_static,10,0.0,0.0,0.0,0.0,0.0,False
per_content_trace,elephants_dream,stage56_evaluation_low_start,static,rebuffering_s,lower,q-learning_minus_static,10,-4.465758166274398,0.5190257226346768,0.37126283987887576,-4.8370210061532735,-4.094495326395522,True
per_content_trace,elephants_dream,stage56_evaluation_low_start,static,rebuffering_rate_percent,lower,q-learning_minus_static,10,-7.442930277123997,0.8650428710577946,0.6187713997981262,-8.061701676922123,-6.824158877325871,True
per_content_trace,elephants_dream,stage56_evaluation_low_start,static,average_bitrate_kbps,higher,q-learning_minus_static,10,34.43333333333335,64.26264683140417,45.967534402053815,-11.534201068720463,80.40086773538717,False
per_content_trace,elephants_dream,stage56_evaluation_low_start,static,average_payload_bitrate_kbps,higher,q-learning_minus_static,10,14.390093333333311,48.14111713474183,34.43568802651813,-20.045594693184817,48.82578135985144,False
per_content_trace,elephants_dream,stage56_evaluation_low_start,static,buffer_mean_s,descriptive,q-learning_minus_static,10,0.27985584181815837,0.1461098157214901,0.10451340415958688,0.1753424376585715,0.38436924597774524,True
per_content_trace,elephants_dream,stage56_evaluation_low_start,static,buffer_std_s,lower,q-learning_minus_static,10,-0.024343587347409733,0.1681206650449212,0.12025792330688723,-0.14460151065429697,0.09591433595947749,False
per_content_trace,elephants_dream,stage56_evaluation_low_start,static,mean_objective_reward,higher,q-learning_minus_static,10,0.8196386713244751,0.0990480753226632,0.07084980209104551,0.7487888692334296,0.8904884734155206,True
per_content_trace,elephants_dream,stage56_evaluation_low_start,static,mean_quality_utility,higher,q-learning_minus_static,10,0.013788948109236495,0.026227484213614656,0.018760708472398163,-0.004971760363161668,0.03254965658163466,False
per_content_trace,elephants_dream,stage56_evaluation_low_start,static,mean_psnr_y_db,higher,q-learning_minus_static,10,0.09655552333333191,0.11415946180793787,0.08165908574764613,0.014896437585685776,0.17821460908097803,True
per_content_trace,elephants_dream,stage56_evaluation_low_start,static,switch_count,lower,q-learning_minus_static,10,5.0,3.711842908553348,2.6551079827381785,2.3448920172618215,7.655107982738178,True
per_content_trace,elephants_dream,stage56_evaluation_low_start,static,high_representation_fraction_percent,descriptive,q-learning_minus_static,10,0.0,0.0,0.0,0.0,0.0,False
per_content_trace,elephants_dream,stage56_evaluation_mixed_start,static,startup_delay_s,lower,q-learning_minus_static,10,0.0,0.0,0.0,0.0,0.0,False
per_content_trace,elephants_dream,stage56_evaluation_mixed_start,static,rebuffering_s,lower,q-learning_minus_static,10,0.03745305408604995,0.1184369562413938,0.08471880834264497,-0.04726575425659502,0.12217186242869493,False
per_content_trace,elephants_dream,stage56_evaluation_mixed_start,static,rebuffering_rate_percent,lower,q-learning_minus_static,10,0.06242175681008325,0.19739492706898967,0.1411980139044083,-0.07877625709432506,0.20361977071449155,False
per_content_trace,elephants_dream,stage56_evaluation_mixed_start,static,average_bitrate_kbps,higher,q-learning_minus_static,10,-1500.8666666666666,482.87894496843325,345.4067893141416,-1846.2734559808082,-1155.459877352525,True
per_content_trace,elephants_dream,stage56_evaluation_mixed_start,static,average_payload_bitrate_kbps,higher,q-learning_minus_static,10,-1072.6776399999999,299.70007324653164,214.37762225077913,-1287.055262250779,-858.3000177492207,True
per_content_trace,elephants_dream,stage56_evaluation_mixed_start,static,buffer_mean_s,descriptive,q-learning_minus_static,10,1.0369907852662847,0.679394496718434,0.4859757797154565,0.5510150055508283,1.5229665649817412,True
per_content_trace,elephants_dream,stage56_evaluation_mixed_start,static,buffer_std_s,lower,q-learning_minus_static,10,2.8272239850852263,0.3577365814550286,0.2558915548257669,2.5713324302594596,3.083115539910993,True
per_content_trace,elephants_dream,stage56_evaluation_mixed_start,static,mean_objective_reward,higher,q-learning_minus_static,10,-0.5084125443701849,0.1753393319983032,0.1254214878016257,-0.6338340321718106,-0.3829910565685592,True
per_content_trace,elephants_dream,stage56_evaluation_mixed_start,static,mean_quality_utility,higher,q-learning_minus_static,10,-0.2820690576293349,0.1207207327258434,0.08635241012053248,-0.36842146774986734,-0.1957166475088024,True
per_content_trace,elephants_dream,stage56_evaluation_mixed_start,static,mean_psnr_y_db,higher,q-learning_minus_static,10,-1.1268047983333311,0.4421903992140233,0.3163019793046452,-1.4431067776379765,-0.8105028190286859,True
per_content_trace,elephants_dream,stage56_evaluation_mixed_start,static,switch_count,lower,q-learning_minus_static,10,20.7,4.715223571935199,3.372833402348832,17.327166597651168,24.07283340234883,True
per_content_trace,elephants_dream,stage56_evaluation_mixed_start,static,high_representation_fraction_percent,descriptive,q-learning_minus_static,10,-52.833333333333336,10.859654633800844,7.767989222157531,-60.60132255549087,-45.065344111175804,True
per_content_trace,elephants_dream,stage56_evaluation_high_start,static,startup_delay_s,lower,q-learning_minus_static,10,0.0,0.0,0.0,0.0,0.0,False
per_content_trace,elephants_dream,stage56_evaluation_high_start,static,rebuffering_s,lower,q-learning_minus_static,10,0.0,0.0,0.0,0.0,0.0,False
per_content_trace,elephants_dream,stage56_evaluation_high_start,static,rebuffering_rate_percent,lower,q-learning_minus_static,10,0.0,0.0,0.0,0.0,0.0,False
per_content_trace,elephants_dream,stage56_evaluation_high_start,static,average_bitrate_kbps,higher,q-learning_minus_static,10,-415.1749999999999,380.8254259856614,272.4071717135991,-687.582171713599,-142.7678282864008,True
per_content_trace,elephants_dream,stage56_evaluation_high_start,static,average_payload_bitrate_kbps,higher,q-learning_minus_static,10,-180.85709333333313,269.834081019415,193.01426277457784,-373.87135610791097,12.157169441244719,False
per_content_trace,elephants_dream,stage56_evaluation_high_start,static,buffer_mean_s,descriptive,q-learning_minus_static,10,2.503826093174163,1.0781925914996064,0.7712389309426577,1.7325871622315054,3.275065024116821,True
per_content_trace,elephants_dream,stage56_evaluation_high_start,static,buffer_std_s,lower,q-learning_minus_static,10,0.6785125140471818,0.5873876634914861,0.42016262883980743,0.2583498852073744,1.0986751428869892,True
per_content_trace,elephants_dream,stage56_evaluation_high_start,static,mean_objective_reward,higher,q-learning_minus_static,10,0.0784846914495982,0.08504187322002879,0.060831064788113016,0.017653626661485185,0.13931575623771122,True
per_content_trace,elephants_dream,stage56_evaluation_high_start,static,mean_quality_utility,higher,q-learning_minus_static,10,-0.03466343419138028,0.08504054173851242,0.06083011236978872,-0.095493546561169,0.02616667817840844,False
per_content_trace,elephants_dream,stage56_evaluation_high_start,static,mean_psnr_y_db,higher,q-learning_minus_static,10,0.023847224999997963,0.33810394607800115,0.24184818925347507,-0.2180009642534771,0.26569541425347304,False
per_content_trace,elephants_dream,stage56_evaluation_high_start,static,switch_count,lower,q-learning_minus_static,10,21.0,3.3665016461206925,2.4080828889388335,18.591917111061168,23.408082888938832,True
per_content_trace,elephants_dream,stage56_evaluation_high_start,static,high_representation_fraction_percent,descriptive,q-learning_minus_static,10,-24.333333333333336,10.067672257843817,7.201478521032253,-31.53481185436559,-17.131854812301082,True
per_content_per_seed,elephants_dream,all_evaluation_traces,static,startup_delay_s,lower,q-learning_minus_static,10,0.0,0.0,0.0,0.0,0.0,False
per_content_per_seed,elephants_dream,all_evaluation_traces,static,rebuffering_s,lower,q-learning_minus_static,10,-1.4761017040627826,0.17139466364317618,0.1225998380990432,-1.5987015421618258,-1.3535018659637394,True
per_content_per_seed,elephants_dream,all_evaluation_traces,static,rebuffering_rate_percent,lower,q-learning_minus_static,10,-2.4601695067713045,0.2856577727386271,0.2043330634984054,-2.66450257026971,-2.2558364432728992,True
per_content_per_seed,elephants_dream,all_evaluation_traces,static,average_bitrate_kbps,higher,q-learning_minus_static,10,-627.2027777777778,185.4910469158543,132.68308264281933,-759.885860420597,-494.51969513495845,True
per_content_per_seed,elephants_dream,all_evaluation_traces,static,average_payload_bitrate_kbps,higher,q-learning_minus_static,10,-413.0482133333333,113.79497580169588,81.39836628062896,-494.4465796139623,-331.64984705270433,True
per_content_per_seed,elephants_dream,all_evaluation_traces,static,buffer_mean_s,descriptive,q-learning_minus_static,10,1.2735575734195355,0.5226046633612408,0.37382288197304675,0.8997346914464888,1.6473804553925822,True
per_content_per_seed,elephants_dream,all_evaluation_traces,static,buffer_std_s,lower,q-learning_minus_static,10,1.1604643039283329,0.2625281259428764,0.1877882604562835,0.9726760434720494,1.3482525643846164,True
per_content_per_seed,elephants_dream,all_evaluation_traces,static,mean_objective_reward,higher,q-learning_minus_static,10,0.12990360613462948,0.08908368015090574,0.06372219841398091,0.06618140772064857,0.1936258045486104,True
per_content_per_seed,elephants_dream,all_evaluation_traces,static,mean_quality_utility,higher,q-learning_minus_static,10,-0.10098118123715956,0.04244808582586284,0.030363421703136963,-0.1313446029402965,-0.07061775953402259,True
per_content_per_seed,elephants_dream,all_evaluation_traces,static,mean_psnr_y_db,higher,q-learning_minus_static,10,-0.3354673500000004,0.17512352631057457,0.12526712043794005,-0.46073447043794047,-0.21020022956206033,True
per_content_per_seed,elephants_dream,all_evaluation_traces,static,switch_count,lower,q-learning_minus_static,10,15.566666666666666,2.3256487213912256,1.663553290733757,13.903113375932909,17.230219957400422,True
per_content_per_seed,elephants_dream,all_evaluation_traces,static,high_representation_fraction_percent,descriptive,q-learning_minus_static,10,-25.72222222222222,4.878847713021869,3.4898749296631477,-29.21209715188537,-22.232347292559073,True
per_content_trace,sita_sings_the_blues,stage56_evaluation_low_start,static,startup_delay_s,lower,q-learning_minus_static,10,0.0,0.0,0.0,0.0,0.0,False
per_content_trace,sita_sings_the_blues,stage56_evaluation_low_start,static,rebuffering_s,lower,q-learning_minus_static,10,1.993133875528097,3.5880959673924253,2.566590903914966,-0.5734570283868692,4.559724779443063,False
per_content_trace,sita_sings_the_blues,stage56_evaluation_low_start,static,rebuffering_rate_percent,lower,q-learning_minus_static,10,3.3218897925468283,5.980159945654043,4.277651506524944,-0.955761713978116,7.599541299071772,False
per_content_trace,sita_sings_the_blues,stage56_evaluation_low_start,static,average_bitrate_kbps,higher,q-learning_minus_static,10,119.64666666666668,134.95218650312898,96.532271569671,23.11439509699568,216.17893823633767,True
per_content_trace,sita_sings_the_blues,stage56_evaluation_low_start,static,average_payload_bitrate_kbps,higher,q-learning_minus_static,10,96.60930666666661,113.4764800223244,81.17054395433142,15.43876271233519,177.77985062099805,True
per_content_trace,sita_sings_the_blues,stage56_evaluation_low_start,static,buffer_mean_s,descriptive,q-learning_minus_static,10,-1.0055884861379052,0.8364411741516936,0.5983123998764825,-1.6039008860143877,-0.40727608626142264,True
per_content_trace,sita_sings_the_blues,stage56_evaluation_low_start,static,buffer_std_s,lower,q-learning_minus_static,10,-0.0703666488148766,0.05532311717902587,0.0395730244169303,-0.1099396732318069,-0.0307936243979463,True
per_content_trace,sita_sings_the_blues,stage56_evaluation_low_start,static,mean_objective_reward,higher,q-learning_minus_static,10,-0.5594547887281618,0.7505332790548577,0.5368618633987035,-1.0963166521268652,-0.022592925329458335,True
per_content_trace,sita_sings_the_blues,stage56_evaluation_low_start,static,mean_quality_utility,higher,q-learning_minus_static,10,0.0473097988082108,0.051109129869209936,0.03655872892514984,0.01075106988306096,0.08386852773336063,True
per_content_trace,sita_sings_the_blues,stage56_evaluation_low_start,static,mean_psnr_y_db,higher,q-learning_minus_static,10,0.2567817799999972,0.2868169234861177,0.20516221238177204,0.05161956761822514,0.4619439923817692,True
per_content_trace,sita_sings_the_blues,stage56_evaluation_low_start,static,switch_count,lower,q-learning_minus_static,10,9.9,7.809538327512638,5.586219046904623,4.313780953095377,15.486219046904623,True
per_content_trace,sita_sings_the_blues,stage56_evaluation_low_start,static,high_representation_fraction_percent,descriptive,q-learning_minus_static,10,0.0,0.0,0.0,0.0,0.0,False
per_content_trace,sita_sings_the_blues,stage56_evaluation_mixed_start,static,startup_delay_s,lower,q-learning_minus_static,10,0.0,0.0,0.0,0.0,0.0,False
per_content_trace,sita_sings_the_blues,stage56_evaluation_mixed_start,static,rebuffering_s,lower,q-learning_minus_static,10,0.3268291385719664,0.7354329216345645,0.5260604689117676,-0.19923133033980123,0.852889607483734,False
per_content_trace,sita_sings_the_blues,stage56_evaluation_mixed_start,static,rebuffering_rate_percent,lower,q-learning_minus_static,10,0.5447152309532772,1.2257215360576075,0.8767674481862792,-0.33205221723300193,1.4214826791395563,False
per_content_trace,sita_sings_the_blues,stage56_evaluation_mixed_start,static,average_bitrate_kbps,higher,q-learning_minus_static,10,-1293.3966666666665,426.04321592944785,304.7517827327968,-1598.1484493994633,-988.6448839338698,True
per_content_trace,sita_sings_the_blues,stage56_evaluation_mixed_start,static,average_payload_bitrate_kbps,higher,q-learning_minus_static,10,-1141.20812,443.1262525980914,316.9714019747119,-1458.1795219747119,-824.2367180252882,True
per_content_trace,sita_sings_the_blues,stage56_evaluation_mixed_start,static,buffer_mean_s,descriptive,q-learning_minus_static,10,-0.6027527944362496,1.308601246869923,0.9360519026220342,-1.5388046970582838,0.33329910818578456,False
per_content_trace,sita_sings_the_blues,stage56_evaluation_mixed_start,static,buffer_std_s,lower,q-learning_minus_static,10,1.5842503807639772,0.8496825789296849,0.60778407214141,0.9764663086225672,2.192034452905387,True
per_content_trace,sita_sings_the_blues,stage56_evaluation_mixed_start,static,mean_objective_reward,higher,q-learning_minus_static,10,-0.4904290172147775,0.2175172256842463,0.15559163911987625,-0.6460206563346538,-0.3348373780949012,True
per_content_trace,sita_sings_the_blues,stage56_evaluation_mixed_start,static,mean_quality_utility,higher,q-learning_minus_static,10,-0.1934317607883412,0.09317292998326866,0.06664726828918992,-0.2600790290775311,-0.1267844924991513,True
per_content_trace,sita_sings_the_blues,stage56_evaluation_mixed_start,static,mean_psnr_y_db,higher,q-learning_minus_static,10,-1.3009550449999998,0.628048958789944,0.4492479464017746,-1.7502029914017745,-0.8517070985982251,True
per_content_trace,sita_sings_the_blues,stage56_evaluation_mixed_start,static,switch_count,lower,q-learning_minus_static,10,21.9,2.8460498941515415,2.0358,19.864199999999997,23.9358,True
per_content_trace,sita_sings_the_blues,stage56_evaluation_mixed_start,static,high_representation_fraction_percent,descriptive,q-learning_minus_static,10,-43.49999999999999,9.007884063898802,6.44340438829592,-49.94340438829591,-37.056595611704076,True
per_content_trace,sita_sings_the_blues,stage56_evaluation_high_start,static,startup_delay_s,lower,q-learning_minus_static,10,0.0,0.0,0.0,0.0,0.0,False
per_content_trace,sita_sings_the_blues,stage56_evaluation_high_start,static,rebuffering_s,lower,q-learning_minus_static,10,-2.2376608664432345,0.0,0.0,-2.2376608664432345,-2.2376608664432345,True
per_content_trace,sita_sings_the_blues,stage56_evaluation_high_start,static,rebuffering_rate_percent,lower,q-learning_minus_static,10,-3.72943477740539,0.0,0.0,-3.72943477740539,-3.72943477740539,True
per_content_trace,sita_sings_the_blues,stage56_evaluation_high_start,static,average_bitrate_kbps,higher,q-learning_minus_static,10,139.2466666666665,365.2777546937044,261.2858103905918,-122.03914372392529,400.5324770572583,False
per_content_trace,sita_sings_the_blues,stage56_evaluation_high_start,static,average_payload_bitrate_kbps,higher,q-learning_minus_static,10,-28.48308000000002,389.9403411619058,278.9271362279001,-307.41021622790015,250.4440562279001,False
per_content_trace,sita_sings_the_blues,stage56_evaluation_high_start,static,buffer_mean_s,descriptive,q-learning_minus_static,10,3.61106277158406,1.2335861324442436,0.8823930506596634,2.7286697209243966,4.493455822243724,True
per_content_trace,sita_sings_the_blues,stage56_evaluation_high_start,static,buffer_std_s,lower,q-learning_minus_static,10,0.5947920035068355,0.7578208335347165,0.5420747036375846,0.05271729986925089,1.13686670714442,True
per_content_trace,sita_sings_the_blues,stage56_evaluation_high_start,static,mean_objective_reward,higher,q-learning_minus_static,10,0.7742949530777266,0.09658268866711238,0.06908629324895382,0.7052086598287728,0.8433812463266803,True
per_content_trace,sita_sings_the_blues,stage56_evaluation_high_start,static,mean_quality_utility,higher,q-learning_minus_static,10,0.10123826033886854,0.0708490712412941,0.05067885124903104,0.0505594090898375,0.15191711158789958,True
per_content_trace,sita_sings_the_blues,stage56_evaluation_high_start,static,mean_psnr_y_db,higher,q-learning_minus_static,10,0.3918096783333304,0.460091326136925,0.3291066413397455,0.06270303699358493,0.7209163196730759,True
per_content_trace,sita_sings_the_blues,stage56_evaluation_high_start,static,switch_count,lower,q-learning_minus_static,10,14.7,4.001388647846034,2.862222136732228,11.837777863267771,17.562222136732228,True
per_content_trace,sita_sings_the_blues,stage56_evaluation_high_start,static,high_representation_fraction_percent,descriptive,q-learning_minus_static,10,-8.166666666666668,9.410068156822744,6.7310895683966185,-14.897756235063287,-1.4355770982700493,True
per_content_per_seed,sita_sings_the_blues,all_evaluation_traces,static,startup_delay_s,lower,q-learning_minus_static,10,0.0,0.0,0.0,0.0,0.0,False
per_content_per_seed,sita_sings_the_blues,all_evaluation_traces,static,rebuffering_s,lower,q-learning_minus_static,10,0.027434049218942956,1.2892174419172175,0.9221865272455135,-0.8947524780265705,0.9496205764644565,False
per_content_per_seed,sita_sings_the_blues,all_evaluation_traces,static,rebuffering_rate_percent,lower,q-learning_minus_static,10,0.045723415364905005,2.148695736528696,1.5369775454091892,-1.491254130044284,1.5827009607740943,False
per_content_per_seed,sita_sings_the_blues,all_evaluation_traces,static,average_bitrate_kbps,higher,q-learning_minus_static,10,-344.83444444444444,205.14818923391294,146.74397820664566,-491.57842265109014,-198.09046623779878,True
per_content_per_seed,sita_sings_the_blues,all_evaluation_traces,static,average_payload_bitrate_kbps,higher,q-learning_minus_static,10,-357.6939644444445,202.82391167728954,145.08140571995193,-502.7753701643964,-212.61255872449254,True
per_content_per_seed,sita_sings_the_blues,all_evaluation_traces,static,buffer_mean_s,descriptive,q-learning_minus_static,10,0.6675738303366352,0.6638257085718158,0.47483931335412655,0.19273451698250865,1.1424131436907619,True
per_content_per_seed,sita_sings_the_blues,all_evaluation_traces,static,buffer_std_s,lower,q-learning_minus_static,10,0.7028919118186454,0.3933424908791903,0.2813607184390485,0.42153119337959694,0.9842526302576939,True
per_content_per_seed,sita_sings_the_blues,all_evaluation_traces,static,mean_objective_reward,higher,q-learning_minus_static,10,-0.09186295095507088,0.25801656064901807,0.18456110528795328,-0.27642405624302413,0.0926981543328824,False
per_content_per_seed,sita_sings_the_blues,all_evaluation_traces,static,mean_quality_utility,higher,q-learning_minus_static,10,-0.01496123388042063,0.04649086336916255,0.0332552496150658,-0.04821648349548643,0.018294015734645168,False
per_content_per_seed,sita_sings_the_blues,all_evaluation_traces,static,mean_psnr_y_db,higher,q-learning_minus_static,10,-0.21745452888889077,0.29559082911975254,0.21143825031268074,-0.42889277920157154,-0.006016278576210038,True
per_content_per_seed,sita_sings_the_blues,all_evaluation_traces,static,switch_count,lower,q-learning_minus_static,10,15.5,2.3895347964007296,1.709251460597754,13.790748539402246,17.209251460597756,True
per_content_per_seed,sita_sings_the_blues,all_evaluation_traces,static,high_representation_fraction_percent,descriptive,q-learning_minus_static,10,-17.22222222222222,4.4521538074708555,3.1846577039547013,-20.406879926176924,-14.03756451826752,True
per_content_trace,tears_of_steel,stage56_evaluation_low_start,static,startup_delay_s,lower,q-learning_minus_static,10,0.0,0.0,0.0,0.0,0.0,False
per_content_trace,tears_of_steel,stage56_evaluation_low_start,static,rebuffering_s,lower,q-learning_minus_static,10,9.549027473303607,5.913190987444054,4.229748128090133,5.319279345213474,13.77877560139374,True
per_content_trace,tears_of_steel,stage56_evaluation_low_start,static,rebuffering_rate_percent,lower,q-learning_minus_static,10,15.915045788839342,9.855318312406757,7.049580213483556,8.865465575355785,22.9646260023229,True
per_content_trace,tears_of_steel,stage56_evaluation_low_start,static,average_bitrate_kbps,higher,q-learning_minus_static,10,338.01000000000005,202.20706997567657,144.6401744053765,193.36982559462353,482.65017440537656,True
per_content_trace,tears_of_steel,stage56_evaluation_low_start,static,average_payload_bitrate_kbps,higher,q-learning_minus_static,10,318.3602533333334,198.78114878270938,142.18958828635775,176.17066504697564,460.54984161969116,True
per_content_trace,tears_of_steel,stage56_evaluation_low_start,static,buffer_mean_s,descriptive,q-learning_minus_static,10,-3.5300633795246616,1.708206934014146,1.2218927304866254,-4.751956110011287,-2.3081706490380363,True
per_content_trace,tears_of_steel,stage56_evaluation_low_start,static,buffer_std_s,lower,q-learning_minus_static,10,-0.5117503426790745,0.28509888666360556,0.20393328826120147,-0.715683630940276,-0.307817054417873,True
per_content_trace,tears_of_steel,stage56_evaluation_low_start,static,mean_objective_reward,higher,q-learning_minus_static,10,-2.2565499264092095,1.2954120741804416,0.9266175923464404,-3.18316751875565,-1.3299323340627691,True
per_content_trace,tears_of_steel,stage56_evaluation_low_start,static,mean_quality_utility,higher,q-learning_minus_static,10,0.1862759894140937,0.10051653400929995,0.07190020117238217,0.11437578824171153,0.2581761905864759,True
per_content_trace,tears_of_steel,stage56_evaluation_low_start,static,mean_psnr_y_db,higher,q-learning_minus_static,10,0.6213192750000033,0.34037935821259624,0.24347580795163204,0.37784346704837124,0.8647950829516353,True
per_content_trace,tears_of_steel,stage56_evaluation_low_start,static,switch_count,lower,q-learning_minus_static,10,18.1,8.659612513784257,6.194283238599927,11.905716761400075,24.294283238599927,True
per_content_trace,tears_of_steel,stage56_evaluation_low_start,static,high_representation_fraction_percent,descriptive,q-learning_minus_static,10,0.8333333333333334,2.63523138347365,1.885,-1.0516666666666667,2.7183333333333333,False
per_content_trace,tears_of_steel,stage56_evaluation_mixed_start,static,startup_delay_s,lower,q-learning_minus_static,10,0.0,0.0,0.0,0.0,0.0,False
per_content_trace,tears_of_steel,stage56_evaluation_mixed_start,static,rebuffering_s,lower,q-learning_minus_static,10,0.06701478478667496,0.21191935683189397,0.15158744318745873,-0.08457265840078378,0.2186022279741337,False
per_content_trace,tears_of_steel,stage56_evaluation_mixed_start,static,rebuffering_rate_percent,lower,q-learning_minus_static,10,0.11169130797779159,0.3531989280531566,0.25264573864576456,-0.14095443066797297,0.36433704662355615,False
per_content_trace,tears_of_steel,stage56_evaluation_mixed_start,static,average_bitrate_kbps,higher,q-learning_minus_static,10,-629.2966666666669,238.84129458701227,170.84489928283367,-800.1415659495005,-458.45176738383316,True
per_content_trace,tears_of_steel,stage56_evaluation_mixed_start,static,average_payload_bitrate_kbps,higher,q-learning_minus_static,10,-580.6724533333334,220.9076119308173,158.01680683564703,-738.6892601689804,-422.65564649768635,True
per_content_trace,tears_of_steel,stage56_evaluation_mixed_start,static,buffer_mean_s,descriptive,q-learning_minus_static,10,-0.5741991024879447,1.6252640966743435,1.1625631211908234,-1.736762223678768,0.5883640187028787,False
per_content_trace,tears_of_steel,stage56_evaluation_mixed_start,static,buffer_std_s,lower,q-learning_minus_static,10,0.7995260068317374,0.2495974900683662,0.17853888342764374,0.6209871234040936,0.9780648902593811,True
per_content_trace,tears_of_steel,stage56_evaluation_mixed_start,static,mean_objective_reward,higher,q-learning_minus_static,10,-0.3190917199345999,0.10903655292578254,0.07799463210481884,-0.3970863520394187,-0.24109708782978106,True
per_content_trace,tears_of_steel,stage56_evaluation_mixed_start,static,mean_quality_utility,higher,q-learning_minus_static,10,-0.16353562264155533,0.08653152612815034,0.06189662424881879,-0.2254322468903741,-0.10163899839273655,True
per_content_trace,tears_of_steel,stage56_evaluation_mixed_start,static,mean_psnr_y_db,higher,q-learning_minus_static,10,-0.4017344349999952,0.2906484684049696,0.20790294407513688,-0.6096373790751322,-0.19383149092485835,True
per_content_trace,tears_of_steel,stage56_evaluation_mixed_start,static,switch_count,lower,q-learning_minus_static,10,21.4,2.4585451886114367,1.7586150914853427,19.641384908514656,23.15861509148534,True
per_content_trace,tears_of_steel,stage56_evaluation_mixed_start,static,high_representation_fraction_percent,descriptive,q-learning_minus_static,10,-41.16666666666667,11.467883225731432,8.203059517304775,-49.369726183971444,-32.9636071493619,True
per_content_trace,tears_of_steel,stage56_evaluation_high_start,static,startup_delay_s,lower,q-learning_minus_static,10,0.0,0.0,0.0,0.0,0.0,False
per_content_trace,tears_of_steel,stage56_evaluation_high_start,static,rebuffering_s,lower,q-learning_minus_static,10,0.0,0.0,0.0,0.0,0.0,False
per_content_trace,tears_of_steel,stage56_evaluation_high_start,static,rebuffering_rate_percent,lower,q-learning_minus_static,10,0.0,0.0,0.0,0.0,0.0,False
per_content_trace,tears_of_steel,stage56_evaluation_high_start,static,average_bitrate_kbps,higher,q-learning_minus_static,10,-492.9583333333333,364.181816046448,260.5018775780752,-753.4602109114085,-232.4564557552581,True
per_content_trace,tears_of_steel,stage56_evaluation_high_start,static,average_payload_bitrate_kbps,higher,q-learning_minus_static,10,-610.3412666666668,340.8536201129333,243.81505090682066,-854.1563175734875,-366.52621575984614,True
per_content_trace,tears_of_steel,stage56_evaluation_high_start,static,buffer_mean_s,descriptive,q-learning_minus_static,10,3.3568226154982463,1.086627155131334,0.7772722350940559,2.5795503804041906,4.1340948505923025,True
per_content_trace,tears_of_steel,stage56_evaluation_high_start,static,buffer_std_s,lower,q-learning_minus_static,10,1.1544675081668463,0.42415127412613957,0.30339846312617647,0.8510690450406698,1.4578659712930229,True
per_content_trace,tears_of_steel,stage56_evaluation_high_start,static,mean_objective_reward,higher,q-learning_minus_static,10,-0.09469802407235786,0.12038156383197703,0.08610980016645119,-0.18080782423880903,-0.008588223905906675,True
per_content_trace,tears_of_steel,stage56_evaluation_high_start,static,mean_quality_utility,higher,q-learning_minus_static,10,-0.14651705879805257,0.12444991234231648,0.08901991917538661,-0.2355369779734392,-0.05749713962266596,True
per_content_trace,tears_of_steel,stage56_evaluation_high_start,static,mean_psnr_y_db,higher,q-learning_minus_static,10,-0.5883594299999977,0.42073933176461986,0.30095787616603376,-0.8893173061660314,-0.28740155383396393,True
per_content_trace,tears_of_steel,stage56_evaluation_high_start,static,switch_count,lower,q-learning_minus_static,10,17.0,3.9157800414902435,2.8009856836478115,14.199014316352189,19.800985683647813,True
per_content_trace,tears_of_steel,stage56_evaluation_high_start,static,high_representation_fraction_percent,descriptive,q-learning_minus_static,10,-28.666666666666668,16.13599610716272,11.542194303222127,-40.208860969888796,-17.12447236344454,True
per_content_per_seed,tears_of_steel,all_evaluation_traces,static,startup_delay_s,lower,q-learning_minus_static,10,0.0,0.0,0.0,0.0,0.0,False
per_content_per_seed,tears_of_steel,all_evaluation_traces,static,rebuffering_s,lower,q-learning_minus_static,10,3.2053474193634264,1.9942582045356658,1.4265072657849664,1.77884015357846,4.631854685148393,True
per_content_per_seed,tears_of_steel,all_evaluation_traces,static,rebuffering_rate_percent,lower,q-learning_minus_static,10,5.3422456989390446,3.3237636742261096,2.3775121096416107,2.964733589297434,7.719757808580655,True
per_content_per_seed,tears_of_steel,all_evaluation_traces,static,average_bitrate_kbps,higher,q-learning_minus_static,10,-261.4150000000001,182.66697889511778,130.66300643529053,-392.0780064352906,-130.75199356470955,True
per_content_per_seed,tears_of_steel,all_evaluation_traces,static,average_payload_bitrate_kbps,higher,q-learning_minus_static,10,-290.8844888888889,169.47366254655284,121.22573217049214,-412.11022105938105,-169.65875671839675,True
per_content_per_seed,tears_of_steel,all_evaluation_traces,static,buffer_mean_s,descriptive,q-learning_minus_static,10,-0.2491466221714534,1.1771260788017799,0.8420067673968418,-1.0911533895682952,0.5928601452253883,False
per_content_per_seed,tears_of_steel,all_evaluation_traces,static,buffer_std_s,lower,q-learning_minus_static,10,0.48074772410650296,0.1536798277246269,0.1099282883004639,0.37081943580603904,0.5906760124069669,True
per_content_per_seed,tears_of_steel,all_evaluation_traces,static,mean_objective_reward,higher,q-learning_minus_static,10,-0.8901132234720557,0.45874811143232347,0.3281458301813582,-1.218259053653414,-0.5619673932906974,True
per_content_per_seed,tears_of_steel,all_evaluation_traces,static,mean_quality_utility,higher,q-learning_minus_static,10,-0.04125889734183806,0.07190170913779592,0.051431810722476,-0.09269070806431406,0.010172913380637937,False
per_content_per_seed,tears_of_steel,all_evaluation_traces,static,mean_psnr_y_db,higher,q-learning_minus_static,10,-0.12292486333332989,0.23803214730743644,0.17026611040244705,-0.29319097373577696,0.04734124706911716,False
per_content_per_seed,tears_of_steel,all_evaluation_traces,static,switch_count,lower,q-learning_minus_static,10,18.833333333333336,3.236558147473224,2.315133367888578,16.518199965444758,21.148466701221913,True
per_content_per_seed,tears_of_steel,all_evaluation_traces,static,high_representation_fraction_percent,descriptive,q-learning_minus_static,10,-23.0,7.235031376044314,5.175270084202798,-28.175270084202797,-17.824729915797203,True
overall_content_balanced_per_seed,all_contents,all_evaluation_traces,static,startup_delay_s,lower,q-learning_minus_static,10,0.0,0.0,0.0,0.0,0.0,False
overall_content_balanced_per_seed,all_contents,all_evaluation_traces,static,rebuffering_s,lower,q-learning_minus_static,10,1.779632051756326,0.7101083062063149,0.5079455889882727,1.2716864627680533,2.2875776407445985,True
overall_content_balanced_per_seed,all_contents,all_evaluation_traces,static,rebuffering_rate_percent,lower,q-learning_minus_static,10,2.9660534195938766,1.1835138436771917,0.8465759816471213,2.119477437946755,3.812629401240998,True
overall_content_balanced_per_seed,all_contents,all_evaluation_traces,static,average_bitrate_kbps,higher,q-learning_minus_static,10,-325.6056944444444,105.95157644470812,75.78792619531349,-401.3936206397579,-249.8177682491309,True
overall_content_balanced_per_seed,all_contents,all_evaluation_traces,static,average_payload_bitrate_kbps,higher,q-learning_minus_static,10,-287.27292888888894,101.18009349234961,72.37485005270169,-359.6477789415906,-214.89807883618727,True
overall_content_balanced_per_seed,all_contents,all_evaluation_traces,static,buffer_mean_s,descriptive,q-learning_minus_static,10,0.20222505752921305,0.42251189114055054,0.30222580066199395,-0.1000007431327809,0.504450858191207,False
overall_content_balanced_per_seed,all_contents,all_evaluation_traces,static,buffer_std_s,lower,q-learning_minus_static,10,0.7013183055051695,0.20766235852328954,0.1485423816182762,0.5527759238868932,0.8498606871234458,True
overall_content_balanced_per_seed,all_contents,all_evaluation_traces,static,mean_objective_reward,higher,q-learning_minus_static,10,-0.5143705028377901,0.13759042807535174,0.09841942477937683,-0.6127899276171669,-0.41595107805841325,True
overall_content_balanced_per_seed,all_contents,all_evaluation_traces,static,mean_quality_utility,higher,q-learning_minus_static,10,-0.031507718397108295,0.030570889243589194,0.02186757739208666,-0.053375295789194956,-0.009640141005021634,True
overall_content_balanced_per_seed,all_contents,all_evaluation_traces,static,mean_psnr_y_db,higher,q-learning_minus_static,10,-0.11154803791666582,0.15109074610673096,0.10807629956037054,-0.21962433747703636,-0.003471738356295273,True
overall_content_balanced_per_seed,all_contents,all_evaluation_traces,static,switch_count,lower,q-learning_minus_static,10,17.85,1.555952330349805,1.112983915227689,16.737016084772314,18.96298391522769,True
overall_content_balanced_per_seed,all_contents,all_evaluation_traces,static,high_representation_fraction_percent,descriptive,q-learning_minus_static,10,-21.555555555555554,3.3287004842100543,2.3810434454013834,-23.93659900095694,-19.17451211015417,True
per_content_trace,big_buck_bunny,stage56_evaluation_low_start,throughput,startup_delay_s,lower,q-learning_minus_throughput,10,0.0,0.0,0.0,0.0,0.0,False
per_content_trace,big_buck_bunny,stage56_evaluation_low_start,throughput,rebuffering_s,lower,q-learning_minus_throughput,10,13.497073188510791,5.182770506577921,3.707273094183332,9.78980009432746,17.204346282694125,True
per_content_trace,big_buck_bunny,stage56_evaluation_low_start,throughput,rebuffering_rate_percent,lower,q-learning_minus_throughput,10,22.49512198085132,8.637950844296535,6.178788490305554,16.316333490545766,28.673910471156873,True
per_content_trace,big_buck_bunny,stage56_evaluation_low_start,throughput,average_bitrate_kbps,higher,q-learning_minus_throughput,10,437.92500000000007,85.55088921257176,61.19516759591987,376.7298324040802,499.12016759591995,True
per_content_trace,big_buck_bunny,stage56_evaluation_low_start,throughput,average_payload_bitrate_kbps,higher,q-learning_minus_throughput,10,421.3210400000001,90.71381533729082,64.88824586074647,356.43279413925364,486.20928586074655,True
per_content_trace,big_buck_bunny,stage56_evaluation_low_start,throughput,buffer_mean_s,descriptive,q-learning_minus_throughput,10,-1.9879919350555117,0.10200541694017745,0.07296520986281627,-2.060957144918328,-1.9150267251926956,True
per_content_trace,big_buck_bunny,stage56_evaluation_low_start,throughput,buffer_std_s,lower,q-learning_minus_throughput,10,-0.636428111603812,0.04016431370292139,0.02872982304506767,-0.6651579346488796,-0.6076982885587443,True
per_content_trace,big_buck_bunny,stage56_evaluation_low_start,throughput,mean_objective_reward,higher,q-learning_minus_throughput,10,-2.5573730487663635,0.8437228745974457,0.6035210526825786,-3.160894101448942,-1.953851996083785,True
per_content_trace,big_buck_bunny,stage56_evaluation_low_start,throughput,mean_quality_utility,higher,q-learning_minus_throughput,10,0.22331051220143636,0.045388539568161336,0.032466749456059533,0.19084376274537682,0.25577726165749587,True
per_content_trace,big_buck_bunny,stage56_evaluation_low_start,throughput,mean_psnr_y_db,higher,q-learning_minus_throughput,10,1.174211733333334,0.30476700346353913,0.21800203395100304,0.9562096993823309,1.3922137672843369,True
per_content_trace,big_buck_bunny,stage56_evaluation_low_start,throughput,switch_count,lower,q-learning_minus_throughput,10,17.6,7.411702458499891,5.301644182704079,12.298355817295922,22.901644182704082,True
per_content_trace,big_buck_bunny,stage56_evaluation_low_start,throughput,high_representation_fraction_percent,descriptive,q-learning_minus_throughput,10,1.0,2.1081851067789197,1.508,-0.508,2.508,False
per_content_trace,big_buck_bunny,stage56_evaluation_mixed_start,throughput,startup_delay_s,lower,q-learning_minus_throughput,10,-0.7401941864567347,0.0,0.0,-0.7401941864567347,-0.7401941864567347,True
per_content_trace,big_buck_bunny,stage56_evaluation_mixed_start,throughput,rebuffering_s,lower,q-learning_minus_throughput,10,1.2347719387641567,2.6032906213618077,1.862152542672948,-0.6273806039087912,3.096924481437105,False
per_content_trace,big_buck_bunny,stage56_evaluation_mixed_start,throughput,rebuffering_rate_percent,lower,q-learning_minus_throughput,10,2.0579532312735944,4.338817702269679,3.10358757112158,-1.0456343398479855,5.161540802395175,False
per_content_trace,big_buck_bunny,stage56_evaluation_mixed_start,throughput,average_bitrate_kbps,higher,q-learning_minus_throughput,10,41.38666666666673,146.00926737879973,104.44148120543571,-63.05481453876898,145.82814787210242,False
per_content_trace,big_buck_bunny,stage56_evaluation_mixed_start,throughput,average_payload_bitrate_kbps,higher,q-learning_minus_throughput,10,52.99738666666663,151.6357719044799,108.46616044135418,-55.46877377468755,161.4635471080208,False
per_content_trace,big_buck_bunny,stage56_evaluation_mixed_start,throughput,buffer_mean_s,descriptive,q-learning_minus_throughput,10,-2.1928881644004554,1.061183941171753,0.759072520786392,-2.9519606851868474,-1.4338156436140634,True
per_content_trace,big_buck_bunny,stage56_evaluation_mixed_start,throughput,buffer_std_s,lower,q-learning_minus_throughput,10,-0.3286136429270351,0.42994282730283495,0.3075412028516272,-0.6361548457786623,-0.021072440075407872,True
per_content_trace,big_buck_bunny,stage56_evaluation_mixed_start,throughput,mean_objective_reward,higher,q-learning_minus_throughput,10,-0.4061763838774037,0.4571999825131739,0.32703844240854324,-0.7332148262859469,-0.07913794146886044,True
per_content_trace,big_buck_bunny,stage56_evaluation_mixed_start,throughput,mean_quality_utility,higher,q-learning_minus_throughput,10,0.001238138127951205,0.05539005308672182,0.039620904154094236,-0.03838276602614303,0.04085904228204544,False
per_content_trace,big_buck_bunny,stage56_evaluation_mixed_start,throughput,mean_psnr_y_db,higher,q-learning_minus_throughput,10,0.021205218333332,0.27918146721401654,0.19970051548366566,-0.17849529715033366,0.22090573381699766,False
per_content_trace,big_buck_bunny,stage56_evaluation_mixed_start,throughput,switch_count,lower,q-learning_minus_throughput,10,12.0,5.456901847914967,3.9033612182323068,8.096638781767693,15.903361218232307,True
per_content_trace,big_buck_bunny,stage56_evaluation_mixed_start,throughput,high_representation_fraction_percent,descriptive,q-learning_minus_throughput,10,6.833333333333331,7.635605354901631,5.461803538107983,1.3715297952253485,12.295136871441315,True
per_content_trace,big_buck_bunny,stage56_evaluation_high_start,throughput,startup_delay_s,lower,q-learning_minus_throughput,10,-1.0515822775422694,0.0,0.0,-1.0515822775422694,-1.0515822775422694,True
per_content_trace,big_buck_bunny,stage56_evaluation_high_start,throughput,rebuffering_s,lower,q-learning_minus_throughput,10,0.0,0.0,0.0,0.0,0.0,False
per_content_trace,big_buck_bunny,stage56_evaluation_high_start,throughput,rebuffering_rate_percent,lower,q-learning_minus_throughput,10,0.0,0.0,0.0,0.0,0.0,False
per_content_trace,big_buck_bunny,stage56_evaluation_high_start,throughput,average_bitrate_kbps,higher,q-learning_minus_throughput,10,-183.82333333333324,352.8687373724326,252.4095508722475,-436.2328842055807,68.58621753891427,False
per_content_trace,big_buck_bunny,stage56_evaluation_high_start,throughput,average_payload_bitrate_kbps,higher,q-learning_minus_throughput,10,-197.12050666666647,350.05027777230697,250.3934864084001,-447.51399307506654,53.27297974173362,False
per_content_trace,big_buck_bunny,stage56_evaluation_high_start,throughput,buffer_mean_s,descriptive,q-learning_minus_throughput,10,0.5437151880078355,1.9330943137763203,1.3827562939331548,-0.8390411059253193,1.9264714819409903,False
per_content_trace,big_buck_bunny,stage56_evaluation_high_start,throughput,buffer_std_s,lower,q-learning_minus_throughput,10,-0.8887602964485094,0.9289270776486895,0.6644682331688271,-1.5532285296173365,-0.22429206327968232,True
per_content_trace,big_buck_bunny,stage56_evaluation_high_start,throughput,mean_objective_reward,higher,q-learning_minus_throughput,10,0.020725293677932816,0.13655176498253116,0.09767646158371772,-0.0769511679057849,0.11840175526165053,False
per_content_trace,big_buck_bunny,stage56_evaluation_high_start,throughput,mean_quality_utility,higher,q-learning_minus_throughput,10,-0.06883268186826333,0.13050596207695647,0.09335185519489045,-0.16218453706315378,0.02451917332662712,False
per_content_trace,big_buck_bunny,stage56_evaluation_high_start,throughput,mean_psnr_y_db,higher,q-learning_minus_throughput,10,-0.5997238800000048,0.6788777073894612,0.48560611658408104,-1.0853299965840857,-0.11411776341592372,True
per_content_trace,big_buck_bunny,stage56_evaluation_high_start,throughput,switch_count,lower,q-learning_minus_throughput,10,10.9,5.724217559340898,4.094574073087457,6.805425926912544,14.994574073087456,True
per_content_trace,big_buck_bunny,stage56_evaluation_high_start,throughput,high_representation_fraction_percent,descriptive,q-learning_minus_throughput,10,-10.333333333333332,15.748799679912901,11.265229908390191,-21.598563241723525,0.9318965750568591,False
per_content_per_seed,big_buck_bunny,all_evaluation_traces,throughput,startup_delay_s,lower,q-learning_minus_throughput,10,-0.5972588213330013,0.0,0.0,-0.5972588213330013,-0.5972588213330013,True
per_content_per_seed,big_buck_bunny,all_evaluation_traces,throughput,rebuffering_s,lower,q-learning_minus_throughput,10,4.9106150424249835,1.5532841227695033,1.1110753271164475,3.799539715308536,6.021690369541431,True
per_content_per_seed,big_buck_bunny,all_evaluation_traces,throughput,rebuffering_rate_percent,lower,q-learning_minus_throughput,10,8.184358404041639,2.5888068712825056,1.851792211860746,6.332566192180893,10.036150615902384,True
per_content_per_seed,big_buck_bunny,all_evaluation_traces,throughput,average_bitrate_kbps,higher,q-learning_minus_throughput,10,98.49611111111119,153.61520145135705,109.88206066144988,-11.385949550338694,208.37817177256107,False
per_content_per_seed,big_buck_bunny,all_evaluation_traces,throughput,average_payload_bitrate_kbps,higher,q-learning_minus_throughput,10,92.39930666666675,156.1003522837384,111.65970696166353,-19.260400294996785,204.05901362833026,False
per_content_per_seed,big_buck_bunny,all_evaluation_traces,throughput,buffer_mean_s,descriptive,q-learning_minus_throughput,10,-1.2123883038160437,0.754715579737625,0.5398534932177991,-1.7522417970338426,-0.6725348105982446,True
per_content_per_seed,big_buck_bunny,all_evaluation_traces,throughput,buffer_std_s,lower,q-learning_minus_throughput,10,-0.6179340169931188,0.3362494328990707,0.24052164261161021,-0.858455659604729,-0.37741237438150854,True
per_content_per_seed,big_buck_bunny,all_evaluation_traces,throughput,mean_objective_reward,higher,q-learning_minus_throughput,10,-0.9809413796552782,0.23076455139589758,0.16506754667132117,-1.1460089263265993,-0.815873832983957,True
per_content_per_seed,big_buck_bunny,all_evaluation_traces,throughput,mean_quality_utility,higher,q-learning_minus_throughput,10,0.051905322820374744,0.05794061067173147,0.04144533637583173,0.010459986444543011,0.09335065919620647,True
per_content_per_seed,big_buck_bunny,all_evaluation_traces,throughput,mean_psnr_y_db,higher,q-learning_minus_throughput,10,0.1985643572222204,0.31853760767623035,0.22785224638536877,-0.029287889163148367,0.42641660360758915,False
per_content_per_seed,big_buck_bunny,all_evaluation_traces,throughput,switch_count,lower,q-learning_minus_throughput,10,13.5,3.559893187466843,2.5464172521843746,10.953582747815625,16.046417252184376,True
per_content_per_seed,big_buck_bunny,all_evaluation_traces,throughput,high_representation_fraction_percent,descriptive,q-learning_minus_throughput,10,-0.8333333333333333,6.626680494475145,4.74011231439577,-5.573445647729103,3.9067789810624367,False
per_content_trace,elephants_dream,stage56_evaluation_low_start,throughput,startup_delay_s,lower,q-learning_minus_throughput,10,0.0,0.0,0.0,0.0,0.0,False
per_content_trace,elephants_dream,stage56_evaluation_low_start,throughput,rebuffering_s,lower,q-learning_minus_throughput,10,0.9577955529942068,0.5190257226346768,0.37126283987887576,0.5865327131153311,1.3290583928730826,True
per_content_trace,elephants_dream,stage56_evaluation_low_start,throughput,rebuffering_rate_percent,lower,q-learning_minus_throughput,10,1.5963259216570118,0.8650428710577945,0.6187713997981262,0.9775545218588856,2.215097321455138,True
per_content_trace,elephants_dream,stage56_evaluation_low_start,throughput,average_bitrate_kbps,higher,q-learning_minus_throughput,10,112.7333333333333,64.26264683140417,45.967534402053815,66.76579893127949,158.70086773538713,True
per_content_trace,elephants_dream,stage56_evaluation_low_start,throughput,average_payload_bitrate_kbps,higher,q-learning_minus_throughput,10,93.48675999999989,48.14111713474183,34.43568802651813,59.05107197348176,127.92244802651803,True
per_content_trace,elephants_dream,stage56_evaluation_low_start,throughput,buffer_mean_s,descriptive,q-learning_minus_throughput,10,-0.41887057305913566,0.1461098157214901,0.10451340415958688,-0.5233839772187225,-0.3143571688995488,True
per_content_trace,elephants_dream,stage56_evaluation_low_start,throughput,buffer_std_s,lower,q-learning_minus_throughput,10,0.05810205043543668,0.1681206650449212,0.12025792330688723,-0.062155872871450545,0.1783599737423239,False
per_content_trace,elephants_dream,stage56_evaluation_low_start,throughput,mean_objective_reward,higher,q-learning_minus_throughput,10,-0.206860706643212,0.0990480753226632,0.07084980209104551,-0.2777105087342575,-0.13601090455216647,True
per_content_trace,elephants_dream,stage56_evaluation_low_start,throughput,mean_quality_utility,higher,q-learning_minus_throughput,10,0.048626160479200806,0.026227484213614656,0.018760708472398163,0.029865452006802642,0.06738686895159897,True
per_content_trace,elephants_dream,stage56_evaluation_low_start,throughput,mean_psnr_y_db,higher,q-learning_minus_throughput,10,0.22090987333333628,0.11415946180793787,0.08165908574764613,0.13925078758569015,0.3025689590809824,True
per_content_trace,elephants_dream,stage56_evaluation_low_start,throughput,switch_count,lower,q-learning_minus_throughput,10,7.0,3.711842908553348,2.6551079827381785,4.344892017261822,9.655107982738178,True
per_content_trace,elephants_dream,stage56_evaluation_low_start,throughput,high_representation_fraction_percent,descriptive,q-learning_minus_throughput,10,0.0,0.0,0.0,0.0,0.0,False
per_content_trace,elephants_dream,stage56_evaluation_mixed_start,throughput,startup_delay_s,lower,q-learning_minus_throughput,10,-1.0012316878659135,0.0,0.0,-1.0012316878659135,-1.0012316878659135,True
per_content_trace,elephants_dream,stage56_evaluation_mixed_start,throughput,rebuffering_s,lower,q-learning_minus_throughput,10,0.03745305408604995,0.1184369562413938,0.08471880834264497,-0.04726575425659502,0.12217186242869493,False
per_content_trace,elephants_dream,stage56_evaluation_mixed_start,throughput,rebuffering_rate_percent,lower,q-learning_minus_throughput,10,0.06242175681008325,0.19739492706898967,0.1411980139044083,-0.07877625709432506,0.20361977071449155,False
per_content_trace,elephants_dream,stage56_evaluation_mixed_start,throughput,average_bitrate_kbps,higher,q-learning_minus_throughput,10,-555.1499999999999,482.87894496843325,345.4067893141416,-900.5567893141415,-209.7432106858583,True
per_content_trace,elephants_dream,stage56_evaluation_mixed_start,throughput,average_payload_bitrate_kbps,higher,q-learning_minus_throughput,10,-352.96070666666685,299.70007324653164,214.37762225077913,-567.338328917446,-138.58308441588773,True
per_content_trace,elephants_dream,stage56_evaluation_mixed_start,throughput,buffer_mean_s,descriptive,q-learning_minus_throughput,10,-0.5409597227918578,0.679394496718434,0.4859757797154565,-1.0269355025073144,-0.054983943076401254,True
per_content_trace,elephants_dream,stage56_evaluation_mixed_start,throughput,buffer_std_s,lower,q-learning_minus_throughput,10,-0.02565945653606292,0.3577365814550286,0.2558915548257669,-0.28155101136182986,0.230232098289704,False
per_content_trace,elephants_dream,stage56_evaluation_mixed_start,throughput,mean_objective_reward,higher,q-learning_minus_throughput,10,-0.1834141951411469,0.1753393319983032,0.1254214878016257,-0.30883568294277264,-0.05799270733952119,True
per_content_trace,elephants_dream,stage56_evaluation_mixed_start,throughput,mean_quality_utility,higher,q-learning_minus_throughput,10,-0.14441140520637769,0.1207207327258434,0.08635241012053248,-0.23076381532691015,-0.05805899508584521,True
per_content_trace,elephants_dream,stage56_evaluation_mixed_start,throughput,mean_psnr_y_db,higher,q-learning_minus_throughput,10,-0.3089664483333287,0.4421903992140233,0.3163019793046452,-0.6252684276379739,0.007335530971316506,False
per_content_trace,elephants_dream,stage56_evaluation_mixed_start,throughput,switch_count,lower,q-learning_minus_throughput,10,14.7,4.715223571935199,3.372833402348832,11.327166597651168,18.07283340234883,True
per_content_trace,elephants_dream,stage56_evaluation_mixed_start,throughput,high_representation_fraction_percent,descriptive,q-learning_minus_throughput,10,-12.833333333333334,10.859654633800842,7.76798922215753,-20.601322555490864,-5.065344111175804,True
per_content_trace,elephants_dream,stage56_evaluation_high_start,throughput,startup_delay_s,lower,q-learning_minus_throughput,10,-2.3926544377063466,0.0,0.0,-2.3926544377063466,-2.3926544377063466,True
per_content_trace,elephants_dream,stage56_evaluation_high_start,throughput,rebuffering_s,lower,q-learning_minus_throughput,10,0.0,0.0,0.0,0.0,0.0,False
per_content_trace,elephants_dream,stage56_evaluation_high_start,throughput,rebuffering_rate_percent,lower,q-learning_minus_throughput,10,0.0,0.0,0.0,0.0,0.0,False
per_content_trace,elephants_dream,stage56_evaluation_high_start,throughput,average_bitrate_kbps,higher,q-learning_minus_throughput,10,-82.75833333333341,380.8254259856614,272.4071717135991,-355.1655050469325,189.6488383802657,False
per_content_trace,elephants_dream,stage56_evaluation_high_start,throughput,average_payload_bitrate_kbps,higher,q-learning_minus_throughput,10,-269.96802666666696,269.834081019415,193.01426277457784,-462.9822894412448,-76.95376389208911,True
per_content_trace,elephants_dream,stage56_evaluation_high_start,throughput,buffer_mean_s,descriptive,q-learning_minus_throughput,10,1.6036798054798722,1.0781925914996064,0.7712389309426577,0.8324408745372145,2.37491873642253,True
per_content_trace,elephants_dream,stage56_evaluation_high_start,throughput,buffer_std_s,lower,q-learning_minus_throughput,10,-0.758484783185893,0.5873876634914861,0.42016262883980743,-1.1786474120257004,-0.33832215434608554,True
per_content_trace,elephants_dream,stage56_evaluation_high_start,throughput,mean_objective_reward,higher,q-learning_minus_throughput,10,0.20940122148008272,0.08504187322002879,0.060831064788113016,0.1485701566919697,0.27023228626819573,True
per_content_trace,elephants_dream,stage56_evaluation_high_start,throughput,mean_quality_utility,higher,q-learning_minus_throughput,10,-0.035006280223659245,0.08504054173851242,0.06083011236978872,-0.09583639259344796,0.025823832146129475,False
per_content_trace,elephants_dream,stage56_evaluation_high_start,throughput,mean_psnr_y_db,higher,q-learning_minus_throughput,10,-0.36613277500000335,0.33810394607800115,0.24184818925347507,-0.6079809642534784,-0.12428458574652829,True
per_content_trace,elephants_dream,stage56_evaluation_high_start,throughput,switch_count,lower,q-learning_minus_throughput,10,18.0,3.3665016461206925,2.4080828889388335,15.591917111061166,20.408082888938832,True
per_content_trace,elephants_dream,stage56_evaluation_high_start,throughput,high_representation_fraction_percent,descriptive,q-learning_minus_throughput,10,-1.0,10.067672257843817,7.201478521032253,-8.201478521032254,6.201478521032253,False
per_content_per_seed,elephants_dream,all_evaluation_traces,throughput,startup_delay_s,lower,q-learning_minus_throughput,10,-1.1312953751907535,0.0,0.0,-1.1312953751907535,-1.1312953751907535,True
per_content_per_seed,elephants_dream,all_evaluation_traces,throughput,rebuffering_s,lower,q-learning_minus_throughput,10,0.3317495356934189,0.17139466364317624,0.12259983809904326,0.20914969759437566,0.4543493737924622,True
per_content_per_seed,elephants_dream,all_evaluation_traces,throughput,rebuffering_rate_percent,lower,q-learning_minus_throughput,10,0.552915892822365,0.285657772738627,0.20433306349840538,0.34858282932395956,0.7572489563207704,True
per_content_per_seed,elephants_dream,all_evaluation_traces,throughput,average_bitrate_kbps,higher,q-learning_minus_throughput,10,-175.05833333333334,185.49104691585427,132.6830826428193,-307.74141597615267,-42.37525069051404,True
per_content_per_seed,elephants_dream,all_evaluation_traces,throughput,average_payload_bitrate_kbps,higher,q-learning_minus_throughput,10,-176.48065777777794,113.79497580169588,81.39836628062896,-257.8790240584069,-95.08229149714897,True
per_content_per_seed,elephants_dream,all_evaluation_traces,throughput,buffer_mean_s,descriptive,q-learning_minus_throughput,10,0.21461650320962627,0.5226046633612408,0.37382288197304675,-0.15920637876342048,0.588439385182673,False
per_content_per_seed,elephants_dream,all_evaluation_traces,throughput,buffer_std_s,lower,q-learning_minus_throughput,10,-0.2420140630955064,0.2625281259428764,0.1877882604562835,-0.42980232355178993,-0.054225802639222914,True
per_content_per_seed,elephants_dream,all_evaluation_traces,throughput,mean_objective_reward,higher,q-learning_minus_throughput,10,-0.060291226768092065,0.08908368015090573,0.06372219841398091,-0.12401342518207298,0.0034309716458888473,False
per_content_per_seed,elephants_dream,all_evaluation_traces,throughput,mean_quality_utility,higher,q-learning_minus_throughput,10,-0.043597174983612035,0.04244808582586285,0.030363421703136967,-0.07396059668674901,-0.013233753280475068,True
per_content_per_seed,elephants_dream,all_evaluation_traces,throughput,mean_psnr_y_db,higher,q-learning_minus_throughput,10,-0.1513964499999986,0.17512352631057457,0.12526712043794005,-0.27666357043793866,-0.026129329562058545,True
per_content_per_seed,elephants_dream,all_evaluation_traces,throughput,switch_count,lower,q-learning_minus_throughput,10,13.233333333333334,2.325648721391225,1.6635532907337565,11.569780042599579,14.89688662406709,True
per_content_per_seed,elephants_dream,all_evaluation_traces,throughput,high_representation_fraction_percent,descriptive,q-learning_minus_throughput,10,-4.611111111111111,4.878847713021868,3.4898749296631473,-8.100986040774258,-1.1212361814479634,True
per_content_trace,sita_sings_the_blues,stage56_evaluation_low_start,throughput,startup_delay_s,lower,q-learning_minus_throughput,10,0.0,0.0,0.0,0.0,0.0,False
per_content_trace,sita_sings_the_blues,stage56_evaluation_low_start,throughput,rebuffering_s,lower,q-learning_minus_throughput,10,1.993133875528097,3.5880959673924253,2.566590903914966,-0.5734570283868692,4.559724779443063,False
per_content_trace,sita_sings_the_blues,stage56_evaluation_low_start,throughput,rebuffering_rate_percent,lower,q-learning_minus_throughput,10,3.3218897925468283,5.980159945654043,4.277651506524944,-0.955761713978116,7.599541299071772,False
per_content_trace,sita_sings_the_blues,stage56_evaluation_low_start,throughput,average_bitrate_kbps,higher,q-learning_minus_throughput,10,119.64666666666668,134.95218650312898,96.532271569671,23.11439509699568,216.17893823633767,True
per_content_trace,sita_sings_the_blues,stage56_evaluation_low_start,throughput,average_payload_bitrate_kbps,higher,q-learning_minus_throughput,10,96.60930666666661,113.4764800223244,81.17054395433142,15.43876271233519,177.77985062099805,True
per_content_trace,sita_sings_the_blues,stage56_evaluation_low_start,throughput,buffer_mean_s,descriptive,q-learning_minus_throughput,10,-1.0055884861379052,0.8364411741516936,0.5983123998764825,-1.6039008860143877,-0.40727608626142264,True
per_content_trace,sita_sings_the_blues,stage56_evaluation_low_start,throughput,buffer_std_s,lower,q-learning_minus_throughput,10,-0.0703666488148766,0.05532311717902587,0.0395730244169303,-0.1099396732318069,-0.0307936243979463,True
per_content_trace,sita_sings_the_blues,stage56_evaluation_low_start,throughput,mean_objective_reward,higher,q-learning_minus_throughput,10,-0.5594547887281618,0.7505332790548577,0.5368618633987035,-1.0963166521268652,-0.022592925329458335,True
per_content_trace,sita_sings_the_blues,stage56_evaluation_low_start,throughput,mean_quality_utility,higher,q-learning_minus_throughput,10,0.0473097988082108,0.051109129869209936,0.03655872892514984,0.01075106988306096,0.08386852773336063,True
per_content_trace,sita_sings_the_blues,stage56_evaluation_low_start,throughput,mean_psnr_y_db,higher,q-learning_minus_throughput,10,0.2567817799999972,0.2868169234861177,0.20516221238177204,0.05161956761822514,0.4619439923817692,True
per_content_trace,sita_sings_the_blues,stage56_evaluation_low_start,throughput,switch_count,lower,q-learning_minus_throughput,10,9.9,7.809538327512638,5.586219046904623,4.313780953095377,15.486219046904623,True
per_content_trace,sita_sings_the_blues,stage56_evaluation_low_start,throughput,high_representation_fraction_percent,descriptive,q-learning_minus_throughput,10,0.0,0.0,0.0,0.0,0.0,False
per_content_trace,sita_sings_the_blues,stage56_evaluation_mixed_start,throughput,startup_delay_s,lower,q-learning_minus_throughput,10,-0.213412026367803,0.0,0.0,-0.213412026367803,-0.213412026367803,True
per_content_trace,sita_sings_the_blues,stage56_evaluation_mixed_start,throughput,rebuffering_s,lower,q-learning_minus_throughput,10,0.3268291385719664,0.7354329216345645,0.5260604689117676,-0.19923133033980123,0.852889607483734,False
per_content_trace,sita_sings_the_blues,stage56_evaluation_mixed_start,throughput,rebuffering_rate_percent,lower,q-learning_minus_throughput,10,0.5447152309532772,1.2257215360576075,0.8767674481862792,-0.33205221723300193,1.4214826791395563,False
per_content_trace,sita_sings_the_blues,stage56_evaluation_mixed_start,throughput,average_bitrate_kbps,higher,q-learning_minus_throughput,10,-215.99666666666644,426.04321592944785,304.7517827327968,-520.7484493994632,88.75511606613037,False
per_content_trace,sita_sings_the_blues,stage56_evaluation_mixed_start,throughput,average_payload_bitrate_kbps,higher,q-learning_minus_throughput,10,-106.32812000000038,443.1262525980914,316.9714019747119,-423.2995219747123,210.64328197471153,False
per_content_trace,sita_sings_the_blues,stage56_evaluation_mixed_start,throughput,buffer_mean_s,descriptive,q-learning_minus_throughput,10,-1.0298569722509814,1.308601246869923,0.9360519026220342,-1.9659088748730156,-0.09380506962894719,True
per_content_trace,sita_sings_the_blues,stage56_evaluation_mixed_start,throughput,buffer_std_s,lower,q-learning_minus_throughput,10,-0.28416990563084976,0.8496825789296849,0.60778407214141,-0.8919539777722597,0.3236141665105602,False
per_content_trace,sita_sings_the_blues,stage56_evaluation_mixed_start,throughput,mean_objective_reward,higher,q-learning_minus_throughput,10,-0.20868347018619904,0.21751722568424628,0.15559163911987622,-0.36427510930607526,-0.053091831066322814,True
per_content_trace,sita_sings_the_blues,stage56_evaluation_mixed_start,throughput,mean_quality_utility,higher,q-learning_minus_throughput,10,-0.06548974114396253,0.09317292998326866,0.06664726828918992,-0.13213700943315243,0.001157527145227391,False
per_content_trace,sita_sings_the_blues,stage56_evaluation_mixed_start,throughput,mean_psnr_y_db,higher,q-learning_minus_throughput,10,-0.4274111949999956,0.628048958789944,0.4492479464017746,-0.8766591414017701,0.021836751401779042,False
per_content_trace,sita_sings_the_blues,stage56_evaluation_mixed_start,throughput,switch_count,lower,q-learning_minus_throughput,10,17.9,2.8460498941515415,2.0358,15.864199999999999,19.9358,True
per_content_trace,sita_sings_the_blues,stage56_evaluation_mixed_start,throughput,high_representation_fraction_percent,descriptive,q-learning_minus_throughput,10,-3.500000000000001,9.007884063898802,6.44340438829592,-9.94340438829592,2.943404388295919,False
per_content_trace,sita_sings_the_blues,stage56_evaluation_high_start,throughput,startup_delay_s,lower,q-learning_minus_throughput,10,-0.18818680711039504,0.0,0.0,-0.18818680711039504,-0.18818680711039504,True
per_content_trace,sita_sings_the_blues,stage56_evaluation_high_start,throughput,rebuffering_s,lower,q-learning_minus_throughput,10,0.0,0.0,0.0,0.0,0.0,False
per_content_trace,sita_sings_the_blues,stage56_evaluation_high_start,throughput,rebuffering_rate_percent,lower,q-learning_minus_throughput,10,0.0,0.0,0.0,0.0,0.0,False
per_content_trace,sita_sings_the_blues,stage56_evaluation_high_start,throughput,average_bitrate_kbps,higher,q-learning_minus_throughput,10,-148.58666666666653,365.2777546937044,261.2858103905918,-409.8724770572583,112.69914372392526,False
per_content_trace,sita_sings_the_blues,stage56_evaluation_high_start,throughput,average_payload_bitrate_kbps,higher,q-learning_minus_throughput,10,-162.81641333333351,389.9403411619058,278.9271362279001,-441.74354956123364,116.1107228945666,False
per_content_trace,sita_sings_the_blues,stage56_evaluation_high_start,throughput,buffer_mean_s,descriptive,q-learning_minus_throughput,10,1.8730305740501425,1.2335861324442436,0.8823930506596634,0.9906375233904791,2.755423624709806,True
per_content_trace,sita_sings_the_blues,stage56_evaluation_high_start,throughput,buffer_std_s,lower,q-learning_minus_throughput,10,0.024982356043421694,0.7578208335347165,0.5420747036375846,-0.5170923475941629,0.5670570596810063,False
per_content_trace,sita_sings_the_blues,stage56_evaluation_high_start,throughput,mean_objective_reward,higher,q-learning_minus_throughput,10,0.13418516437125702,0.09658268866711239,0.06908629324895382,0.0650988711223032,0.20327145762021084,True
per_content_trace,sita_sings_the_blues,stage56_evaluation_high_start,throughput,mean_quality_utility,higher,q-learning_minus_throughput,10,-0.05873862427961456,0.0708490712412941,0.05067885124903104,-0.1094174755286456,-0.008059773030583514,True
per_content_trace,sita_sings_the_blues,stage56_evaluation_high_start,throughput,mean_psnr_y_db,higher,q-learning_minus_throughput,10,-0.17129610499999687,0.460091326136925,0.3291066413397455,-0.5004027463397424,0.15781053633974862,False
per_content_trace,sita_sings_the_blues,stage56_evaluation_high_start,throughput,switch_count,lower,q-learning_minus_throughput,10,14.7,4.001388647846034,2.862222136732228,11.837777863267771,17.562222136732228,True
per_content_trace,sita_sings_the_blues,stage56_evaluation_high_start,throughput,high_representation_fraction_percent,descriptive,q-learning_minus_throughput,10,1.8333333333333333,9.410068156822744,6.7310895683966185,-4.8977562350632855,8.564422901729952,False
per_content_per_seed,sita_sings_the_blues,all_evaluation_traces,throughput,startup_delay_s,lower,q-learning_minus_throughput,10,-0.133866277826066,0.0,0.0,-0.133866277826066,-0.133866277826066,True
per_content_per_seed,sita_sings_the_blues,all_evaluation_traces,throughput,rebuffering_s,lower,q-learning_minus_throughput,10,0.7733210047000211,1.2892174419172175,0.9221865272455135,-0.14886552254549246,1.6955075319455346,False
per_content_per_seed,sita_sings_the_blues,all_evaluation_traces,throughput,rebuffering_rate_percent,lower,q-learning_minus_throughput,10,1.288868341166702,2.1486957365286963,1.5369775454091894,-0.2481092042424875,2.825845886575891,False
per_content_per_seed,sita_sings_the_blues,all_evaluation_traces,throughput,average_bitrate_kbps,higher,q-learning_minus_throughput,10,-81.64555555555543,205.14818923391297,146.74397820664566,-228.3895337622011,65.09842265109023,False
per_content_per_seed,sita_sings_the_blues,all_evaluation_traces,throughput,average_payload_bitrate_kbps,higher,q-learning_minus_throughput,10,-57.51174222222242,202.82391167728954,145.08140571995193,-202.59314794217437,87.56966349772951,False
per_content_per_seed,sita_sings_the_blues,all_evaluation_traces,throughput,buffer_mean_s,descriptive,q-learning_minus_throughput,10,-0.05413829477958134,0.6638257085718158,0.47483931335412655,-0.5289776081337079,0.4207010185745452,False
per_content_per_seed,sita_sings_the_blues,all_evaluation_traces,throughput,buffer_std_s,lower,q-learning_minus_throughput,10,-0.10985139946743487,0.3933424908791904,0.28136071843904853,-0.3912121179064834,0.17150931897161364,False
per_content_per_seed,sita_sings_the_blues,all_evaluation_traces,throughput,mean_objective_reward,higher,q-learning_minus_throughput,10,-0.21131769818103457,0.25801656064901807,0.18456110528795328,-0.39587880346898785,-0.0267565928930813,True
per_content_per_seed,sita_sings_the_blues,all_evaluation_traces,throughput,mean_quality_utility,higher,q-learning_minus_throughput,10,-0.025639522205122094,0.04649086336916255,0.0332552496150658,-0.05889477182018789,0.007615727409943703,False
per_content_per_seed,sita_sings_the_blues,all_evaluation_traces,throughput,mean_psnr_y_db,higher,q-learning_minus_throughput,10,-0.11397517333333174,0.29559082911975254,0.21143825031268074,-0.32541342364601245,0.097463076979349,False
per_content_per_seed,sita_sings_the_blues,all_evaluation_traces,throughput,switch_count,lower,q-learning_minus_throughput,10,14.166666666666666,2.3895347964007296,1.709251460597754,12.457415206068912,15.87591812726442,True
per_content_per_seed,sita_sings_the_blues,all_evaluation_traces,throughput,high_representation_fraction_percent,descriptive,q-learning_minus_throughput,10,-0.5555555555555558,4.452153807470855,3.1846577039547,-3.7402132595102557,2.629102148399144,False
per_content_trace,tears_of_steel,stage56_evaluation_low_start,throughput,startup_delay_s,lower,q-learning_minus_throughput,10,0.0,0.0,0.0,0.0,0.0,False
per_content_trace,tears_of_steel,stage56_evaluation_low_start,throughput,rebuffering_s,lower,q-learning_minus_throughput,10,9.549027473303607,5.913190987444054,4.229748128090133,5.319279345213474,13.77877560139374,True
per_content_trace,tears_of_steel,stage56_evaluation_low_start,throughput,rebuffering_rate_percent,lower,q-learning_minus_throughput,10,15.915045788839342,9.855318312406757,7.049580213483556,8.865465575355785,22.9646260023229,True
per_content_trace,tears_of_steel,stage56_evaluation_low_start,throughput,average_bitrate_kbps,higher,q-learning_minus_throughput,10,277.06,202.20706997567657,144.6401744053765,132.4198255946235,421.7001744053765,True
per_content_trace,tears_of_steel,stage56_evaluation_low_start,throughput,average_payload_bitrate_kbps,higher,q-learning_minus_throughput,10,277.49492,198.78114878270938,142.18958828635775,135.30533171364223,419.68450828635775,True
per_content_trace,tears_of_steel,stage56_evaluation_low_start,throughput,buffer_mean_s,descriptive,q-learning_minus_throughput,10,-2.6751119834246886,1.708206934014146,1.2218927304866254,-3.897004713911314,-1.4532192529380632,True
per_content_trace,tears_of_steel,stage56_evaluation_low_start,throughput,buffer_std_s,lower,q-learning_minus_throughput,10,0.03164801414539882,0.28509888666360556,0.20393328826120147,-0.17228527411580263,0.2355813024066003,False
per_content_trace,tears_of_steel,stage56_evaluation_low_start,throughput,mean_objective_reward,higher,q-learning_minus_throughput,10,-2.157495963529793,1.2954120741804416,0.9266175923464404,-3.0841135558762334,-1.2308783711833524,True
per_content_trace,tears_of_steel,stage56_evaluation_low_start,throughput,mean_quality_utility,higher,q-learning_minus_throughput,10,0.14214041434459812,0.10051653400929995,0.07190020117238217,0.07024021317221595,0.21404061551698028,True
per_content_trace,tears_of_steel,stage56_evaluation_low_start,throughput,mean_psnr_y_db,higher,q-learning_minus_throughput,10,0.5207702083333373,0.34037935821259624,0.24347580795163204,0.2772944003817053,0.7642460162849694,True
per_content_trace,tears_of_steel,stage56_evaluation_low_start,throughput,switch_count,lower,q-learning_minus_throughput,10,17.1,8.659612513784257,6.194283238599927,10.905716761400075,23.294283238599927,True
per_content_trace,tears_of_steel,stage56_evaluation_low_start,throughput,high_representation_fraction_percent,descriptive,q-learning_minus_throughput,10,0.8333333333333334,2.63523138347365,1.885,-1.0516666666666667,2.7183333333333333,False
per_content_trace,tears_of_steel,stage56_evaluation_mixed_start,throughput,startup_delay_s,lower,q-learning_minus_throughput,10,-0.7053818469390243,0.0,0.0,-0.7053818469390243,-0.7053818469390243,True
per_content_trace,tears_of_steel,stage56_evaluation_mixed_start,throughput,rebuffering_s,lower,q-learning_minus_throughput,10,0.06701478478667496,0.21191935683189397,0.15158744318745873,-0.08457265840078378,0.2186022279741337,False
per_content_trace,tears_of_steel,stage56_evaluation_mixed_start,throughput,rebuffering_rate_percent,lower,q-learning_minus_throughput,10,0.11169130797779159,0.3531989280531566,0.25264573864576456,-0.14095443066797297,0.36433704662355615,False
per_content_trace,tears_of_steel,stage56_evaluation_mixed_start,throughput,average_bitrate_kbps,higher,q-learning_minus_throughput,10,-351.1133333333334,238.84129458701227,170.84489928283367,-521.958232616167,-180.26843405049974,True
per_content_trace,tears_of_steel,stage56_evaluation_mixed_start,throughput,average_payload_bitrate_kbps,higher,q-learning_minus_throughput,10,-244.0787199999998,220.9076119308173,158.01680683564703,-402.09552683564687,-86.06191316435277,True
per_content_trace,tears_of_steel,stage56_evaluation_mixed_start,throughput,buffer_mean_s,descriptive,q-learning_minus_throughput,10,0.23046631458572692,1.6252640966743435,1.1625631211908234,-0.9320968066050965,1.3930294357765503,False
per_content_trace,tears_of_steel,stage56_evaluation_mixed_start,throughput,buffer_std_s,lower,q-learning_minus_throughput,10,-0.18334179744408968,0.2495974900683662,0.17853888342764374,-0.3618806808717334,-0.004802914016445947,True
per_content_trace,tears_of_steel,stage56_evaluation_mixed_start,throughput,mean_objective_reward,higher,q-learning_minus_throughput,10,-0.1534499531930377,0.10903655292578256,0.07799463210481886,-0.23144458529785655,-0.07545532108821884,True
per_content_trace,tears_of_steel,stage56_evaluation_mixed_start,throughput,mean_quality_utility,higher,q-learning_minus_throughput,10,-0.13706839312792632,0.08653152612815034,0.06189662424881879,-0.1989650173767451,-0.07517176887910754,True
per_content_trace,tears_of_steel,stage56_evaluation_mixed_start,throughput,mean_psnr_y_db,higher,q-learning_minus_throughput,10,-0.5113944350000004,0.2906484684049696,0.20790294407513688,-0.7192973790751372,-0.3034914909248635,True
per_content_trace,tears_of_steel,stage56_evaluation_mixed_start,throughput,switch_count,lower,q-learning_minus_throughput,10,13.4,2.4585451886114367,1.7586150914853427,11.641384908514658,15.158615091485343,True
per_content_trace,tears_of_steel,stage56_evaluation_mixed_start,throughput,high_representation_fraction_percent,descriptive,q-learning_minus_throughput,10,-9.500000000000004,11.46788322573143,8.203059517304775,-17.70305951730478,-1.2969404826952289,True
per_content_trace,tears_of_steel,stage56_evaluation_high_start,throughput,startup_delay_s,lower,q-learning_minus_throughput,10,-0.9366013648873958,0.0,0.0,-0.9366013648873958,-0.9366013648873958,True
per_content_trace,tears_of_steel,stage56_evaluation_high_start,throughput,rebuffering_s,lower,q-learning_minus_throughput,10,0.0,0.0,0.0,0.0,0.0,False
per_content_trace,tears_of_steel,stage56_evaluation_high_start,throughput,rebuffering_rate_percent,lower,q-learning_minus_throughput,10,0.0,0.0,0.0,0.0,0.0,False
per_content_trace,tears_of_steel,stage56_evaluation_high_start,throughput,average_bitrate_kbps,higher,q-learning_minus_throughput,10,-578.5249999999999,364.181816046448,260.5018775780752,-839.0268775780751,-318.02312242192465,True
per_content_trace,tears_of_steel,stage56_evaluation_high_start,throughput,average_payload_bitrate_kbps,higher,q-learning_minus_throughput,10,-487.3500666666664,340.8536201129333,243.81505090682066,-731.1651175734871,-243.53501575984575,True
per_content_trace,tears_of_steel,stage56_evaluation_high_start,throughput,buffer_mean_s,descriptive,q-learning_minus_throughput,10,1.8397745082839598,1.086627155131334,0.7772722350940559,1.0625022731899039,2.617046743378016,True
per_content_trace,tears_of_steel,stage56_evaluation_high_start,throughput,buffer_std_s,lower,q-learning_minus_throughput,10,-0.3460686021059699,0.42415127412613957,0.30339846312617647,-0.6494670652321464,-0.04267013897979344,True
per_content_trace,tears_of_steel,stage56_evaluation_high_start,throughput,mean_objective_reward,higher,q-learning_minus_throughput,10,-0.10857879496939389,0.12038156383197701,0.08610980016645119,-0.19468859513584508,-0.022468994802942704,True
per_content_trace,tears_of_steel,stage56_evaluation_high_start,throughput,mean_quality_utility,higher,q-learning_minus_throughput,10,-0.2121874536057607,0.12444991234231648,0.08901991917538661,-0.3012073727811473,-0.12316753443037408,True
per_content_trace,tears_of_steel,stage56_evaluation_high_start,throughput,mean_psnr_y_db,higher,q-learning_minus_throughput,10,-0.6934498966666645,0.42073933176461986,0.30095787616603376,-0.9944077728326982,-0.3924920205006307,True
per_content_trace,tears_of_steel,stage56_evaluation_high_start,throughput,switch_count,lower,q-learning_minus_throughput,10,13.0,3.9157800414902435,2.8009856836478115,10.199014316352189,15.800985683647811,True
per_content_trace,tears_of_steel,stage56_evaluation_high_start,throughput,high_representation_fraction_percent,descriptive,q-learning_minus_throughput,10,-20.333333333333332,16.13599610716272,11.542194303222127,-31.87552763655546,-8.791139030111205,True
per_content_per_seed,tears_of_steel,all_evaluation_traces,throughput,startup_delay_s,lower,q-learning_minus_throughput,10,-0.5473277372754733,0.0,0.0,-0.5473277372754733,-0.5473277372754733,True
per_content_per_seed,tears_of_steel,all_evaluation_traces,throughput,rebuffering_s,lower,q-learning_minus_throughput,10,3.2053474193634264,1.9942582045356658,1.4265072657849664,1.77884015357846,4.631854685148393,True
per_content_per_seed,tears_of_steel,all_evaluation_traces,throughput,rebuffering_rate_percent,lower,q-learning_minus_throughput,10,5.3422456989390446,3.3237636742261096,2.3775121096416107,2.964733589297434,7.719757808580655,True
per_content_per_seed,tears_of_steel,all_evaluation_traces,throughput,average_bitrate_kbps,higher,q-learning_minus_throughput,10,-217.52611111111113,182.66697889511778,130.66300643529053,-348.1891175464017,-86.86310467582061,True
per_content_per_seed,tears_of_steel,all_evaluation_traces,throughput,average_payload_bitrate_kbps,higher,q-learning_minus_throughput,10,-151.31128888888873,169.47366254655287,121.22573217049217,-272.5370210593809,-30.08555671839656,True
per_content_per_seed,tears_of_steel,all_evaluation_traces,throughput,buffer_mean_s,descriptive,q-learning_minus_throughput,10,-0.20162372018500063,1.1771260788017799,0.8420067673968418,-1.0436304875818423,0.6403830472118411,False
per_content_per_seed,tears_of_steel,all_evaluation_traces,throughput,buffer_std_s,lower,q-learning_minus_throughput,10,-0.16592079513488692,0.1536798277246269,0.1099282883004639,-0.2758490834353508,-0.055992506834423014,True
per_content_per_seed,tears_of_steel,all_evaluation_traces,throughput,mean_objective_reward,higher,q-learning_minus_throughput,10,-0.8065082372307414,0.4587481114323234,0.3281458301813581,-1.1346540674120995,-0.47836240704938326,True
per_content_per_seed,tears_of_steel,all_evaluation_traces,throughput,mean_quality_utility,higher,q-learning_minus_throughput,10,-0.06903847746302962,0.07190170913779591,0.05143181072247599,-0.1204702881855056,-0.017606666740553625,True
per_content_per_seed,tears_of_steel,all_evaluation_traces,throughput,mean_psnr_y_db,higher,q-learning_minus_throughput,10,-0.22802470777777586,0.23803214730743644,0.17026611040244705,-0.39829081818022294,-0.05775859737532882,True
per_content_per_seed,tears_of_steel,all_evaluation_traces,throughput,switch_count,lower,q-learning_minus_throughput,10,14.5,3.236558147473224,2.315133367888578,12.184866632111422,16.815133367888578,True
per_content_per_seed,tears_of_steel,all_evaluation_traces,throughput,high_representation_fraction_percent,descriptive,q-learning_minus_throughput,10,-9.666666666666668,7.235031376044315,5.1752700842028,-14.841936750869468,-4.491396582463868,True
overall_content_balanced_per_seed,all_contents,all_evaluation_traces,throughput,startup_delay_s,lower,q-learning_minus_throughput,10,-0.6024370529063235,0.0,0.0,-0.6024370529063235,-0.6024370529063235,True
overall_content_balanced_per_seed,all_contents,all_evaluation_traces,throughput,rebuffering_s,lower,q-learning_minus_throughput,10,2.305258250545463,0.7101083062063149,0.5079455889882727,1.7973126615571902,2.8132038395337355,True
overall_content_balanced_per_seed,all_contents,all_evaluation_traces,throughput,rebuffering_rate_percent,lower,q-learning_minus_throughput,10,3.8420970842424373,1.1835138436771915,0.846575981647121,2.9955211025953163,4.688673065889558,True
overall_content_balanced_per_seed,all_contents,all_evaluation_traces,throughput,average_bitrate_kbps,higher,q-learning_minus_throughput,10,-93.93347222222218,105.95157644470811,75.78792619531347,-169.72139841753565,-18.145546026908704,True
overall_content_balanced_per_seed,all_contents,all_evaluation_traces,throughput,average_payload_bitrate_kbps,higher,q-learning_minus_throughput,10,-73.22609555555559,101.18009349234961,72.37485005270169,-145.6009456082573,-0.8512455028538994,True
overall_content_balanced_per_seed,all_contents,all_evaluation_traces,throughput,buffer_mean_s,descriptive,q-learning_minus_throughput,10,-0.3133834538927499,0.42251189114055054,0.30222580066199395,-0.6156092545547438,-0.01115765323075596,True
overall_content_balanced_per_seed,all_contents,all_evaluation_traces,throughput,buffer_std_s,lower,q-learning_minus_throughput,10,-0.28393006867273674,0.20766235852328954,0.1485423816182762,-0.43247245029101294,-0.13538768705446053,True
overall_content_balanced_per_seed,all_contents,all_evaluation_traces,throughput,mean_objective_reward,higher,q-learning_minus_throughput,10,-0.5147646354587866,0.13759042807535174,0.09841942477937683,-0.6131840602381634,-0.41634521067940977,True
overall_content_balanced_per_seed,all_contents,all_evaluation_traces,throughput,mean_quality_utility,higher,q-learning_minus_throughput,10,-0.021592462957847253,0.03057088924358919,0.02186757739208666,-0.043460040349933914,0.00027511443423940823,False
overall_content_balanced_per_seed,all_contents,all_evaluation_traces,throughput,mean_psnr_y_db,higher,q-learning_minus_throughput,10,-0.07370799347222144,0.15109074610673096,0.10807629956037054,-0.18178429303259197,0.0343683060881491,False
overall_content_balanced_per_seed,all_contents,all_evaluation_traces,throughput,switch_count,lower,q-learning_minus_throughput,10,13.85,1.5559523303498048,1.112983915227689,12.73701608477231,14.962983915227689,True
overall_content_balanced_per_seed,all_contents,all_evaluation_traces,throughput,high_representation_fraction_percent,descriptive,q-learning_minus_throughput,10,-3.9166666666666665,3.3287004842100543,2.3810434454013834,-6.297710112068049,-1.5356232212652832,True
per_content_trace,big_buck_bunny,stage56_evaluation_low_start,bola-basic,startup_delay_s,lower,q-learning_minus_bola-basic,10,0.0,0.0,0.0,0.0,0.0,False
per_content_trace,big_buck_bunny,stage56_evaluation_low_start,bola-basic,rebuffering_s,lower,q-learning_minus_bola-basic,10,11.967803657380347,5.182770506577921,3.707273094183332,8.260530563197015,15.67507675156368,True
per_content_trace,big_buck_bunny,stage56_evaluation_low_start,bola-basic,rebuffering_rate_percent,lower,q-learning_minus_bola-basic,10,19.946339428967246,8.637950844296535,6.178788490305554,13.767550938661692,26.1251279192728,True
per_content_trace,big_buck_bunny,stage56_evaluation_low_start,bola-basic,average_bitrate_kbps,higher,q-learning_minus_bola-basic,10,370.6249999999999,85.55088921257176,61.19516759591987,309.42983240408,431.82016759591977,True
per_content_trace,big_buck_bunny,stage56_evaluation_low_start,bola-basic,average_payload_bitrate_kbps,higher,q-learning_minus_bola-basic,10,352.3779733333334,90.71381533729082,64.88824586074647,287.48972747258694,417.26621919407984,True
per_content_trace,big_buck_bunny,stage56_evaluation_low_start,bola-basic,buffer_mean_s,descriptive,q-learning_minus_bola-basic,10,-1.0695858099418427,0.10200541694017738,0.07296520986281621,-1.142551019804659,-0.9966206000790265,True
per_content_trace,big_buck_bunny,stage56_evaluation_low_start,bola-basic,buffer_std_s,lower,q-learning_minus_bola-basic,10,-0.4446388767169962,0.04016431370292139,0.02872982304506767,-0.47336869976206386,-0.41590905367192854,True
per_content_trace,big_buck_bunny,stage56_evaluation_low_start,bola-basic,mean_objective_reward,higher,q-learning_minus_bola-basic,10,-2.1106784841864354,0.8437228745974457,0.6035210526825786,-2.714199536869014,-1.507157431503857,True
per_content_trace,big_buck_bunny,stage56_evaluation_low_start,bola-basic,mean_quality_utility,higher,q-learning_minus_bola-basic,10,0.18341241736894198,0.04538853956816134,0.03246674945605954,0.15094566791288244,0.21587916682500152,True
per_content_trace,big_buck_bunny,stage56_evaluation_low_start,bola-basic,mean_psnr_y_db,higher,q-learning_minus_bola-basic,10,0.9352244499999969,0.30476700346353913,0.21800203395100304,0.7172224160489938,1.1532264839509998,True
per_content_trace,big_buck_bunny,stage56_evaluation_low_start,bola-basic,switch_count,lower,q-learning_minus_bola-basic,10,16.6,7.411702458499891,5.301644182704079,11.298355817295922,21.901644182704082,True
per_content_trace,big_buck_bunny,stage56_evaluation_low_start,bola-basic,high_representation_fraction_percent,descriptive,q-learning_minus_bola-basic,10,1.0,2.1081851067789197,1.508,-0.508,2.508,False
per_content_trace,big_buck_bunny,stage56_evaluation_mixed_start,bola-basic,startup_delay_s,lower,q-learning_minus_bola-basic,10,0.0,0.0,0.0,0.0,0.0,False
per_content_trace,big_buck_bunny,stage56_evaluation_mixed_start,bola-basic,rebuffering_s,lower,q-learning_minus_bola-basic,10,1.2347719387641567,2.6032906213618077,1.862152542672948,-0.6273806039087912,3.096924481437105,False
per_content_trace,big_buck_bunny,stage56_evaluation_mixed_start,bola-basic,rebuffering_rate_percent,lower,q-learning_minus_bola-basic,10,2.0579532312735944,4.338817702269679,3.10358757112158,-1.0456343398479855,5.161540802395175,False
per_content_trace,big_buck_bunny,stage56_evaluation_mixed_start,bola-basic,average_bitrate_kbps,higher,q-learning_minus_bola-basic,10,-54.38000000000015,146.00926737879973,104.44148120543571,-158.82148120543587,50.061481205435555,False
per_content_trace,big_buck_bunny,stage56_evaluation_mixed_start,bola-basic,average_payload_bitrate_kbps,higher,q-learning_minus_bola-basic,10,-95.12341333333306,151.6357719044799,108.46616044135418,-203.58957377468724,13.342747108021115,False
per_content_trace,big_buck_bunny,stage56_evaluation_mixed_start,bola-basic,buffer_mean_s,descriptive,q-learning_minus_bola-basic,10,-1.237023787828757,1.061183941171753,0.759072520786392,-1.996096308615149,-0.4779512670423651,True
per_content_trace,big_buck_bunny,stage56_evaluation_mixed_start,bola-basic,buffer_std_s,lower,q-learning_minus_bola-basic,10,0.07295785975632443,0.42994282730283495,0.3075412028516272,-0.2345833430953028,0.38049906260795163,False
per_content_trace,big_buck_bunny,stage56_evaluation_mixed_start,bola-basic,mean_objective_reward,higher,q-learning_minus_bola-basic,10,-0.4076698091661909,0.4571999825131739,0.32703844240854324,-0.7347082515747341,-0.08063136675764765,True
per_content_trace,big_buck_bunny,stage56_evaluation_mixed_start,bola-basic,mean_quality_utility,higher,q-learning_minus_bola-basic,10,-0.0253414039477165,0.05539005308672182,0.039620904154094236,-0.06496230810181074,0.014279500206377735,False
per_content_trace,big_buck_bunny,stage56_evaluation_mixed_start,bola-basic,mean_psnr_y_db,higher,q-learning_minus_bola-basic,10,-0.10530546500000426,0.27918146721401654,0.19970051548366566,-0.3050059804836699,0.0943950504836614,False
per_content_trace,big_buck_bunny,stage56_evaluation_mixed_start,bola-basic,switch_count,lower,q-learning_minus_bola-basic,10,18.0,5.456901847914967,3.9033612182323068,14.096638781767693,21.903361218232305,True
per_content_trace,big_buck_bunny,stage56_evaluation_mixed_start,bola-basic,high_representation_fraction_percent,descriptive,q-learning_minus_bola-basic,10,-4.833333333333333,7.635605354901631,5.461803538107983,-10.295136871441315,0.6284702047746498,False
per_content_trace,big_buck_bunny,stage56_evaluation_high_start,bola-basic,startup_delay_s,lower,q-learning_minus_bola-basic,10,0.0,0.0,0.0,0.0,0.0,False
per_content_trace,big_buck_bunny,stage56_evaluation_high_start,bola-basic,rebuffering_s,lower,q-learning_minus_bola-basic,10,0.0,0.0,0.0,0.0,0.0,False
per_content_trace,big_buck_bunny,stage56_evaluation_high_start,bola-basic,rebuffering_rate_percent,lower,q-learning_minus_bola-basic,10,0.0,0.0,0.0,0.0,0.0,False
per_content_trace,big_buck_bunny,stage56_evaluation_high_start,bola-basic,average_bitrate_kbps,higher,q-learning_minus_bola-basic,10,-304.07333333333327,352.8687373724326,252.4095508722475,-556.4828842055808,-51.66378246108576,True
per_content_trace,big_buck_bunny,stage56_evaluation_high_start,bola-basic,average_payload_bitrate_kbps,higher,q-learning_minus_bola-basic,10,-297.08090666666686,350.05027777230697,250.3934864084001,-547.4743930750669,-46.68742025826677,True
per_content_trace,big_buck_bunny,stage56_evaluation_high_start,bola-basic,buffer_mean_s,descriptive,q-learning_minus_bola-basic,10,1.53868357917786,1.9330943137763203,1.3827562939331548,0.15592728524470512,2.921439873111015,True
per_content_trace,big_buck_bunny,stage56_evaluation_high_start,bola-basic,buffer_std_s,lower,q-learning_minus_bola-basic,10,0.7531066455223557,0.9289270776486895,0.6644682331688271,0.08863841235352865,1.4175748786911828,True
per_content_trace,big_buck_bunny,stage56_evaluation_high_start,bola-basic,mean_objective_reward,higher,q-learning_minus_bola-basic,10,-0.18736494778955953,0.13655176498253116,0.09767646158371772,-0.28504140937327727,-0.08968848620584181,True
per_content_trace,big_buck_bunny,stage56_evaluation_high_start,bola-basic,mean_quality_utility,higher,q-learning_minus_bola-basic,10,-0.12693723137746218,0.13050596207695647,0.09335185519489045,-0.22028908657235263,-0.033585376182571736,True
per_content_trace,big_buck_bunny,stage56_evaluation_high_start,bola-basic,mean_psnr_y_db,higher,q-learning_minus_bola-basic,10,-0.6356179466666688,0.6788777073894612,0.48560611658408104,-1.1212240632507497,-0.15001183008258778,True
per_content_trace,big_buck_bunny,stage56_evaluation_high_start,bola-basic,switch_count,lower,q-learning_minus_bola-basic,10,16.9,5.724217559340898,4.094574073087457,12.805425926912541,20.994574073087456,True
per_content_trace,big_buck_bunny,stage56_evaluation_high_start,bola-basic,high_representation_fraction_percent,descriptive,q-learning_minus_bola-basic,10,-5.33333333333333,15.748799679912901,11.265229908390191,-16.59856324172352,5.931896575056861,False
per_content_per_seed,big_buck_bunny,all_evaluation_traces,bola-basic,startup_delay_s,lower,q-learning_minus_bola-basic,10,0.0,0.0,0.0,0.0,0.0,False
per_content_per_seed,big_buck_bunny,all_evaluation_traces,bola-basic,rebuffering_s,lower,q-learning_minus_bola-basic,10,4.400858532048168,1.5532841227695033,1.1110753271164475,3.2897832049317204,5.511933859164615,True
per_content_per_seed,big_buck_bunny,all_evaluation_traces,bola-basic,rebuffering_rate_percent,lower,q-learning_minus_bola-basic,10,7.334764220080279,2.5888068712825056,1.851792211860746,5.482972008219534,9.186556431941025,True
per_content_per_seed,big_buck_bunny,all_evaluation_traces,bola-basic,average_bitrate_kbps,higher,q-learning_minus_bola-basic,10,4.057222222222172,153.61520145135705,109.88206066144988,-105.82483843922772,113.93928288367205,False
per_content_per_seed,big_buck_bunny,all_evaluation_traces,bola-basic,average_payload_bitrate_kbps,higher,q-learning_minus_bola-basic,10,-13.275448888888855,156.1003522837384,111.65970696166353,-124.93515585055239,98.38425807277467,False
per_content_per_seed,big_buck_bunny,all_evaluation_traces,bola-basic,buffer_mean_s,descriptive,q-learning_minus_bola-basic,10,-0.2559753395309133,0.7547155797376249,0.5398534932177991,-0.7958288327487124,0.2838781536868858,False
per_content_per_seed,big_buck_bunny,all_evaluation_traces,bola-basic,buffer_std_s,lower,q-learning_minus_bola-basic,10,0.127141876187228,0.3362494328990707,0.24052164261161021,-0.11337976642438222,0.3676635187988382,False
per_content_per_seed,big_buck_bunny,all_evaluation_traces,bola-basic,mean_objective_reward,higher,q-learning_minus_bola-basic,10,-0.9019044137140619,0.23076455139589752,0.16506754667132115,-1.0669719603853831,-0.7368368670427408,True
per_content_per_seed,big_buck_bunny,all_evaluation_traces,bola-basic,mean_quality_utility,higher,q-learning_minus_bola-basic,10,0.010377927347921104,0.05794061067173148,0.04144533637583173,-0.03106740902791063,0.05182326372375284,False
per_content_per_seed,big_buck_bunny,all_evaluation_traces,bola-basic,mean_psnr_y_db,higher,q-learning_minus_bola-basic,10,0.06476701277777461,0.3185376076762304,0.2278522463853688,-0.1630852336075942,0.2926192591631434,False
per_content_per_seed,big_buck_bunny,all_evaluation_traces,bola-basic,switch_count,lower,q-learning_minus_bola-basic,10,17.166666666666664,3.5598931874668427,2.5464172521843746,14.62024941448229,19.71308391885104,True
per_content_per_seed,big_buck_bunny,all_evaluation_traces,bola-basic,high_representation_fraction_percent,descriptive,q-learning_minus_bola-basic,10,-3.0555555555555545,6.626680494475145,4.74011231439577,-7.795667869951324,1.6845567588402153,False
per_content_trace,elephants_dream,stage56_evaluation_low_start,bola-basic,startup_delay_s,lower,q-learning_minus_bola-basic,10,0.0,0.0,0.0,0.0,0.0,False
per_content_trace,elephants_dream,stage56_evaluation_low_start,bola-basic,rebuffering_s,lower,q-learning_minus_bola-basic,10,-4.221944941873313,0.5190257226346768,0.37126283987887576,-4.593207781752189,-3.8506821019944377,True
per_content_trace,elephants_dream,stage56_evaluation_low_start,bola-basic,rebuffering_rate_percent,lower,q-learning_minus_bola-basic,10,-7.036574903122189,0.8650428710577946,0.6187713997981262,-7.655346302920315,-6.4178035033240635,True
per_content_trace,elephants_dream,stage56_evaluation_low_start,bola-basic,average_bitrate_kbps,higher,q-learning_minus_bola-basic,10,8.333333333333211,64.26264683140417,45.967534402053815,-37.6342010687206,54.30086773538703,False
per_content_trace,elephants_dream,stage56_evaluation_low_start,bola-basic,average_payload_bitrate_kbps,higher,q-learning_minus_bola-basic,10,-7.832306666666568,48.14111713474183,34.43568802651813,-42.2679946931847,26.60338135985156,False
per_content_trace,elephants_dream,stage56_evaluation_low_start,bola-basic,buffer_mean_s,descriptive,q-learning_minus_bola-basic,10,1.335706146157681,0.1461098157214901,0.10451340415958688,1.2311927419980941,1.4402195503172677,True
per_content_trace,elephants_dream,stage56_evaluation_low_start,bola-basic,buffer_std_s,lower,q-learning_minus_bola-basic,10,0.9825717440653253,0.1681206650449212,0.12025792330688723,0.8623138207584381,1.1028296673722124,True
per_content_trace,elephants_dream,stage56_evaluation_low_start,bola-basic,mean_objective_reward,higher,q-learning_minus_bola-basic,10,1.0024291976158115,0.0990480753226632,0.07084980209104551,0.931579395524766,1.073278999706857,True
per_content_trace,elephants_dream,stage56_evaluation_low_start,bola-basic,mean_quality_utility,higher,q-learning_minus_bola-basic,10,0.0021765439859150523,0.026227484213614653,0.01876070847239816,-0.01658416448648311,0.02093725245831321,False
per_content_trace,elephants_dream,stage56_evaluation_low_start,bola-basic,mean_psnr_y_db,higher,q-learning_minus_bola-basic,10,-0.00569650999999709,0.11415946180793787,0.08165908574764613,-0.08735559574764322,0.07596257574764904,False
per_content_trace,elephants_dream,stage56_evaluation_low_start,bola-basic,switch_count,lower,q-learning_minus_bola-basic,10,1.0,3.711842908553348,2.6551079827381785,-1.6551079827381785,3.6551079827381785,False
per_content_trace,elephants_dream,stage56_evaluation_low_start,bola-basic,high_representation_fraction_percent,descriptive,q-learning_minus_bola-basic,10,0.0,0.0,0.0,0.0,0.0,False
per_content_trace,elephants_dream,stage56_evaluation_mixed_start,bola-basic,startup_delay_s,lower,q-learning_minus_bola-basic,10,0.0,0.0,0.0,0.0,0.0,False
per_content_trace,elephants_dream,stage56_evaluation_mixed_start,bola-basic,rebuffering_s,lower,q-learning_minus_bola-basic,10,0.03745305408604995,0.1184369562413938,0.08471880834264497,-0.04726575425659502,0.12217186242869493,False
per_content_trace,elephants_dream,stage56_evaluation_mixed_start,bola-basic,rebuffering_rate_percent,lower,q-learning_minus_bola-basic,10,0.06242175681008325,0.19739492706898967,0.1411980139044083,-0.07877625709432506,0.20361977071449155,False
per_content_trace,elephants_dream,stage56_evaluation_mixed_start,bola-basic,average_bitrate_kbps,higher,q-learning_minus_bola-basic,10,-1098.0166666666667,482.87894496843325,345.4067893141416,-1443.4234559808083,-752.609877352525,True
per_content_trace,elephants_dream,stage56_evaluation_mixed_start,bola-basic,average_payload_bitrate_kbps,higher,q-learning_minus_bola-basic,10,-672.6989733333331,299.70007324653164,214.37762225077913,-887.0765955841123,-458.321351082554,True
per_content_trace,elephants_dream,stage56_evaluation_mixed_start,bola-basic,buffer_mean_s,descriptive,q-learning_minus_bola-basic,10,-0.11925309590505898,0.679394496718434,0.4859757797154565,-0.6052288756205155,0.3667226838103975,False
per_content_trace,elephants_dream,stage56_evaluation_mixed_start,bola-basic,buffer_std_s,lower,q-learning_minus_bola-basic,10,0.8223104290347057,0.3577365814550286,0.2558915548257669,0.5664188742089389,1.0782019838604726,True
per_content_trace,elephants_dream,stage56_evaluation_mixed_start,bola-basic,mean_objective_reward,higher,q-learning_minus_bola-basic,10,-0.3586325117293091,0.17533933199830323,0.1254214878016257,-0.4840539995309348,-0.2332110239276834,True
per_content_trace,elephants_dream,stage56_evaluation_mixed_start,bola-basic,mean_quality_utility,higher,q-learning_minus_bola-basic,10,-0.2362603632914933,0.1207207327258434,0.08635241012053248,-0.32261277341202577,-0.14990795317096084,True
per_content_trace,elephants_dream,stage56_evaluation_mixed_start,bola-basic,mean_psnr_y_db,higher,q-learning_minus_bola-basic,10,-0.7831774483333327,0.4421903992140233,0.3163019793046452,-1.099479427637978,-0.4668754690286875,True
per_content_trace,elephants_dream,stage56_evaluation_mixed_start,bola-basic,switch_count,lower,q-learning_minus_bola-basic,10,18.7,4.715223571935199,3.372833402348832,15.327166597651168,22.07283340234883,True
per_content_trace,elephants_dream,stage56_evaluation_mixed_start,bola-basic,high_representation_fraction_percent,descriptive,q-learning_minus_bola-basic,10,-34.5,10.859654633800842,7.76798922215753,-42.26798922215753,-26.73201077784247,True
per_content_trace,elephants_dream,stage56_evaluation_high_start,bola-basic,startup_delay_s,lower,q-learning_minus_bola-basic,10,0.0,0.0,0.0,0.0,0.0,False
per_content_trace,elephants_dream,stage56_evaluation_high_start,bola-basic,rebuffering_s,lower,q-learning_minus_bola-basic,10,0.0,0.0,0.0,0.0,0.0,False
per_content_trace,elephants_dream,stage56_evaluation_high_start,bola-basic,rebuffering_rate_percent,lower,q-learning_minus_bola-basic,10,0.0,0.0,0.0,0.0,0.0,False
per_content_trace,elephants_dream,stage56_evaluation_high_start,bola-basic,average_bitrate_kbps,higher,q-learning_minus_bola-basic,10,-234.72500000000008,380.8254259856614,272.4071717135991,-507.1321717135992,37.68217171359902,False
per_content_trace,elephants_dream,stage56_evaluation_high_start,bola-basic,average_payload_bitrate_kbps,higher,q-learning_minus_bola-basic,10,-114.87962666666685,269.834081019415,193.01426277457784,-307.8938894412447,78.13463610791099,False
per_content_trace,elephants_dream,stage56_evaluation_high_start,bola-basic,buffer_mean_s,descriptive,q-learning_minus_bola-basic,10,0.684339288409262,1.0781925914996064,0.7712389309426577,-0.08689964253339577,1.4555782193519198,False
per_content_trace,elephants_dream,stage56_evaluation_high_start,bola-basic,buffer_std_s,lower,q-learning_minus_bola-basic,10,0.6898129073331122,0.5873876634914861,0.42016262883980743,0.26965027849330475,1.1099755361729196,True
per_content_trace,elephants_dream,stage56_evaluation_high_start,bola-basic,mean_objective_reward,higher,q-learning_minus_bola-basic,10,-0.15409907141497997,0.08504187322002879,0.060831064788113016,-0.21493013620309298,-0.09326800662686696,True
per_content_trace,elephants_dream,stage56_evaluation_high_start,bola-basic,mean_quality_utility,higher,q-learning_minus_bola-basic,10,-0.07343838674947642,0.08504054173851242,0.06083011236978872,-0.13426849911926514,-0.0126082743796877,True
per_content_trace,elephants_dream,stage56_evaluation_high_start,bola-basic,mean_psnr_y_db,higher,q-learning_minus_bola-basic,10,-0.2669059249999954,0.33810394607800115,0.24184818925347507,-0.5087541142534704,-0.025057735746520315,True
per_content_trace,elephants_dream,stage56_evaluation_high_start,bola-basic,switch_count,lower,q-learning_minus_bola-basic,10,20.0,3.3665016461206925,2.4080828889388335,17.591917111061168,22.408082888938832,True
per_content_trace,elephants_dream,stage56_evaluation_high_start,bola-basic,high_representation_fraction_percent,descriptive,q-learning_minus_bola-basic,10,-2.666666666666668,10.067672257843817,7.201478521032253,-9.868145187698921,4.534811854365585,False
per_content_per_seed,elephants_dream,all_evaluation_traces,bola-basic,startup_delay_s,lower,q-learning_minus_bola-basic,10,0.0,0.0,0.0,0.0,0.0,False
per_content_per_seed,elephants_dream,all_evaluation_traces,bola-basic,rebuffering_s,lower,q-learning_minus_bola-basic,10,-1.394830629262421,0.17139466364317618,0.1225998380990432,-1.5174304673614643,-1.272230791163378,True
per_content_per_seed,elephants_dream,all_evaluation_traces,bola-basic,rebuffering_rate_percent,lower,q-learning_minus_bola-basic,10,-2.3247177154373686,0.2856577727386271,0.2043330634984054,-2.529050778935774,-2.1203846519389633,True
per_content_per_seed,elephants_dream,all_evaluation_traces,bola-basic,average_bitrate_kbps,higher,q-learning_minus_bola-basic,10,-441.46944444444455,185.49104691585427,132.6830826428193,-574.1525270872638,-308.7863618016253,True
per_content_per_seed,elephants_dream,all_evaluation_traces,bola-basic,average_payload_bitrate_kbps,higher,q-learning_minus_bola-basic,10,-265.1369688888889,113.79497580169588,81.39836628062896,-346.53533516951785,-183.7386026082599,True
per_content_per_seed,elephants_dream,all_evaluation_traces,bola-basic,buffer_mean_s,descriptive,q-learning_minus_bola-basic,10,0.6335974462206279,0.5226046633612408,0.37382288197304675,0.2597745642475811,1.0074203281936747,True
per_content_per_seed,elephants_dream,all_evaluation_traces,bola-basic,buffer_std_s,lower,q-learning_minus_bola-basic,10,0.8315650268110477,0.2625281259428764,0.1877882604562835,0.6437767663547642,1.0193532872673312,True
per_content_per_seed,elephants_dream,all_evaluation_traces,bola-basic,mean_objective_reward,higher,q-learning_minus_bola-basic,10,0.16323253815717417,0.08908368015090573,0.06372219841398091,0.09951033974319326,0.22695473657115509,True
per_content_per_seed,elephants_dream,all_evaluation_traces,bola-basic,mean_quality_utility,higher,q-learning_minus_bola-basic,10,-0.10250740201835155,0.04244808582586285,0.030363421703136967,-0.1328708237214885,-0.07214398031521459,True
per_content_per_seed,elephants_dream,all_evaluation_traces,bola-basic,mean_psnr_y_db,higher,q-learning_minus_bola-basic,10,-0.35192662777777506,0.17512352631057457,0.12526712043794005,-0.47719374821571514,-0.226659507339835,True
per_content_per_seed,elephants_dream,all_evaluation_traces,bola-basic,switch_count,lower,q-learning_minus_bola-basic,10,13.233333333333334,2.325648721391225,1.6635532907337565,11.569780042599579,14.89688662406709,True
per_content_per_seed,elephants_dream,all_evaluation_traces,bola-basic,high_representation_fraction_percent,descriptive,q-learning_minus_bola-basic,10,-12.38888888888889,4.878847713021869,3.4898749296631477,-15.878763818552038,-8.89901395922574,True
per_content_trace,sita_sings_the_blues,stage56_evaluation_low_start,bola-basic,startup_delay_s,lower,q-learning_minus_bola-basic,10,0.0,0.0,0.0,0.0,0.0,False
per_content_trace,sita_sings_the_blues,stage56_evaluation_low_start,bola-basic,rebuffering_s,lower,q-learning_minus_bola-basic,10,0.8241786932556611,3.5880959673924253,2.566590903914966,-1.742412210659305,3.3907695971706273,False
per_content_trace,sita_sings_the_blues,stage56_evaluation_low_start,bola-basic,rebuffering_rate_percent,lower,q-learning_minus_bola-basic,10,1.3736311554261016,5.980159945654043,4.277651506524944,-2.9040203510988425,5.651282661951046,False
per_content_trace,sita_sings_the_blues,stage56_evaluation_low_start,bola-basic,average_bitrate_kbps,higher,q-learning_minus_bola-basic,10,50.64666666666667,134.95218650312898,96.532271569671,-45.88560490300433,147.17893823633767,False
per_content_trace,sita_sings_the_blues,stage56_evaluation_low_start,bola-basic,average_payload_bitrate_kbps,higher,q-learning_minus_bola-basic,10,7.865439999999921,113.4764800223244,81.17054395433142,-73.3051039543315,89.03598395433134,False
per_content_trace,sita_sings_the_blues,stage56_evaluation_low_start,bola-basic,buffer_mean_s,descriptive,q-learning_minus_bola-basic,10,0.23971079416401708,0.8364411741516936,0.5983123998764825,-0.35860160571246547,0.8380231940404996,False
per_content_trace,sita_sings_the_blues,stage56_evaluation_low_start,bola-basic,buffer_std_s,lower,q-learning_minus_bola-basic,10,0.06577698348240384,0.05532311717902587,0.0395730244169303,0.026203959065473535,0.10535000789933413,True
per_content_trace,sita_sings_the_blues,stage56_evaluation_low_start,bola-basic,mean_objective_reward,higher,q-learning_minus_bola-basic,10,-0.06737947070329982,0.7505332790548578,0.5368618633987036,-0.6042413341020034,0.46948239269540376,False
per_content_trace,sita_sings_the_blues,stage56_evaluation_low_start,bola-basic,mean_quality_utility,higher,q-learning_minus_bola-basic,10,0.017941409427838947,0.051109129869209936,0.03655872892514984,-0.01861731949731089,0.05450013835298878,False
per_content_trace,sita_sings_the_blues,stage56_evaluation_low_start,bola-basic,mean_psnr_y_db,higher,q-learning_minus_bola-basic,10,0.04744836333333069,0.2868169234861177,0.20516221238177204,-0.15771384904844135,0.2526105757151027,False
per_content_trace,sita_sings_the_blues,stage56_evaluation_low_start,bola-basic,switch_count,lower,q-learning_minus_bola-basic,10,2.9,7.809538327512638,5.586219046904623,-2.686219046904623,8.486219046904623,False
per_content_trace,sita_sings_the_blues,stage56_evaluation_low_start,bola-basic,high_representation_fraction_percent,descriptive,q-learning_minus_bola-basic,10,0.0,0.0,0.0,0.0,0.0,False
per_content_trace,sita_sings_the_blues,stage56_evaluation_mixed_start,bola-basic,startup_delay_s,lower,q-learning_minus_bola-basic,10,0.0,0.0,0.0,0.0,0.0,False
per_content_trace,sita_sings_the_blues,stage56_evaluation_mixed_start,bola-basic,rebuffering_s,lower,q-learning_minus_bola-basic,10,0.3268291385719664,0.7354329216345645,0.5260604689117676,-0.19923133033980123,0.852889607483734,False
per_content_trace,sita_sings_the_blues,stage56_evaluation_mixed_start,bola-basic,rebuffering_rate_percent,lower,q-learning_minus_bola-basic,10,0.5447152309532772,1.2257215360576075,0.8767674481862792,-0.33205221723300193,1.4214826791395563,False
per_content_trace,sita_sings_the_blues,stage56_evaluation_mixed_start,bola-basic,average_bitrate_kbps,higher,q-learning_minus_bola-basic,10,-680.8299999999999,426.04321592944785,304.7517827327968,-985.5817827327967,-376.0782172672031,True
per_content_trace,sita_sings_the_blues,stage56_evaluation_mixed_start,bola-basic,average_payload_bitrate_kbps,higher,q-learning_minus_bola-basic,10,-643.4055866666665,443.1262525980914,316.9714019747119,-960.3769886413784,-326.4341846919546,True
per_content_trace,sita_sings_the_blues,stage56_evaluation_mixed_start,bola-basic,buffer_mean_s,descriptive,q-learning_minus_bola-basic,10,0.09351509942599572,1.308601246869923,0.9360519026220342,-0.8425368031960385,1.0295670020480299,False
per_content_trace,sita_sings_the_blues,stage56_evaluation_mixed_start,bola-basic,buffer_std_s,lower,q-learning_minus_bola-basic,10,1.0484772793412773,0.8496825789296849,0.60778407214141,0.4406932071998674,1.6562613514826872,True
per_content_trace,sita_sings_the_blues,stage56_evaluation_mixed_start,bola-basic,mean_objective_reward,higher,q-learning_minus_bola-basic,10,-0.31361615924109193,0.21751722568424628,0.15559163911987622,-0.46920779836096815,-0.1580245201212157,True
per_content_trace,sita_sings_the_blues,stage56_evaluation_mixed_start,bola-basic,mean_quality_utility,higher,q-learning_minus_bola-basic,10,-0.12805205297282593,0.09317292998326866,0.06664726828918992,-0.19469932126201583,-0.06140478468363601,True
per_content_trace,sita_sings_the_blues,stage56_evaluation_mixed_start,bola-basic,mean_psnr_y_db,higher,q-learning_minus_bola-basic,10,-0.8897091116666666,0.628048958789944,0.4492479464017746,-1.3389570580684411,-0.44046116526489193,True
per_content_trace,sita_sings_the_blues,stage56_evaluation_mixed_start,bola-basic,switch_count,lower,q-learning_minus_bola-basic,10,16.9,2.8460498941515415,2.0358,14.864199999999999,18.9358,True
per_content_trace,sita_sings_the_blues,stage56_evaluation_mixed_start,bola-basic,high_representation_fraction_percent,descriptive,q-learning_minus_bola-basic,10,-18.499999999999996,9.007884063898802,6.44340438829592,-24.943404388295917,-12.056595611704076,True
per_content_trace,sita_sings_the_blues,stage56_evaluation_high_start,bola-basic,startup_delay_s,lower,q-learning_minus_bola-basic,10,0.0,0.0,0.0,0.0,0.0,False
per_content_trace,sita_sings_the_blues,stage56_evaluation_high_start,bola-basic,rebuffering_s,lower,q-learning_minus_bola-basic,10,0.0,0.0,0.0,0.0,0.0,False
per_content_trace,sita_sings_the_blues,stage56_evaluation_high_start,bola-basic,rebuffering_rate_percent,lower,q-learning_minus_bola-basic,10,0.0,0.0,0.0,0.0,0.0,False
per_content_trace,sita_sings_the_blues,stage56_evaluation_high_start,bola-basic,average_bitrate_kbps,higher,q-learning_minus_bola-basic,10,-306.18666666666644,365.2777546937044,261.2858103905918,-567.4724770572582,-44.90085627607465,True
per_content_trace,sita_sings_the_blues,stage56_evaluation_high_start,bola-basic,average_payload_bitrate_kbps,higher,q-learning_minus_bola-basic,10,-458.68134666666685,389.9403411619058,278.9271362279001,-737.608482894567,-179.75421043876673,True
per_content_trace,sita_sings_the_blues,stage56_evaluation_high_start,bola-basic,buffer_mean_s,descriptive,q-learning_minus_bola-basic,10,1.175671359564495,1.2335861324442436,0.8823930506596634,0.29327830890483153,2.0580644102241585,True
per_content_trace,sita_sings_the_blues,stage56_evaluation_high_start,bola-basic,buffer_std_s,lower,q-learning_minus_bola-basic,10,1.3743666649366284,0.7578208335347165,0.5420747036375846,0.8322919612990438,1.916441368574213,True
per_content_trace,sita_sings_the_blues,stage56_evaluation_high_start,bola-basic,mean_objective_reward,higher,q-learning_minus_bola-basic,10,-0.16035884986455104,0.09658268866711239,0.06908629324895382,-0.22944514311350486,-0.09127255661559722,True
per_content_trace,sita_sings_the_blues,stage56_evaluation_high_start,bola-basic,mean_quality_utility,higher,q-learning_minus_bola-basic,10,-0.07975082787764436,0.0708490712412941,0.05067885124903104,-0.1304296791266754,-0.029071976628613314,True
per_content_trace,sita_sings_the_blues,stage56_evaluation_high_start,bola-basic,mean_psnr_y_db,higher,q-learning_minus_bola-basic,10,-0.5355151216666634,0.460091326136925,0.3291066413397455,-0.8646217630064088,-0.2064084803269179,True
per_content_trace,sita_sings_the_blues,stage56_evaluation_high_start,bola-basic,switch_count,lower,q-learning_minus_bola-basic,10,14.7,4.001388647846034,2.862222136732228,11.837777863267771,17.562222136732228,True
per_content_trace,sita_sings_the_blues,stage56_evaluation_high_start,bola-basic,high_representation_fraction_percent,descriptive,q-learning_minus_bola-basic,10,-4.833333333333331,9.410068156822744,6.7310895683966185,-11.56442290172995,1.8977562350632873,False
per_content_per_seed,sita_sings_the_blues,all_evaluation_traces,bola-basic,startup_delay_s,lower,q-learning_minus_bola-basic,10,0.0,0.0,0.0,0.0,0.0,False
per_content_per_seed,sita_sings_the_blues,all_evaluation_traces,bola-basic,rebuffering_s,lower,q-learning_minus_bola-basic,10,0.3836692772758758,1.2892174419172175,0.9221865272455135,-0.5385172499696378,1.3058558045213893,False
per_content_per_seed,sita_sings_the_blues,all_evaluation_traces,bola-basic,rebuffering_rate_percent,lower,q-learning_minus_bola-basic,10,0.639448795459793,2.148695736528696,1.5369775454091892,-0.8975287499493961,2.176426340868982,False
per_content_per_seed,sita_sings_the_blues,all_evaluation_traces,bola-basic,average_bitrate_kbps,higher,q-learning_minus_bola-basic,10,-312.1233333333332,205.14818923391297,146.74397820664566,-458.8673115399789,-165.37935512668756,True
per_content_per_seed,sita_sings_the_blues,all_evaluation_traces,bola-basic,average_payload_bitrate_kbps,higher,q-learning_minus_bola-basic,10,-364.7404977777778,202.82391167728954,145.08140571995193,-509.82190349772975,-219.6590920578259,True
per_content_per_seed,sita_sings_the_blues,all_evaluation_traces,bola-basic,buffer_mean_s,descriptive,q-learning_minus_bola-basic,10,0.5029657510515027,0.6638257085718158,0.47483931335412655,0.028126437697376105,0.9778050644056292,True
per_content_per_seed,sita_sings_the_blues,all_evaluation_traces,bola-basic,buffer_std_s,lower,q-learning_minus_bola-basic,10,0.8295403092534365,0.3933424908791904,0.28136071843904853,0.5481795908143879,1.1109010276924849,True
per_content_per_seed,sita_sings_the_blues,all_evaluation_traces,bola-basic,mean_objective_reward,higher,q-learning_minus_bola-basic,10,-0.1804514932696476,0.25801656064901807,0.18456110528795328,-0.3650125985576009,0.004109612018305675,False
per_content_per_seed,sita_sings_the_blues,all_evaluation_traces,bola-basic,mean_quality_utility,higher,q-learning_minus_bola-basic,10,-0.06328715714087711,0.04649086336916255,0.0332552496150658,-0.09654240675594292,-0.030031907525811315,True
per_content_per_seed,sita_sings_the_blues,all_evaluation_traces,bola-basic,mean_psnr_y_db,higher,q-learning_minus_bola-basic,10,-0.4592586233333331,0.29559082911975254,0.21143825031268074,-0.6706968736460138,-0.24782037302065238,True
per_content_per_seed,sita_sings_the_blues,all_evaluation_traces,bola-basic,switch_count,lower,q-learning_minus_bola-basic,10,11.5,2.3895347964007296,1.709251460597754,9.790748539402246,13.209251460597754,True
per_content_per_seed,sita_sings_the_blues,all_evaluation_traces,bola-basic,high_representation_fraction_percent,descriptive,q-learning_minus_bola-basic,10,-7.777777777777776,4.4521538074708555,3.1846577039547013,-10.962435481732477,-4.593120073823075,True
per_content_trace,tears_of_steel,stage56_evaluation_low_start,bola-basic,startup_delay_s,lower,q-learning_minus_bola-basic,10,0.0,0.0,0.0,0.0,0.0,False
per_content_trace,tears_of_steel,stage56_evaluation_low_start,bola-basic,rebuffering_s,lower,q-learning_minus_bola-basic,10,8.808780446810065,5.913190987444055,4.229748128090134,4.579032318719931,13.038528574900198,True
per_content_trace,tears_of_steel,stage56_evaluation_low_start,bola-basic,rebuffering_rate_percent,lower,q-learning_minus_bola-basic,10,14.681300744683444,9.855318312406757,7.049580213483556,7.631720531199888,21.730880958167,True
per_content_trace,tears_of_steel,stage56_evaluation_low_start,bola-basic,average_bitrate_kbps,higher,q-learning_minus_bola-basic,10,237.52666666666659,202.20706997567657,144.6401744053765,92.88649226129007,382.1668410720431,True
per_content_trace,tears_of_steel,stage56_evaluation_low_start,bola-basic,average_payload_bitrate_kbps,higher,q-learning_minus_bola-basic,10,242.64372000000003,198.78114878270938,142.18958828635775,100.45413171364228,384.8333082863578,True
per_content_trace,tears_of_steel,stage56_evaluation_low_start,bola-basic,buffer_mean_s,descriptive,q-learning_minus_bola-basic,10,-0.5812889776779523,1.708206934014146,1.2218927304866254,-1.8031817081645776,0.6406037528086731,False
per_content_trace,tears_of_steel,stage56_evaluation_low_start,bola-basic,buffer_std_s,lower,q-learning_minus_bola-basic,10,0.16625151708204494,0.28509888666360556,0.20393328826120147,-0.037681771179156526,0.3701848053432464,False
per_content_trace,tears_of_steel,stage56_evaluation_low_start,bola-basic,mean_objective_reward,higher,q-learning_minus_bola-basic,10,-1.513850456802175,1.2954120741804416,0.9266175923464404,-2.440468049148615,-0.5872328644557345,True
per_content_trace,tears_of_steel,stage56_evaluation_low_start,bola-basic,mean_quality_utility,higher,q-learning_minus_bola-basic,10,0.11775524141633165,0.10051653400929995,0.07190020117238217,0.04585504024394947,0.1896554425887138,True
per_content_trace,tears_of_steel,stage56_evaluation_low_start,bola-basic,mean_psnr_y_db,higher,q-learning_minus_bola-basic,10,0.4310095249999989,0.34037935821259624,0.24347580795163204,0.18753371704836685,0.6744853329516309,True
per_content_trace,tears_of_steel,stage56_evaluation_low_start,bola-basic,switch_count,lower,q-learning_minus_bola-basic,10,7.1,8.659612513784257,6.194283238599927,0.9057167614000727,13.294283238599927,True
per_content_trace,tears_of_steel,stage56_evaluation_low_start,bola-basic,high_representation_fraction_percent,descriptive,q-learning_minus_bola-basic,10,0.8333333333333334,2.63523138347365,1.885,-1.0516666666666667,2.7183333333333333,False
per_content_trace,tears_of_steel,stage56_evaluation_mixed_start,bola-basic,startup_delay_s,lower,q-learning_minus_bola-basic,10,0.0,0.0,0.0,0.0,0.0,False
per_content_trace,tears_of_steel,stage56_evaluation_mixed_start,bola-basic,rebuffering_s,lower,q-learning_minus_bola-basic,10,0.06701478478667496,0.21191935683189397,0.15158744318745873,-0.08457265840078378,0.2186022279741337,False
per_content_trace,tears_of_steel,stage56_evaluation_mixed_start,bola-basic,rebuffering_rate_percent,lower,q-learning_minus_bola-basic,10,0.11169130797779159,0.3531989280531566,0.25264573864576456,-0.14095443066797297,0.36433704662355615,False
per_content_trace,tears_of_steel,stage56_evaluation_mixed_start,bola-basic,average_bitrate_kbps,higher,q-learning_minus_bola-basic,10,-497.8799999999998,238.84129458701227,170.84489928283367,-668.7248992828335,-327.0351007171662,True
per_content_trace,tears_of_steel,stage56_evaluation_mixed_start,bola-basic,average_payload_bitrate_kbps,higher,q-learning_minus_bola-basic,10,-442.8841866666665,220.9076119308173,158.01680683564703,-600.9009935023136,-284.86737983101943,True
per_content_trace,tears_of_steel,stage56_evaluation_mixed_start,bola-basic,buffer_mean_s,descriptive,q-learning_minus_bola-basic,10,0.693048345243924,1.6252640966743435,1.1625631211908234,-0.4695147759468994,1.8556114664347474,False
per_content_trace,tears_of_steel,stage56_evaluation_mixed_start,bola-basic,buffer_std_s,lower,q-learning_minus_bola-basic,10,0.17867183430810857,0.2495974900683662,0.17853888342764374,0.00013295088046483272,0.3572107177357523,True
per_content_trace,tears_of_steel,stage56_evaluation_mixed_start,bola-basic,mean_objective_reward,higher,q-learning_minus_bola-basic,10,-0.2196245677135006,0.10903655292578256,0.07799463210481886,-0.29761919981831947,-0.14162993560868176,True
per_content_trace,tears_of_steel,stage56_evaluation_mixed_start,bola-basic,mean_quality_utility,higher,q-learning_minus_bola-basic,10,-0.1691162017852287,0.08653152612815034,0.06189662424881879,-0.2310128260340475,-0.10721957753640993,True
per_content_trace,tears_of_steel,stage56_evaluation_mixed_start,bola-basic,mean_psnr_y_db,higher,q-learning_minus_bola-basic,10,-0.5383268850000043,0.2906484684049696,0.20790294407513688,-0.7462298290751411,-0.3304239409248674,True
per_content_trace,tears_of_steel,stage56_evaluation_mixed_start,bola-basic,switch_count,lower,q-learning_minus_bola-basic,10,19.4,2.4585451886114367,1.7586150914853427,17.641384908514656,21.15861509148534,True
per_content_trace,tears_of_steel,stage56_evaluation_mixed_start,bola-basic,high_representation_fraction_percent,descriptive,q-learning_minus_bola-basic,10,-26.166666666666668,11.46788322573143,8.203059517304775,-34.369726183971444,-17.96360714936189,True
per_content_trace,tears_of_steel,stage56_evaluation_high_start,bola-basic,startup_delay_s,lower,q-learning_minus_bola-basic,10,0.0,0.0,0.0,0.0,0.0,False
per_content_trace,tears_of_steel,stage56_evaluation_high_start,bola-basic,rebuffering_s,lower,q-learning_minus_bola-basic,10,0.0,0.0,0.0,0.0,0.0,False
per_content_trace,tears_of_steel,stage56_evaluation_high_start,bola-basic,rebuffering_rate_percent,lower,q-learning_minus_bola-basic,10,0.0,0.0,0.0,0.0,0.0,False
per_content_trace,tears_of_steel,stage56_evaluation_high_start,bola-basic,average_bitrate_kbps,higher,q-learning_minus_bola-basic,10,-648.7250000000001,364.181816046448,260.5018775780752,-909.2268775780753,-388.2231224219249,True
per_content_trace,tears_of_steel,stage56_evaluation_high_start,bola-basic,average_payload_bitrate_kbps,higher,q-learning_minus_bola-basic,10,-653.2716666666665,340.8536201129333,243.81505090682066,-897.0867175734872,-409.4566157598459,True
per_content_trace,tears_of_steel,stage56_evaluation_high_start,bola-basic,buffer_mean_s,descriptive,q-learning_minus_bola-basic,10,2.205865733303413,1.086627155131334,0.7772722350940559,1.428593498209357,2.9831379683974686,True
per_content_trace,tears_of_steel,stage56_evaluation_high_start,bola-basic,buffer_std_s,lower,q-learning_minus_bola-basic,10,0.930544134454735,0.42415127412613957,0.30339846312617647,0.6271456713285586,1.2339425975809115,True
per_content_trace,tears_of_steel,stage56_evaluation_high_start,bola-basic,mean_objective_reward,higher,q-learning_minus_bola-basic,10,-0.2655004055571875,0.12038156383197703,0.08610980016645119,-0.3516102057236387,-0.1793906053907363,True
per_content_trace,tears_of_steel,stage56_evaluation_high_start,bola-basic,mean_quality_utility,higher,q-learning_minus_bola-basic,10,-0.2333282004749609,0.12444991234231648,0.08901991917538661,-0.3223481196503475,-0.1443082812995743,True
per_content_trace,tears_of_steel,stage56_evaluation_high_start,bola-basic,mean_psnr_y_db,higher,q-learning_minus_bola-basic,10,-0.7803819133333298,0.42073933176461986,0.30095787616603376,-1.0813397894993635,-0.4794240371672961,True
per_content_trace,tears_of_steel,stage56_evaluation_high_start,bola-basic,switch_count,lower,q-learning_minus_bola-basic,10,17.0,3.9157800414902435,2.8009856836478115,14.199014316352189,19.800985683647813,True
per_content_trace,tears_of_steel,stage56_evaluation_high_start,bola-basic,high_representation_fraction_percent,descriptive,q-learning_minus_bola-basic,10,-23.666666666666664,16.13599610716272,11.542194303222127,-35.20886096988879,-12.124472363444537,True
per_content_per_seed,tears_of_steel,all_evaluation_traces,bola-basic,startup_delay_s,lower,q-learning_minus_bola-basic,10,0.0,0.0,0.0,0.0,0.0,False
per_content_per_seed,tears_of_steel,all_evaluation_traces,bola-basic,rebuffering_s,lower,q-learning_minus_bola-basic,10,2.9585984105322467,1.9942582045356658,1.4265072657849664,1.5320911447472803,4.385105676317213,True
per_content_per_seed,tears_of_steel,all_evaluation_traces,bola-basic,rebuffering_rate_percent,lower,q-learning_minus_bola-basic,10,4.930997350887078,3.32376367422611,2.3775121096416107,2.5534852412454674,7.308509460528689,True
per_content_per_seed,tears_of_steel,all_evaluation_traces,bola-basic,average_bitrate_kbps,higher,q-learning_minus_bola-basic,10,-303.02611111111116,182.66697889511778,130.66300643529053,-433.6891175464017,-172.36310467582064,True
per_content_per_seed,tears_of_steel,all_evaluation_traces,bola-basic,average_payload_bitrate_kbps,higher,q-learning_minus_bola-basic,10,-284.5040444444443,169.47366254655287,121.22573217049217,-405.72977661493644,-163.2783122739521,True
per_content_per_seed,tears_of_steel,all_evaluation_traces,bola-basic,buffer_mean_s,descriptive,q-learning_minus_bola-basic,10,0.7725417002897947,1.1771260788017799,0.8420067673968418,-0.06946506710704703,1.6145484676866366,False
per_content_per_seed,tears_of_steel,all_evaluation_traces,bola-basic,buffer_std_s,lower,q-learning_minus_bola-basic,10,0.42515582861496287,0.1536798277246269,0.1099282883004639,0.31522754031449896,0.5350841169154268,True
per_content_per_seed,tears_of_steel,all_evaluation_traces,bola-basic,mean_objective_reward,higher,q-learning_minus_bola-basic,10,-0.6663251433576209,0.45874811143232336,0.32814583018135807,-0.994470973538979,-0.3381793131762629,True
per_content_per_seed,tears_of_steel,all_evaluation_traces,bola-basic,mean_quality_utility,higher,q-learning_minus_bola-basic,10,-0.09489638694795263,0.07190170913779592,0.051431810722476,-0.14632819767042862,-0.043464576225476635,True
per_content_per_seed,tears_of_steel,all_evaluation_traces,bola-basic,mean_psnr_y_db,higher,q-learning_minus_bola-basic,10,-0.29589975777777844,0.23803214730743646,0.17026611040244707,-0.46616586818022554,-0.12563364737533136,True
per_content_per_seed,tears_of_steel,all_evaluation_traces,bola-basic,switch_count,lower,q-learning_minus_bola-basic,10,14.5,3.236558147473224,2.315133367888578,12.184866632111422,16.815133367888578,True
per_content_per_seed,tears_of_steel,all_evaluation_traces,bola-basic,high_representation_fraction_percent,descriptive,q-learning_minus_bola-basic,10,-16.333333333333332,7.235031376044313,5.175270084202798,-21.50860341753613,-11.158063249130535,True
overall_content_balanced_per_seed,all_contents,all_evaluation_traces,bola-basic,startup_delay_s,lower,q-learning_minus_bola-basic,10,0.0,0.0,0.0,0.0,0.0,False
overall_content_balanced_per_seed,all_contents,all_evaluation_traces,bola-basic,rebuffering_s,lower,q-learning_minus_bola-basic,10,1.5870738976484673,0.7101083062063149,0.5079455889882727,1.0791283086601946,2.09501948663674,True
overall_content_balanced_per_seed,all_contents,all_evaluation_traces,bola-basic,rebuffering_rate_percent,lower,q-learning_minus_bola-basic,10,2.6451231627474456,1.1835138436771915,0.846575981647121,1.7985471811003246,3.4916991443945666,True
overall_content_balanced_per_seed,all_contents,all_evaluation_traces,bola-basic,average_bitrate_kbps,higher,q-learning_minus_bola-basic,10,-263.1404166666667,105.95157644470811,75.78792619531347,-338.9283428619801,-187.3524904713532,True
overall_content_balanced_per_seed,all_contents,all_evaluation_traces,bola-basic,average_payload_bitrate_kbps,higher,q-learning_minus_bola-basic,10,-231.91423999999992,101.18009349234961,72.37485005270169,-304.2890900527016,-159.53938994729822,True
overall_content_balanced_per_seed,all_contents,all_evaluation_traces,bola-basic,buffer_mean_s,descriptive,q-learning_minus_bola-basic,10,0.41328238950775303,0.42251189114055054,0.30222580066199395,0.11105658884575909,0.715508190169747,True
overall_content_balanced_per_seed,all_contents,all_evaluation_traces,bola-basic,buffer_std_s,lower,q-learning_minus_bola-basic,10,0.5533507602166688,0.20766235852328954,0.1485423816182762,0.40480837859839264,0.701893141834945,True
overall_content_balanced_per_seed,all_contents,all_evaluation_traces,bola-basic,mean_objective_reward,higher,q-learning_minus_bola-basic,10,-0.3963621280460391,0.13759042807535177,0.09841942477937687,-0.49478155282541597,-0.2979427032666622,True
overall_content_balanced_per_seed,all_contents,all_evaluation_traces,bola-basic,mean_quality_utility,higher,q-learning_minus_bola-basic,10,-0.06257825468981505,0.03057088924358919,0.02186757739208666,-0.0844458320819017,-0.04071067729772839,True
overall_content_balanced_per_seed,all_contents,all_evaluation_traces,bola-basic,mean_psnr_y_db,higher,q-learning_minus_bola-basic,10,-0.260579499027778,0.15109074610673096,0.10807629956037054,-0.36865579858814856,-0.15250319946740745,True
overall_content_balanced_per_seed,all_contents,all_evaluation_traces,bola-basic,switch_count,lower,q-learning_minus_bola-basic,10,14.1,1.5559523303498044,1.1129839152276888,12.98701608477231,15.212983915227689,True
overall_content_balanced_per_seed,all_contents,all_evaluation_traces,bola-basic,high_representation_fraction_percent,descriptive,q-learning_minus_bola-basic,10,-9.88888888888889,3.3287004842100543,2.3810434454013834,-12.269932334290273,-7.507845443487506,True
per_content_trace,big_buck_bunny,stage56_evaluation_low_start,robust-mpc,startup_delay_s,lower,q-learning_minus_robust-mpc,10,-1.1238168971056064,0.0,0.0,-1.1238168971056064,-1.1238168971056064,True
per_content_trace,big_buck_bunny,stage56_evaluation_low_start,robust-mpc,rebuffering_s,lower,q-learning_minus_robust-mpc,10,14.850773388752993,5.18277050657792,3.7072730941833316,11.14350029456966,18.558046482936323,True
per_content_trace,big_buck_bunny,stage56_evaluation_low_start,robust-mpc,rebuffering_rate_percent,lower,q-learning_minus_robust-mpc,10,24.751288981254987,8.637950844296535,6.178788490305554,18.572500490949434,30.93007747156054,True
per_content_trace,big_buck_bunny,stage56_evaluation_low_start,robust-mpc,average_bitrate_kbps,higher,q-learning_minus_robust-mpc,10,422.6249999999999,85.55088921257176,61.19516759591987,361.42983240408,483.82016759591977,True
per_content_trace,big_buck_bunny,stage56_evaluation_low_start,robust-mpc,average_payload_bitrate_kbps,higher,q-learning_minus_robust-mpc,10,413.26690666666656,90.71381533729082,64.88824586074647,348.3786608059201,478.155152527413,True
per_content_trace,big_buck_bunny,stage56_evaluation_low_start,robust-mpc,buffer_mean_s,descriptive,q-learning_minus_robust-mpc,10,-2.40864558522851,0.10200541694017747,0.07296520986281628,-2.4816107950913264,-2.3356803753656936,True
per_content_trace,big_buck_bunny,stage56_evaluation_low_start,robust-mpc,buffer_std_s,lower,q-learning_minus_robust-mpc,10,-0.6169881582917924,0.04016431370292139,0.02872982304506767,-0.6457179813368601,-0.5882583352467248,True
per_content_trace,big_buck_bunny,stage56_evaluation_low_start,robust-mpc,mean_objective_reward,higher,q-learning_minus_robust-mpc,10,-2.8890045149333248,0.8437228745974457,0.6035210526825786,-3.4925255676159033,-2.2854834622507463,True
per_content_trace,big_buck_bunny,stage56_evaluation_low_start,robust-mpc,mean_quality_utility,higher,q-learning_minus_robust-mpc,10,0.21762664097837764,0.04538853956816134,0.03246674945605954,0.1851598915223181,0.2500933904344372,True
per_content_trace,big_buck_bunny,stage56_evaluation_low_start,robust-mpc,mean_psnr_y_db,higher,q-learning_minus_robust-mpc,10,1.1400235000000023,0.30476700346353913,0.21800203395100304,0.9220214660489993,1.3580255339510052,True
per_content_trace,big_buck_bunny,stage56_evaluation_low_start,robust-mpc,switch_count,lower,q-learning_minus_robust-mpc,10,19.6,7.411702458499891,5.301644182704079,14.298355817295922,24.901644182704082,True
per_content_trace,big_buck_bunny,stage56_evaluation_low_start,robust-mpc,high_representation_fraction_percent,descriptive,q-learning_minus_robust-mpc,10,1.0,2.1081851067789197,1.508,-0.508,2.508,False
per_content_trace,big_buck_bunny,stage56_evaluation_mixed_start,robust-mpc,startup_delay_s,lower,q-learning_minus_robust-mpc,10,-2.6294584774609384,0.0,0.0,-2.6294584774609384,-2.6294584774609384,True
per_content_trace,big_buck_bunny,stage56_evaluation_mixed_start,robust-mpc,rebuffering_s,lower,q-learning_minus_robust-mpc,10,1.2347719387641567,2.6032906213618077,1.862152542672948,-0.6273806039087912,3.096924481437105,False
per_content_trace,big_buck_bunny,stage56_evaluation_mixed_start,robust-mpc,rebuffering_rate_percent,lower,q-learning_minus_robust-mpc,10,2.0579532312735944,4.338817702269679,3.10358757112158,-1.0456343398479855,5.161540802395175,False
per_content_trace,big_buck_bunny,stage56_evaluation_mixed_start,robust-mpc,average_bitrate_kbps,higher,q-learning_minus_robust-mpc,10,-248.79666666666668,146.00926737879973,104.44148120543571,-353.2381478721024,-144.35518546123097,True
per_content_trace,big_buck_bunny,stage56_evaluation_mixed_start,robust-mpc,average_payload_bitrate_kbps,higher,q-learning_minus_robust-mpc,10,-266.72354666666644,151.6357719044799,108.46616044135418,-375.1897071080206,-158.25738622531225,True
per_content_trace,big_buck_bunny,stage56_evaluation_mixed_start,robust-mpc,buffer_mean_s,descriptive,q-learning_minus_robust-mpc,10,-2.641514520891524,1.061183941171753,0.759072520786392,-3.400587041677916,-1.882442000105132,True
per_content_trace,big_buck_bunny,stage56_evaluation_mixed_start,robust-mpc,buffer_std_s,lower,q-learning_minus_robust-mpc,10,0.009511000613935306,0.42994282730283495,0.3075412028516272,-0.29803020223769194,0.3170522034655625,False
per_content_trace,big_buck_bunny,stage56_evaluation_mixed_start,robust-mpc,mean_objective_reward,higher,q-learning_minus_robust-mpc,10,-0.528655277844574,0.4571999825131739,0.32703844240854324,-0.8556937202531172,-0.20161683543603076,True
per_content_trace,big_buck_bunny,stage56_evaluation_mixed_start,robust-mpc,mean_quality_utility,higher,q-learning_minus_robust-mpc,10,-0.07416048764202604,0.05539005308672182,0.039620904154094236,-0.11378139179612028,-0.034539583487931805,True
per_content_trace,big_buck_bunny,stage56_evaluation_mixed_start,robust-mpc,mean_psnr_y_db,higher,q-learning_minus_robust-mpc,10,-0.30754414833333854,0.27918146721401654,0.19970051548366566,-0.5072446638170042,-0.10784363284967288,True
per_content_trace,big_buck_bunny,stage56_evaluation_mixed_start,robust-mpc,switch_count,lower,q-learning_minus_robust-mpc,10,17.0,5.456901847914967,3.9033612182323068,13.096638781767693,20.903361218232305,True
per_content_trace,big_buck_bunny,stage56_evaluation_mixed_start,robust-mpc,high_representation_fraction_percent,descriptive,q-learning_minus_robust-mpc,10,-18.166666666666668,7.635605354901631,5.461803538107983,-23.62847020477465,-12.704863128558685,True
per_content_trace,big_buck_bunny,stage56_evaluation_high_start,robust-mpc,startup_delay_s,lower,q-learning_minus_robust-mpc,10,-1.0515822775422694,0.0,0.0,-1.0515822775422694,-1.0515822775422694,True
per_content_trace,big_buck_bunny,stage56_evaluation_high_start,robust-mpc,rebuffering_s,lower,q-learning_minus_robust-mpc,10,0.0,0.0,0.0,0.0,0.0,False
per_content_trace,big_buck_bunny,stage56_evaluation_high_start,robust-mpc,rebuffering_rate_percent,lower,q-learning_minus_robust-mpc,10,0.0,0.0,0.0,0.0,0.0,False
per_content_trace,big_buck_bunny,stage56_evaluation_high_start,robust-mpc,average_bitrate_kbps,higher,q-learning_minus_robust-mpc,10,-395.75666666666666,352.8687373724326,252.4095508722475,-648.1662175389142,-143.34711579441915,True
per_content_trace,big_buck_bunny,stage56_evaluation_high_start,robust-mpc,average_payload_bitrate_kbps,higher,q-learning_minus_robust-mpc,10,-363.1138399999998,350.05027777230697,250.3934864084001,-613.5073264083999,-112.72035359159972,True
per_content_trace,big_buck_bunny,stage56_evaluation_high_start,robust-mpc,buffer_mean_s,descriptive,q-learning_minus_robust-mpc,10,0.49686696008611425,1.9330943137763203,1.3827562939331548,-0.8858893338470406,1.879623254019269,False
per_content_trace,big_buck_bunny,stage56_evaluation_high_start,robust-mpc,buffer_std_s,lower,q-learning_minus_robust-mpc,10,0.038842909500723846,0.9289270776486895,0.6644682331688271,-0.6256253236681032,0.703311142669551,False
per_content_trace,big_buck_bunny,stage56_evaluation_high_start,robust-mpc,mean_objective_reward,higher,q-learning_minus_robust-mpc,10,-0.15466507065856522,0.13655176498253116,0.09767646158371772,-0.25234153224228295,-0.0569886090748475,True
per_content_trace,big_buck_bunny,stage56_evaluation_high_start,robust-mpc,mean_quality_utility,higher,q-learning_minus_robust-mpc,10,-0.1544825847021534,0.13050596207695647,0.09335185519489045,-0.24783443989704385,-0.06113072950726295,True
per_content_trace,big_buck_bunny,stage56_evaluation_high_start,robust-mpc,mean_psnr_y_db,higher,q-learning_minus_robust-mpc,10,-0.8403950133333339,0.6788777073894612,0.48560611658408104,-1.3260011299174148,-0.35478889674925285,True
per_content_trace,big_buck_bunny,stage56_evaluation_high_start,robust-mpc,switch_count,lower,q-learning_minus_robust-mpc,10,14.9,5.724217559340898,4.094574073087457,10.805425926912545,18.994574073087456,True
per_content_trace,big_buck_bunny,stage56_evaluation_high_start,robust-mpc,high_representation_fraction_percent,descriptive,q-learning_minus_robust-mpc,10,-17.000000000000004,15.748799679912901,11.265229908390191,-28.265229908390197,-5.734770091609812,True
per_content_per_seed,big_buck_bunny,all_evaluation_traces,robust-mpc,startup_delay_s,lower,q-learning_minus_robust-mpc,10,-1.6016192173696049,0.0,0.0,-1.6016192173696049,-1.6016192173696049,True
per_content_per_seed,big_buck_bunny,all_evaluation_traces,robust-mpc,rebuffering_s,lower,q-learning_minus_robust-mpc,10,5.361848442505716,1.5532841227695031,1.1110753271164473,4.2507731153892685,6.472923769622163,True
per_content_per_seed,big_buck_bunny,all_evaluation_traces,robust-mpc,rebuffering_rate_percent,lower,q-learning_minus_robust-mpc,10,8.936414070842861,2.588806871282506,1.8517922118607464,7.084621858982115,10.788206282703609,True
per_content_per_seed,big_buck_bunny,all_evaluation_traces,robust-mpc,average_bitrate_kbps,higher,q-learning_minus_robust-mpc,10,-73.97611111111112,153.61520145135705,109.88206066144988,-183.858171772561,35.90594955033876,False
per_content_per_seed,big_buck_bunny,all_evaluation_traces,robust-mpc,average_payload_bitrate_kbps,higher,q-learning_minus_robust-mpc,10,-72.1901599999999,156.1003522837384,111.65970696166353,-183.84986696166345,39.469546961663625,False
per_content_per_seed,big_buck_bunny,all_evaluation_traces,robust-mpc,buffer_mean_s,descriptive,q-learning_minus_robust-mpc,10,-1.5177643820113067,0.7547155797376249,0.5398534932177991,-2.0576178752291057,-0.9779108887935076,True
per_content_per_seed,big_buck_bunny,all_evaluation_traces,robust-mpc,buffer_std_s,lower,q-learning_minus_robust-mpc,10,-0.18954474939237775,0.3362494328990708,0.24052164261161027,-0.430066392003988,0.050976893219232516,False
per_content_per_seed,big_buck_bunny,all_evaluation_traces,robust-mpc,mean_objective_reward,higher,q-learning_minus_robust-mpc,10,-1.1907749544788213,0.23076455139589755,0.16506754667132117,-1.3558425011501425,-1.0257074078075001,True
per_content_per_seed,big_buck_bunny,all_evaluation_traces,robust-mpc,mean_quality_utility,higher,q-learning_minus_robust-mpc,10,-0.003672143788600595,0.05794061067173148,0.04144533637583173,-0.04511748016443233,0.037773192587231136,False
per_content_per_seed,big_buck_bunny,all_evaluation_traces,robust-mpc,mean_psnr_y_db,higher,q-learning_minus_robust-mpc,10,-0.002638553888890037,0.3185376076762304,0.2278522463853688,-0.23049080027425883,0.22521369249647877,False
per_content_per_seed,big_buck_bunny,all_evaluation_traces,robust-mpc,switch_count,lower,q-learning_minus_robust-mpc,10,17.166666666666664,3.5598931874668427,2.5464172521843746,14.62024941448229,19.71308391885104,True
per_content_per_seed,big_buck_bunny,all_evaluation_traces,robust-mpc,high_representation_fraction_percent,descriptive,q-learning_minus_robust-mpc,10,-11.38888888888889,6.626680494475144,4.740112314395769,-16.12900120328466,-6.64877657449312,True
per_content_trace,elephants_dream,stage56_evaluation_low_start,robust-mpc,startup_delay_s,lower,q-learning_minus_robust-mpc,10,0.0,0.0,0.0,0.0,0.0,False
per_content_trace,elephants_dream,stage56_evaluation_low_start,robust-mpc,rebuffering_s,lower,q-learning_minus_robust-mpc,10,-0.9772962390939979,0.5190257226346768,0.37126283987887576,-1.3485590789728736,-0.6060333992151221,True
per_content_trace,elephants_dream,stage56_evaluation_low_start,robust-mpc,rebuffering_rate_percent,lower,q-learning_minus_robust-mpc,10,-1.628827065156662,0.8650428710577945,0.6187713997981262,-2.2475984649547884,-1.0100556653585357,True
per_content_trace,elephants_dream,stage56_evaluation_low_start,robust-mpc,average_bitrate_kbps,higher,q-learning_minus_robust-mpc,10,-63.68333333333344,64.26264683140417,45.967534402053815,-109.65086773538725,-17.715798931279622,True
per_content_trace,elephants_dream,stage56_evaluation_low_start,robust-mpc,average_payload_bitrate_kbps,higher,q-learning_minus_robust-mpc,10,47.04689333333329,48.14111713474183,34.43568802651813,12.611205306815158,81.48258135985142,True
per_content_trace,elephants_dream,stage56_evaluation_low_start,robust-mpc,buffer_mean_s,descriptive,q-learning_minus_robust-mpc,10,0.12430708594191894,0.1461098157214901,0.10451340415958688,0.019793681782332068,0.22882049010150582,True
per_content_trace,elephants_dream,stage56_evaluation_low_start,robust-mpc,buffer_std_s,lower,q-learning_minus_robust-mpc,10,0.356523932609203,0.1681206650449212,0.12025792330688723,0.23626600930231578,0.47678185591609024,True
per_content_trace,elephants_dream,stage56_evaluation_low_start,robust-mpc,mean_objective_reward,higher,q-learning_minus_robust-mpc,10,0.16623055973601264,0.0990480753226632,0.07084980209104551,0.09538075764496713,0.23708036182705816,True
per_content_trace,elephants_dream,stage56_evaluation_low_start,robust-mpc,mean_quality_utility,higher,q-learning_minus_robust-mpc,10,-0.0021257790391146806,0.026227484213614656,0.018760708472398163,-0.020886487511512845,0.01663492943328348,False
per_content_trace,elephants_dream,stage56_evaluation_low_start,robust-mpc,mean_psnr_y_db,higher,q-learning_minus_robust-mpc,10,0.07608907333333122,0.11415946180793787,0.08165908574764613,-0.005570012414314915,0.15774815908097733,False
per_content_trace,elephants_dream,stage56_evaluation_low_start,robust-mpc,switch_count,lower,q-learning_minus_robust-mpc,10,3.0,3.711842908553348,2.6551079827381785,0.3448920172618215,5.655107982738178,True
per_content_trace,elephants_dream,stage56_evaluation_low_start,robust-mpc,high_representation_fraction_percent,descriptive,q-learning_minus_robust-mpc,10,-3.3333333333333335,0.0,0.0,-3.3333333333333335,-3.3333333333333335,True
per_content_trace,elephants_dream,stage56_evaluation_mixed_start,robust-mpc,startup_delay_s,lower,q-learning_minus_robust-mpc,10,-1.0012316878659135,0.0,0.0,-1.0012316878659135,-1.0012316878659135,True
per_content_trace,elephants_dream,stage56_evaluation_mixed_start,robust-mpc,rebuffering_s,lower,q-learning_minus_robust-mpc,10,0.03745305408604995,0.1184369562413938,0.08471880834264497,-0.04726575425659502,0.12217186242869493,False
per_content_trace,elephants_dream,stage56_evaluation_mixed_start,robust-mpc,rebuffering_rate_percent,lower,q-learning_minus_robust-mpc,10,0.06242175681008325,0.19739492706898967,0.1411980139044083,-0.07877625709432506,0.20361977071449155,False
per_content_trace,elephants_dream,stage56_evaluation_mixed_start,robust-mpc,average_bitrate_kbps,higher,q-learning_minus_robust-mpc,10,-1247.3166666666668,482.87894496843325,345.4067893141416,-1592.7234559808085,-901.9098773525252,True
per_content_trace,elephants_dream,stage56_evaluation_mixed_start,robust-mpc,average_payload_bitrate_kbps,higher,q-learning_minus_robust-mpc,10,-760.8180399999998,299.70007324653164,214.37762225077913,-975.1956622507789,-546.4404177492206,True
per_content_trace,elephants_dream,stage56_evaluation_mixed_start,robust-mpc,buffer_mean_s,descriptive,q-learning_minus_robust-mpc,10,-1.6095273383061834,0.679394496718434,0.4859757797154565,-2.09550311802164,-1.123551558590727,True
per_content_trace,elephants_dream,stage56_evaluation_mixed_start,robust-mpc,buffer_std_s,lower,q-learning_minus_robust-mpc,10,1.0188936830420983,0.3577365814550286,0.2558915548257669,0.7630021282163313,1.2747852378678652,True
per_content_trace,elephants_dream,stage56_evaluation_mixed_start,robust-mpc,mean_objective_reward,higher,q-learning_minus_robust-mpc,10,-0.47725651767040167,0.1753393319983032,0.1254214878016257,-0.6026780054720273,-0.35183502986877596,True
per_content_trace,elephants_dream,stage56_evaluation_mixed_start,robust-mpc,mean_quality_utility,higher,q-learning_minus_robust-mpc,10,-0.2510360535000865,0.1207207327258434,0.08635241012053248,-0.337388463620619,-0.16468364337955405,True
per_content_trace,elephants_dream,stage56_evaluation_mixed_start,robust-mpc,mean_psnr_y_db,higher,q-learning_minus_robust-mpc,10,-0.8441605983333382,0.4421903992140233,0.3163019793046452,-1.1604625776379836,-0.527858619028693,True
per_content_trace,elephants_dream,stage56_evaluation_mixed_start,robust-mpc,switch_count,lower,q-learning_minus_robust-mpc,10,16.7,4.715223571935199,3.372833402348832,13.327166597651168,20.07283340234883,True
per_content_trace,elephants_dream,stage56_evaluation_mixed_start,robust-mpc,high_representation_fraction_percent,descriptive,q-learning_minus_robust-mpc,10,-41.16666666666667,10.859654633800842,7.76798922215753,-48.9346558888242,-33.39867744450914,True
per_content_trace,elephants_dream,stage56_evaluation_high_start,robust-mpc,startup_delay_s,lower,q-learning_minus_robust-mpc,10,-2.3926544377063466,0.0,0.0,-2.3926544377063466,-2.3926544377063466,True
per_content_trace,elephants_dream,stage56_evaluation_high_start,robust-mpc,rebuffering_s,lower,q-learning_minus_robust-mpc,10,0.0,0.0,0.0,0.0,0.0,False
per_content_trace,elephants_dream,stage56_evaluation_high_start,robust-mpc,rebuffering_rate_percent,lower,q-learning_minus_robust-mpc,10,0.0,0.0,0.0,0.0,0.0,False
per_content_trace,elephants_dream,stage56_evaluation_high_start,robust-mpc,average_bitrate_kbps,higher,q-learning_minus_robust-mpc,10,-582.2250000000001,380.8254259856614,272.4071717135991,-854.6321717135993,-309.81782828640104,True
per_content_trace,elephants_dream,stage56_evaluation_high_start,robust-mpc,average_payload_bitrate_kbps,higher,q-learning_minus_robust-mpc,10,-491.5010933333333,269.834081019415,193.01426277457784,-684.5153561079112,-298.48683055875546,True
per_content_trace,elephants_dream,stage56_evaluation_high_start,robust-mpc,buffer_mean_s,descriptive,q-learning_minus_robust-mpc,10,-0.319342781091024,1.0781925914996064,0.7712389309426577,-1.0905817120336816,0.45189614985163373,False
per_content_trace,elephants_dream,stage56_evaluation_high_start,robust-mpc,buffer_std_s,lower,q-learning_minus_robust-mpc,10,0.2793625658234494,0.5873876634914861,0.42016262883980743,-0.140800063016358,0.6995251946632568,False
per_content_trace,elephants_dream,stage56_evaluation_high_start,robust-mpc,mean_objective_reward,higher,q-learning_minus_robust-mpc,10,-0.15993585002475993,0.08504187322002879,0.060831064788113016,-0.22076691481287294,-0.09910478523664693,True
per_content_trace,elephants_dream,stage56_evaluation_high_start,robust-mpc,mean_quality_utility,higher,q-learning_minus_robust-mpc,10,-0.12762943315165962,0.08504054173851242,0.06083011236978872,-0.18845954552144834,-0.0667993207818709,True
per_content_trace,elephants_dream,stage56_evaluation_high_start,robust-mpc,mean_psnr_y_db,higher,q-learning_minus_robust-mpc,10,-0.6257988583333323,0.33810394607800115,0.24184818925347507,-0.8676470475868073,-0.3839506690798572,True
per_content_trace,elephants_dream,stage56_evaluation_high_start,robust-mpc,switch_count,lower,q-learning_minus_robust-mpc,10,19.0,3.3665016461206925,2.4080828889388335,16.591917111061168,21.408082888938832,True
per_content_trace,elephants_dream,stage56_evaluation_high_start,robust-mpc,high_representation_fraction_percent,descriptive,q-learning_minus_robust-mpc,10,-19.333333333333336,10.067672257843817,7.201478521032253,-26.53481185436559,-12.131854812301082,True
per_content_per_seed,elephants_dream,all_evaluation_traces,robust-mpc,startup_delay_s,lower,q-learning_minus_robust-mpc,10,-1.1312953751907535,0.0,0.0,-1.1312953751907535,-1.1312953751907535,True
per_content_per_seed,elephants_dream,all_evaluation_traces,robust-mpc,rebuffering_s,lower,q-learning_minus_robust-mpc,10,-0.31328106166931596,0.17139466364317624,0.12259983809904326,-0.4358808997683592,-0.1906812235702727,True
per_content_per_seed,elephants_dream,all_evaluation_traces,robust-mpc,rebuffering_rate_percent,lower,q-learning_minus_robust-mpc,10,-0.5221351027821929,0.285657772738627,0.20433306349840538,-0.7264681662805983,-0.3178020392837875,True
per_content_per_seed,elephants_dream,all_evaluation_traces,robust-mpc,average_bitrate_kbps,higher,q-learning_minus_robust-mpc,10,-631.075,185.49104691585427,132.6830826428193,-763.7580826428193,-498.3919173571808,True
per_content_per_seed,elephants_dream,all_evaluation_traces,robust-mpc,average_payload_bitrate_kbps,higher,q-learning_minus_robust-mpc,10,-401.75741333333326,113.79497580169588,81.39836628062896,-483.15577961396224,-320.3590470527043,True
per_content_per_seed,elephants_dream,all_evaluation_traces,robust-mpc,buffer_mean_s,descriptive,q-learning_minus_robust-mpc,10,-0.6015210111517628,0.5226046633612408,0.37382288197304675,-0.9753438931248095,-0.22769812917871607,True
per_content_per_seed,elephants_dream,all_evaluation_traces,robust-mpc,buffer_std_s,lower,q-learning_minus_robust-mpc,10,0.5515933938249169,0.2625281259428764,0.1877882604562835,0.3638051333686334,0.7393816542812004,True
per_content_per_seed,elephants_dream,all_evaluation_traces,robust-mpc,mean_objective_reward,higher,q-learning_minus_robust-mpc,10,-0.15698726931971632,0.08908368015090573,0.06372219841398091,-0.22070946773369723,-0.09326507090573541,True
per_content_per_seed,elephants_dream,all_evaluation_traces,robust-mpc,mean_quality_utility,higher,q-learning_minus_robust-mpc,10,-0.12693042189695364,0.04244808582586285,0.030363421703136967,-0.1572938436000906,-0.09656700019381667,True
per_content_per_seed,elephants_dream,all_evaluation_traces,robust-mpc,mean_psnr_y_db,higher,q-learning_minus_robust-mpc,10,-0.464623461111113,0.17512352631057457,0.12526712043794005,-0.589890581549053,-0.339356340673173,True
per_content_per_seed,elephants_dream,all_evaluation_traces,robust-mpc,switch_count,lower,q-learning_minus_robust-mpc,10,12.9,2.3256487213912256,1.663553290733757,11.236446709266243,14.563553290733758,True
per_content_per_seed,elephants_dream,all_evaluation_traces,robust-mpc,high_representation_fraction_percent,descriptive,q-learning_minus_robust-mpc,10,-21.27777777777778,4.878847713021868,3.4898749296631473,-24.767652707440927,-17.78790284811463,True
per_content_trace,sita_sings_the_blues,stage56_evaluation_low_start,robust-mpc,startup_delay_s,lower,q-learning_minus_robust-mpc,10,-0.78272278402497,0.0,0.0,-0.78272278402497,-0.78272278402497,True
per_content_trace,sita_sings_the_blues,stage56_evaluation_low_start,robust-mpc,rebuffering_s,lower,q-learning_minus_robust-mpc,10,1.993133875528097,3.5880959673924253,2.566590903914966,-0.5734570283868692,4.559724779443063,False
per_content_trace,sita_sings_the_blues,stage56_evaluation_low_start,robust-mpc,rebuffering_rate_percent,lower,q-learning_minus_robust-mpc,10,3.3218897925468283,5.980159945654043,4.277651506524944,-0.955761713978116,7.599541299071772,False
per_content_trace,sita_sings_the_blues,stage56_evaluation_low_start,robust-mpc,average_bitrate_kbps,higher,q-learning_minus_robust-mpc,10,-804.3533333333332,134.95218650312898,96.532271569671,-900.8856049030043,-707.8210617636622,True
per_content_trace,sita_sings_the_blues,stage56_evaluation_low_start,robust-mpc,average_payload_bitrate_kbps,higher,q-learning_minus_robust-mpc,10,-42.9910933333332,113.4764800223244,81.17054395433142,-124.16163728766462,38.179450620998225,False
per_content_trace,sita_sings_the_blues,stage56_evaluation_low_start,robust-mpc,buffer_mean_s,descriptive,q-learning_minus_robust-mpc,10,-0.41147914968491667,0.8364411741516936,0.5983123998764825,-1.0097915495613992,0.18683325019156588,False
per_content_trace,sita_sings_the_blues,stage56_evaluation_low_start,robust-mpc,buffer_std_s,lower,q-learning_minus_robust-mpc,10,0.1976910291900587,0.05532311717902587,0.0395730244169303,0.1581180047731284,0.23726405360698902,True
per_content_trace,sita_sings_the_blues,stage56_evaluation_low_start,robust-mpc,mean_objective_reward,higher,q-learning_minus_robust-mpc,10,-0.5783260627139646,0.7505332790548577,0.5368618633987035,-1.115187926112668,-0.04146419931526113,True
per_content_trace,sita_sings_the_blues,stage56_evaluation_low_start,robust-mpc,mean_quality_utility,higher,q-learning_minus_robust-mpc,10,-0.1650581839205049,0.051109129869209936,0.03655872892514984,-0.20161691284565472,-0.12849945499535506,True
per_content_trace,sita_sings_the_blues,stage56_evaluation_low_start,robust-mpc,mean_psnr_y_db,higher,q-learning_minus_robust-mpc,10,-0.571104053333336,0.2868169234861177,0.20516221238177204,-0.776266265715108,-0.365941840951564,True
per_content_trace,sita_sings_the_blues,stage56_evaluation_low_start,robust-mpc,switch_count,lower,q-learning_minus_robust-mpc,10,2.9,7.809538327512638,5.586219046904623,-2.686219046904623,8.486219046904623,False
per_content_trace,sita_sings_the_blues,stage56_evaluation_low_start,robust-mpc,high_representation_fraction_percent,descriptive,q-learning_minus_robust-mpc,10,-18.333333333333332,0.0,0.0,-18.333333333333332,-18.333333333333332,True
per_content_trace,sita_sings_the_blues,stage56_evaluation_mixed_start,robust-mpc,startup_delay_s,lower,q-learning_minus_robust-mpc,10,-0.5847928492901691,0.0,0.0,-0.5847928492901691,-0.5847928492901691,True
per_content_trace,sita_sings_the_blues,stage56_evaluation_mixed_start,robust-mpc,rebuffering_s,lower,q-learning_minus_robust-mpc,10,0.3268291385719664,0.7354329216345645,0.5260604689117676,-0.19923133033980123,0.852889607483734,False
per_content_trace,sita_sings_the_blues,stage56_evaluation_mixed_start,robust-mpc,rebuffering_rate_percent,lower,q-learning_minus_robust-mpc,10,0.5447152309532772,1.2257215360576075,0.8767674481862792,-0.33205221723300193,1.4214826791395563,False
per_content_trace,sita_sings_the_blues,stage56_evaluation_mixed_start,robust-mpc,average_bitrate_kbps,higher,q-learning_minus_robust-mpc,10,-1472.6966666666667,426.0432159294479,304.75178273279687,-1777.4484493994637,-1167.9448839338697,True
per_content_trace,sita_sings_the_blues,stage56_evaluation_mixed_start,robust-mpc,average_payload_bitrate_kbps,higher,q-learning_minus_robust-mpc,10,-931.1893200000002,443.1262525980914,316.9714019747119,-1248.160721974712,-614.2179180252883,True
per_content_trace,sita_sings_the_blues,stage56_evaluation_mixed_start,robust-mpc,buffer_mean_s,descriptive,q-learning_minus_robust-mpc,10,-0.7838695590797335,1.308601246869923,0.9360519026220342,-1.7199214617017677,0.15218234354230065,False
per_content_trace,sita_sings_the_blues,stage56_evaluation_mixed_start,robust-mpc,buffer_std_s,lower,q-learning_minus_robust-mpc,10,0.9437695362760676,0.8496825789296849,0.60778407214141,0.3359854641346577,1.5515536084174775,True
per_content_trace,sita_sings_the_blues,stage56_evaluation_mixed_start,robust-mpc,mean_objective_reward,higher,q-learning_minus_robust-mpc,10,-0.4753209085388101,0.21751722568424628,0.15559163911987622,-0.6309125476586863,-0.31972926941893387,True
per_content_trace,sita_sings_the_blues,stage56_evaluation_mixed_start,robust-mpc,mean_quality_utility,higher,q-learning_minus_robust-mpc,10,-0.24467301474147501,0.09317292998326866,0.06664726828918992,-0.31132028303066495,-0.17802574645228508,True
per_content_trace,sita_sings_the_blues,stage56_evaluation_mixed_start,robust-mpc,mean_psnr_y_db,higher,q-learning_minus_robust-mpc,10,-1.3372888450000011,0.628048958789944,0.4492479464017746,-1.7865367914017758,-0.8880408985982264,True
per_content_trace,sita_sings_the_blues,stage56_evaluation_mixed_start,robust-mpc,switch_count,lower,q-learning_minus_robust-mpc,10,17.9,2.8460498941515415,2.0358,15.864199999999999,19.9358,True
per_content_trace,sita_sings_the_blues,stage56_evaluation_mixed_start,robust-mpc,high_representation_fraction_percent,descriptive,q-learning_minus_robust-mpc,10,-45.16666666666667,9.007884063898802,6.44340438829592,-51.61007105496259,-38.723262278370754,True
per_content_trace,sita_sings_the_blues,stage56_evaluation_high_start,robust-mpc,startup_delay_s,lower,q-learning_minus_robust-mpc,10,-0.18818680711039504,0.0,0.0,-0.18818680711039504,-0.18818680711039504,True
per_content_trace,sita_sings_the_blues,stage56_evaluation_high_start,robust-mpc,rebuffering_s,lower,q-learning_minus_robust-mpc,10,0.0,0.0,0.0,0.0,0.0,False
per_content_trace,sita_sings_the_blues,stage56_evaluation_high_start,robust-mpc,rebuffering_rate_percent,lower,q-learning_minus_robust-mpc,10,0.0,0.0,0.0,0.0,0.0,False
per_content_trace,sita_sings_the_blues,stage56_evaluation_high_start,robust-mpc,average_bitrate_kbps,higher,q-learning_minus_robust-mpc,10,-1137.4533333333334,365.2777546937044,261.2858103905918,-1398.7391437239253,-876.1675229427416,True
per_content_trace,sita_sings_the_blues,stage56_evaluation_high_start,robust-mpc,average_payload_bitrate_kbps,higher,q-learning_minus_robust-mpc,10,-643.1964133333331,389.9403411619058,278.9271362279001,-922.1235495612332,-364.269277105433,True
per_content_trace,sita_sings_the_blues,stage56_evaluation_high_start,robust-mpc,buffer_mean_s,descriptive,q-learning_minus_robust-mpc,10,0.7907241384964987,1.2335861324442436,0.8823930506596634,-0.09166891216316475,1.6731171891561623,False
per_content_trace,sita_sings_the_blues,stage56_evaluation_high_start,robust-mpc,buffer_std_s,lower,q-learning_minus_robust-mpc,10,1.3718583740966042,0.7578208335347165,0.5420747036375846,0.8297836704590196,1.9139330777341887,True
per_content_trace,sita_sings_the_blues,stage56_evaluation_high_start,robust-mpc,mean_objective_reward,higher,q-learning_minus_robust-mpc,10,-0.2591774304202016,0.09658268866711239,0.06908629324895382,-0.3282637236691554,-0.19009113717124776,True
per_content_trace,sita_sings_the_blues,stage56_evaluation_high_start,robust-mpc,mean_quality_utility,higher,q-learning_minus_robust-mpc,10,-0.20162484054580082,0.0708490712412941,0.05067885124903104,-0.25230369179483186,-0.15094598929676978,True
per_content_trace,sita_sings_the_blues,stage56_evaluation_high_start,robust-mpc,mean_psnr_y_db,higher,q-learning_minus_robust-mpc,10,-0.971907588333331,0.460091326136925,0.3291066413397455,-1.3010142296730764,-0.6428009469935856,True
per_content_trace,sita_sings_the_blues,stage56_evaluation_high_start,robust-mpc,switch_count,lower,q-learning_minus_robust-mpc,10,13.7,4.001388647846034,2.862222136732228,10.837777863267771,16.562222136732228,True
per_content_trace,sita_sings_the_blues,stage56_evaluation_high_start,robust-mpc,high_representation_fraction_percent,descriptive,q-learning_minus_robust-mpc,10,-33.166666666666664,9.410068156822744,6.7310895683966185,-39.897756235063284,-26.435577098270045,True
per_content_per_seed,sita_sings_the_blues,all_evaluation_traces,robust-mpc,startup_delay_s,lower,q-learning_minus_robust-mpc,10,-0.5185674801418446,0.0,0.0,-0.5185674801418446,-0.5185674801418446,True
per_content_per_seed,sita_sings_the_blues,all_evaluation_traces,robust-mpc,rebuffering_s,lower,q-learning_minus_robust-mpc,10,0.7733210047000211,1.2892174419172175,0.9221865272455135,-0.14886552254549246,1.6955075319455346,False
per_content_per_seed,sita_sings_the_blues,all_evaluation_traces,robust-mpc,rebuffering_rate_percent,lower,q-learning_minus_robust-mpc,10,1.288868341166702,2.1486957365286963,1.5369775454091894,-0.2481092042424875,2.825845886575891,False
per_content_per_seed,sita_sings_the_blues,all_evaluation_traces,robust-mpc,average_bitrate_kbps,higher,q-learning_minus_robust-mpc,10,-1138.167777777778,205.14818923391303,146.74397820664572,-1284.9117559844237,-991.4237995711322,True
per_content_per_seed,sita_sings_the_blues,all_evaluation_traces,robust-mpc,average_payload_bitrate_kbps,higher,q-learning_minus_robust-mpc,10,-539.1256088888888,202.82391167728954,145.08140571995193,-684.2070146088407,-394.04420316893686,True
per_content_per_seed,sita_sings_the_blues,all_evaluation_traces,robust-mpc,buffer_mean_s,descriptive,q-learning_minus_robust-mpc,10,-0.1348748567560505,0.6638257085718158,0.47483931335412655,-0.609714170110177,0.33996445659807606,False
per_content_per_seed,sita_sings_the_blues,all_evaluation_traces,robust-mpc,buffer_std_s,lower,q-learning_minus_robust-mpc,10,0.8377729798542435,0.3933424908791904,0.28136071843904853,0.556412261415195,1.119133698293292,True
per_content_per_seed,sita_sings_the_blues,all_evaluation_traces,robust-mpc,mean_objective_reward,higher,q-learning_minus_robust-mpc,10,-0.43760813389099207,0.25801656064901807,0.18456110528795328,-0.6221692391789453,-0.2530470286030388,True
per_content_per_seed,sita_sings_the_blues,all_evaluation_traces,robust-mpc,mean_quality_utility,higher,q-learning_minus_robust-mpc,10,-0.20378534640259355,0.04649086336916255,0.0332552496150658,-0.23704059601765934,-0.17053009678752776,True
per_content_per_seed,sita_sings_the_blues,all_evaluation_traces,robust-mpc,mean_psnr_y_db,higher,q-learning_minus_robust-mpc,10,-0.9601001622222227,0.29559082911975254,0.21143825031268074,-1.1715384125349035,-0.748661911909542,True
per_content_per_seed,sita_sings_the_blues,all_evaluation_traces,robust-mpc,switch_count,lower,q-learning_minus_robust-mpc,10,11.5,2.3895347964007296,1.709251460597754,9.790748539402246,13.209251460597754,True
per_content_per_seed,sita_sings_the_blues,all_evaluation_traces,robust-mpc,high_representation_fraction_percent,descriptive,q-learning_minus_robust-mpc,10,-32.22222222222222,4.452153807470855,3.1846577039547,-35.40687992617692,-29.037564518267523,True
per_content_trace,tears_of_steel,stage56_evaluation_low_start,robust-mpc,startup_delay_s,lower,q-learning_minus_robust-mpc,10,-1.0422591761036228,0.0,0.0,-1.0422591761036228,-1.0422591761036228,True
per_content_trace,tears_of_steel,stage56_evaluation_low_start,robust-mpc,rebuffering_s,lower,q-learning_minus_robust-mpc,10,9.549027473303607,5.913190987444054,4.229748128090133,5.319279345213474,13.77877560139374,True
per_content_trace,tears_of_steel,stage56_evaluation_low_start,robust-mpc,rebuffering_rate_percent,lower,q-learning_minus_robust-mpc,10,15.915045788839342,9.855318312406757,7.049580213483556,8.865465575355785,22.9646260023229,True
per_content_trace,tears_of_steel,stage56_evaluation_low_start,robust-mpc,average_bitrate_kbps,higher,q-learning_minus_robust-mpc,10,268.82666666666665,202.20706997567657,144.6401744053765,124.18649226129014,413.46684107204317,True
per_content_trace,tears_of_steel,stage56_evaluation_low_start,robust-mpc,average_payload_bitrate_kbps,higher,q-learning_minus_robust-mpc,10,254.83598666666677,198.78114878270938,142.18958828635775,112.64639838030902,397.0255749530245,True
per_content_trace,tears_of_steel,stage56_evaluation_low_start,robust-mpc,buffer_mean_s,descriptive,q-learning_minus_robust-mpc,10,-2.859986854697776,1.708206934014146,1.2218927304866254,-4.081879585184401,-1.6380941242111504,True
per_content_trace,tears_of_steel,stage56_evaluation_low_start,robust-mpc,buffer_std_s,lower,q-learning_minus_robust-mpc,10,-0.12397752970660363,0.28509888666360556,0.20393328826120147,-0.3279108179678051,0.07995575855459784,False
per_content_trace,tears_of_steel,stage56_evaluation_low_start,robust-mpc,mean_objective_reward,higher,q-learning_minus_robust-mpc,10,-2.1766561344110875,1.2954120741804416,0.9266175923464404,-3.1032737267575277,-1.2500385420646472,True
per_content_trace,tears_of_steel,stage56_evaluation_low_start,robust-mpc,mean_quality_utility,higher,q-learning_minus_robust-mpc,10,0.14360193678962743,0.10051653400929995,0.07190020117238217,0.07170173561724526,0.21550213796200962,True
per_content_trace,tears_of_steel,stage56_evaluation_low_start,robust-mpc,mean_psnr_y_db,higher,q-learning_minus_robust-mpc,10,0.48032884166666745,0.34037935821259624,0.24347580795163204,0.2368530337150354,0.7238046496182995,True
per_content_trace,tears_of_steel,stage56_evaluation_low_start,robust-mpc,switch_count,lower,q-learning_minus_robust-mpc,10,14.1,8.659612513784257,6.194283238599927,7.905716761400073,20.294283238599927,True
per_content_trace,tears_of_steel,stage56_evaluation_low_start,robust-mpc,high_representation_fraction_percent,descriptive,q-learning_minus_robust-mpc,10,0.8333333333333334,2.63523138347365,1.885,-1.0516666666666667,2.7183333333333333,False
per_content_trace,tears_of_steel,stage56_evaluation_mixed_start,robust-mpc,startup_delay_s,lower,q-learning_minus_robust-mpc,10,-2.382944373634101,0.0,0.0,-2.382944373634101,-2.382944373634101,True
per_content_trace,tears_of_steel,stage56_evaluation_mixed_start,robust-mpc,rebuffering_s,lower,q-learning_minus_robust-mpc,10,0.06701478478667496,0.21191935683189397,0.15158744318745873,-0.08457265840078378,0.2186022279741337,False
per_content_trace,tears_of_steel,stage56_evaluation_mixed_start,robust-mpc,rebuffering_rate_percent,lower,q-learning_minus_robust-mpc,10,0.11169130797779159,0.3531989280531566,0.25264573864576456,-0.14095443066797297,0.36433704662355615,False
per_content_trace,tears_of_steel,stage56_evaluation_mixed_start,robust-mpc,average_bitrate_kbps,higher,q-learning_minus_robust-mpc,10,-787.1133333333335,238.84129458701227,170.84489928283367,-957.9582326161672,-616.2684340504998,True
per_content_trace,tears_of_steel,stage56_evaluation_mixed_start,robust-mpc,average_payload_bitrate_kbps,higher,q-learning_minus_robust-mpc,10,-671.4177866666666,220.9076119308173,158.01680683564703,-829.4345935023136,-513.4009798310196,True
per_content_trace,tears_of_steel,stage56_evaluation_mixed_start,robust-mpc,buffer_mean_s,descriptive,q-learning_minus_robust-mpc,10,0.3609756830681395,1.6252640966743435,1.1625631211908234,-0.801587438122684,1.5235388042589628,False
per_content_trace,tears_of_steel,stage56_evaluation_mixed_start,robust-mpc,buffer_std_s,lower,q-learning_minus_robust-mpc,10,0.3991987496293243,0.2495974900683662,0.17853888342764374,0.22065986620168054,0.577737633056968,True
per_content_trace,tears_of_steel,stage56_evaluation_mixed_start,robust-mpc,mean_objective_reward,higher,q-learning_minus_robust-mpc,10,-0.30353681320730114,0.10903655292578254,0.07799463210481884,-0.38153144531211997,-0.2255421811024823,True
per_content_trace,tears_of_steel,stage56_evaluation_mixed_start,robust-mpc,mean_quality_utility,higher,q-learning_minus_robust-mpc,10,-0.24653075363844015,0.08653152612815034,0.06189662424881879,-0.30842737788725894,-0.18463412938962137,True
per_content_trace,tears_of_steel,stage56_evaluation_mixed_start,robust-mpc,mean_psnr_y_db,higher,q-learning_minus_robust-mpc,10,-0.7468256683333372,0.2906484684049696,0.20790294407513688,-0.9547286124084741,-0.5389227242582003,True
per_content_trace,tears_of_steel,stage56_evaluation_mixed_start,robust-mpc,switch_count,lower,q-learning_minus_robust-mpc,10,17.4,2.4585451886114367,1.7586150914853427,15.641384908514656,19.15861509148534,True
per_content_trace,tears_of_steel,stage56_evaluation_mixed_start,robust-mpc,high_representation_fraction_percent,descriptive,q-learning_minus_robust-mpc,10,-42.833333333333336,11.467883225731432,8.203059517304775,-51.03639285063811,-34.63027381602856,True
per_content_trace,tears_of_steel,stage56_evaluation_high_start,robust-mpc,startup_delay_s,lower,q-learning_minus_robust-mpc,10,-0.9366013648873958,0.0,0.0,-0.9366013648873958,-0.9366013648873958,True
per_content_trace,tears_of_steel,stage56_evaluation_high_start,robust-mpc,rebuffering_s,lower,q-learning_minus_robust-mpc,10,0.0,0.0,0.0,0.0,0.0,False
per_content_trace,tears_of_steel,stage56_evaluation_high_start,robust-mpc,rebuffering_rate_percent,lower,q-learning_minus_robust-mpc,10,0.0,0.0,0.0,0.0,0.0,False
per_content_trace,tears_of_steel,stage56_evaluation_high_start,robust-mpc,average_bitrate_kbps,higher,q-learning_minus_robust-mpc,10,-856.8583333333333,364.181816046448,260.5018775780752,-1117.3602109114086,-596.3564557552581,True
per_content_trace,tears_of_steel,stage56_evaluation_high_start,robust-mpc,average_payload_bitrate_kbps,higher,q-learning_minus_robust-mpc,10,-708.2487333333333,340.8536201129333,243.81505090682066,-952.0637842401541,-464.4336824265127,True
per_content_trace,tears_of_steel,stage56_evaluation_high_start,robust-mpc,buffer_mean_s,descriptive,q-learning_minus_robust-mpc,10,2.1251371194951654,1.086627155131334,0.7772722350940559,1.3478648844011096,2.902409354589221,True
per_content_trace,tears_of_steel,stage56_evaluation_high_start,robust-mpc,buffer_std_s,lower,q-learning_minus_robust-mpc,10,0.5983952151168953,0.42415127412613957,0.30339846312617647,0.29499675199071884,0.9017936782430718,True
per_content_trace,tears_of_steel,stage56_evaluation_high_start,robust-mpc,mean_objective_reward,higher,q-learning_minus_robust-mpc,10,-0.26804941951666966,0.12038156383197703,0.08610980016645119,-0.35415921968312086,-0.18193961935021846,True
per_content_trace,tears_of_steel,stage56_evaluation_high_start,robust-mpc,mean_quality_utility,higher,q-learning_minus_robust-mpc,10,-0.3050390179821717,0.12444991234231648,0.08901991917538661,-0.3940589371575583,-0.2160190988067851,True
per_content_trace,tears_of_steel,stage56_evaluation_high_start,robust-mpc,mean_psnr_y_db,higher,q-learning_minus_robust-mpc,10,-0.9944030799999986,0.42073933176461986,0.30095787616603376,-1.2953609561660322,-0.6934452038339648,True
per_content_trace,tears_of_steel,stage56_evaluation_high_start,robust-mpc,switch_count,lower,q-learning_minus_robust-mpc,10,15.0,3.9157800414902435,2.8009856836478115,12.199014316352189,17.800985683647813,True
per_content_trace,tears_of_steel,stage56_evaluation_high_start,robust-mpc,high_representation_fraction_percent,descriptive,q-learning_minus_robust-mpc,10,-33.66666666666667,16.13599610716272,11.542194303222127,-45.208860969888796,-22.124472363444546,True
per_content_per_seed,tears_of_steel,all_evaluation_traces,robust-mpc,startup_delay_s,lower,q-learning_minus_robust-mpc,10,-1.4539349715417067,0.0,0.0,-1.4539349715417067,-1.4539349715417067,True
per_content_per_seed,tears_of_steel,all_evaluation_traces,robust-mpc,rebuffering_s,lower,q-learning_minus_robust-mpc,10,3.2053474193634264,1.9942582045356658,1.4265072657849664,1.77884015357846,4.631854685148393,True
per_content_per_seed,tears_of_steel,all_evaluation_traces,robust-mpc,rebuffering_rate_percent,lower,q-learning_minus_robust-mpc,10,5.3422456989390446,3.3237636742261096,2.3775121096416107,2.964733589297434,7.719757808580655,True
per_content_per_seed,tears_of_steel,all_evaluation_traces,robust-mpc,average_bitrate_kbps,higher,q-learning_minus_robust-mpc,10,-458.3816666666668,182.66697889511778,130.66300643529053,-589.0446731019573,-327.71866023137625,True
per_content_per_seed,tears_of_steel,all_evaluation_traces,robust-mpc,average_payload_bitrate_kbps,higher,q-learning_minus_robust-mpc,10,-374.9435111111111,169.47366254655287,121.22573217049217,-496.16924328160326,-253.71777894061893,True
per_content_per_seed,tears_of_steel,all_evaluation_traces,robust-mpc,buffer_mean_s,descriptive,q-learning_minus_robust-mpc,10,-0.12462468404482371,1.1771260788017799,0.8420067673968418,-0.9666314514416655,0.717382083352018,False
per_content_per_seed,tears_of_steel,all_evaluation_traces,robust-mpc,buffer_std_s,lower,q-learning_minus_robust-mpc,10,0.29120547834653865,0.1536798277246269,0.1099282883004639,0.18127719004607473,0.40113376664700257,True
per_content_per_seed,tears_of_steel,all_evaluation_traces,robust-mpc,mean_objective_reward,higher,q-learning_minus_robust-mpc,10,-0.9160807890450193,0.45874811143232336,0.32814583018135807,-1.2442266192263773,-0.5879349588636613,True
per_content_per_seed,tears_of_steel,all_evaluation_traces,robust-mpc,mean_quality_utility,higher,q-learning_minus_robust-mpc,10,-0.13598927827699483,0.07190170913779592,0.051431810722476,-0.18742108899947083,-0.08455746755451884,True
per_content_per_seed,tears_of_steel,all_evaluation_traces,robust-mpc,mean_psnr_y_db,higher,q-learning_minus_robust-mpc,10,-0.42029996888888943,0.23803214730743646,0.17026611040244707,-0.5905660792913365,-0.25003385848644233,True
per_content_per_seed,tears_of_steel,all_evaluation_traces,robust-mpc,switch_count,lower,q-learning_minus_robust-mpc,10,15.5,3.236558147473224,2.315133367888578,13.184866632111422,17.815133367888578,True
per_content_per_seed,tears_of_steel,all_evaluation_traces,robust-mpc,high_representation_fraction_percent,descriptive,q-learning_minus_robust-mpc,10,-25.22222222222222,7.235031376044313,5.175270084202798,-30.39749230642502,-20.046952138019424,True
overall_content_balanced_per_seed,all_contents,all_evaluation_traces,robust-mpc,startup_delay_s,lower,q-learning_minus_robust-mpc,10,-1.1763542610609774,0.0,0.0,-1.1763542610609774,-1.1763542610609774,True
overall_content_balanced_per_seed,all_contents,all_evaluation_traces,robust-mpc,rebuffering_s,lower,q-learning_minus_robust-mpc,10,2.2568089512249623,0.7101083062063148,0.5079455889882726,1.7488633622366896,2.764754540213235,True
overall_content_balanced_per_seed,all_contents,all_evaluation_traces,robust-mpc,rebuffering_rate_percent,lower,q-learning_minus_robust-mpc,10,3.7613482520416035,1.1835138436771915,0.846575981647121,2.9147722703944825,4.607924233688724,True
overall_content_balanced_per_seed,all_contents,all_evaluation_traces,robust-mpc,average_bitrate_kbps,higher,q-learning_minus_robust-mpc,10,-575.4001388888889,105.95157644470811,75.78792619531347,-651.1880650842024,-499.61221269357543,True
overall_content_balanced_per_seed,all_contents,all_evaluation_traces,robust-mpc,average_payload_bitrate_kbps,higher,q-learning_minus_robust-mpc,10,-347.00417333333326,101.1800934923496,72.37485005270167,-419.37902338603493,-274.6293232806316,True
overall_content_balanced_per_seed,all_contents,all_evaluation_traces,robust-mpc,buffer_mean_s,descriptive,q-learning_minus_robust-mpc,10,-0.5946962334909859,0.4225118911405506,0.302225800661994,-0.8969220341529799,-0.2924704328289919,True
overall_content_balanced_per_seed,all_contents,all_evaluation_traces,robust-mpc,buffer_std_s,lower,q-learning_minus_robust-mpc,10,0.3727567756583303,0.20766235852328957,0.1485423816182762,0.2242143940400541,0.5212991572766066,True
overall_content_balanced_per_seed,all_contents,all_evaluation_traces,robust-mpc,mean_objective_reward,higher,q-learning_minus_robust-mpc,10,-0.6753627866836374,0.1375904280753517,0.09841942477937682,-0.7737822114630142,-0.5769433619042605,True
overall_content_balanced_per_seed,all_contents,all_evaluation_traces,robust-mpc,mean_quality_utility,higher,q-learning_minus_robust-mpc,10,-0.11759429759128566,0.03057088924358919,0.02186757739208666,-0.1394618749833723,-0.095726720199199,True
overall_content_balanced_per_seed,all_contents,all_evaluation_traces,robust-mpc,mean_psnr_y_db,higher,q-learning_minus_robust-mpc,10,-0.46191553652777884,0.15109074610673093,0.10807629956037053,-0.5699918360881494,-0.3538392369674083,True
overall_content_balanced_per_seed,all_contents,all_evaluation_traces,robust-mpc,switch_count,lower,q-learning_minus_robust-mpc,10,14.266666666666666,1.5559523303498048,1.112983915227689,13.153682751438977,15.379650581894355,True
overall_content_balanced_per_seed,all_contents,all_evaluation_traces,robust-mpc,high_representation_fraction_percent,descriptive,q-learning_minus_robust-mpc,10,-22.52777777777778,3.328700484210054,2.381043445401383,-24.90882122317916,-20.146734332376397,True
