content,training_seed,policy_seed,trace,controller,startup_delay_s,rebuffering_s,rebuffering_rate_percent,average_bitrate_kbps,average_payload_bitrate_kbps,buffer_mean_s,buffer_std_s,mean_objective_reward,mean_quality_utility,mean_psnr_y_db,switch_count,high_representation_fraction_percent
big_buck_bunny,11,,stage56_evaluation_low_start,static,2.851962818260521,0.46648500306173313,0.7774750051028885,1019.0,1019.4377333333334,3.9866451934553506,1.4469711812476902,-1.1048525589652887,0.0,42.874797916666665,0.0,0.0
big_buck_bunny,11,,stage56_evaluation_low_start,throughput,2.851962818260521,1.8201852033039334,3.0336420055065556,1075.0833333333333,1082.858,3.531757934319798,1.4151038245221423,-1.4236198991027185,0.03324841236041196,43.088415866666665,6.0,0.0
big_buck_bunny,11,,stage56_evaluation_low_start,bola-basic,2.851962818260521,3.349454734434379,5.582424557390632,1142.3833333333334,1151.8010666666667,2.613351809206129,1.2233145896353266,-1.8703144636826465,0.07314650719290632,43.32740315,7.0,0.0
big_buck_bunny,11,,stage56_evaluation_low_start,robust-mpc,3.9757797153661274,0.46648500306173313,0.7774750051028885,1090.3833333333334,1090.9121333333335,3.9524115844927965,1.3956638712101228,-1.0919884329357572,0.03893228358347067,43.1226041,4.0,0.0
big_buck_bunny,11,11000033,stage56_evaluation_low_start,q-learning,2.851962818260521,23.307959536490213,38.846599227483686,1572.75,1575.6209333333331,1.6988724326747657,0.8564983178642186,-5.2645242252320745,0.28764597625542343,44.467282149999996,34.0,0.0
big_buck_bunny,11,,stage56_evaluation_mixed_start,static,1.7073510311174505,0.0,0.0,2711.633333333333,2733.8700000000003,12.584085850498559,5.095644014638611,0.5024485047139094,0.6523165695005567,46.45673158333333,3.0,63.333333333333336
big_buck_bunny,11,,stage56_evaluation_mixed_start,throughput,2.447545217574185,0.0,0.0,2497.8166666666666,2472.7336,11.573495225117217,5.915349862028561,0.3304304116036324,0.6360993007598855,46.43826756666667,11.0,33.333333333333336
big_buck_bunny,11,,stage56_evaluation_mixed_start,bola-basic,1.7073510311174505,0.0,0.0,2593.5833333333335,2620.8543999999997,10.617630848545518,5.513778359345202,0.3319238368924196,0.6626788428355532,46.56477825,5.0,45.0
big_buck_bunny,11,,stage56_evaluation_mixed_start,robust-mpc,4.336809508578389,0.0,0.0,2788.0,2792.454533333333,12.022121581608285,5.577225218487591,0.4529093055708028,0.7114979265298628,46.76701693333334,6.0,58.333333333333336
big_buck_bunny,11,11000034,stage56_evaluation_mixed_start,q-learning,1.7073510311174505,0.0,0.0,2490.9,2476.7906666666668,10.66740645160466,6.040192448417081,0.1888410514336788,0.6041824588383448,46.17768373333333,21.0,43.333333333333336
big_buck_bunny,11,,stage56_evaluation_high_start,static,0.6473731938179587,0.0,0.0,3016.483333333333,3029.1236,8.851602183401448,3.199314058865678,0.5500075589902839,0.7689832361672234,47.16944988333333,3.0,75.0
big_buck_bunny,11,,stage56_evaluation_high_start,throughput,1.6989554713602282,0.0,0.0,2671.8166666666666,2687.2466666666664,11.304991324962879,5.648785465682222,0.3673888020278352,0.6897474406993136,47.06756665,13.0,46.666666666666664
big_buck_bunny,11,,stage56_evaluation_high_start,bola-basic,0.6473731938179587,0.0,0.0,2792.0666666666666,2787.207066666667,10.310022933792855,4.006918523711357,0.5754790434953275,0.7478519902085125,47.10346071666667,7.0,41.666666666666664
big_buck_bunny,11,,stage56_evaluation_high_start,robust-mpc,1.6989554713602282,0.0,0.0,2883.75,2853.24,11.3518395528846,4.721182259732989,0.5427791663643332,0.7753973435332037,47.30823778333333,9.0,53.333333333333336
big_buck_bunny,11,11000035,stage56_evaluation_high_start,q-learning,0.6473731938179587,0.0,0.0,2831.75,2810.1068,9.754195813638148,3.523107100210965,0.5289252560641686,0.7411831199237681,47.18724378333333,19.0,53.333333333333336
big_buck_bunny,23,,stage56_evaluation_low_start,static,2.851962818260521,0.46648500306173313,0.7774750051028885,1019.0,1019.4377333333334,3.9866451934553506,1.4469711812476902,-1.1048525589652887,0.0,42.874797916666665,0.0,0.0
big_buck_bunny,23,,stage56_evaluation_low_start,throughput,2.851962818260521,1.8201852033039334,3.0336420055065556,1075.0833333333333,1082.858,3.531757934319798,1.4151038245221423,-1.4236198991027185,0.03324841236041196,43.088415866666665,6.0,0.0
big_buck_bunny,23,,stage56_evaluation_low_start,bola-basic,2.851962818260521,3.349454734434379,5.582424557390632,1142.3833333333334,1151.8010666666667,2.613351809206129,1.2233145896353266,-1.8703144636826465,0.07314650719290632,43.32740315,7.0,0.0
big_buck_bunny,23,,stage56_evaluation_low_start,robust-mpc,3.9757797153661274,0.46648500306173313,0.7774750051028885,1090.3833333333334,1090.9121333333335,3.9524115844927965,1.3956638712101228,-1.0919884329357572,0.03893228358347067,43.1226041,4.0,0.0
big_buck_bunny,23,23000069,stage56_evaluation_low_start,q-learning,2.851962818260521,14.728427690798073,24.547379484663455,1480.95,1464.7438666666667,1.4717297754713339,0.7326378962941197,-3.9001719352446154,0.2535427489170712,44.244267783333335,21.0,0.0
big_buck_bunny,23,,stage56_evaluation_mixed_start,static,1.7073510311174505,0.0,0.0,2711.633333333333,2733.8700000000003,12.584085850498559,5.095644014638611,0.5024485047139094,0.6523165695005567,46.45673158333333,3.0,63.333333333333336
big_buck_bunny,23,,stage56_evaluation_mixed_start,throughput,2.447545217574185,0.0,0.0,2497.8166666666666,2472.7336,11.573495225117217,5.915349862028561,0.3304304116036324,0.6360993007598855,46.43826756666667,11.0,33.333333333333336
big_buck_bunny,23,,stage56_evaluation_mixed_start,bola-basic,1.7073510311174505,0.0,0.0,2593.5833333333335,2620.8543999999997,10.617630848545518,5.513778359345202,0.3319238368924196,0.6626788428355532,46.56477825,5.0,45.0
big_buck_bunny,23,,stage56_evaluation_mixed_start,robust-mpc,4.336809508578389,0.0,0.0,2788.0,2792.454533333333,12.022121581608285,5.577225218487591,0.4529093055708028,0.7114979265298628,46.76701693333334,6.0,58.333333333333336
big_buck_bunny,23,23000070,stage56_evaluation_mixed_start,q-learning,1.7073510311174505,0.0,0.0,2378.6,2362.238,9.986118246133698,5.92279922787263,0.09418060769281832,0.5684476350315333,46.08666148333334,26.0,38.333333333333336
big_buck_bunny,23,,stage56_evaluation_high_start,static,0.6473731938179587,0.0,0.0,3016.483333333333,3029.1236,8.851602183401448,3.199314058865678,0.5500075589902839,0.7689832361672234,47.16944988333333,3.0,75.0
big_buck_bunny,23,,stage56_evaluation_high_start,throughput,1.6989554713602282,0.0,0.0,2671.8166666666666,2687.2466666666664,11.304991324962879,5.648785465682222,0.3673888020278352,0.6897474406993136,47.06756665,13.0,46.666666666666664
big_buck_bunny,23,,stage56_evaluation_high_start,bola-basic,0.6473731938179587,0.0,0.0,2792.0666666666666,2787.207066666667,10.310022933792855,4.006918523711357,0.5754790434953275,0.7478519902085125,47.10346071666667,7.0,41.666666666666664
big_buck_bunny,23,,stage56_evaluation_high_start,robust-mpc,1.6989554713602282,0.0,0.0,2883.75,2853.24,11.3518395528846,4.721182259732989,0.5427791663643332,0.7753973435332037,47.30823778333333,9.0,53.333333333333336
big_buck_bunny,23,23000071,stage56_evaluation_high_start,q-learning,0.6473731938179587,0.0,0.0,2466.3166666666666,2453.6820000000002,13.653844747660038,5.104182062531482,0.4070237582510305,0.6035166736189091,46.290332066666664,26.0,38.333333333333336
big_buck_bunny,37,,stage56_evaluation_low_start,static,2.851962818260521,0.46648500306173313,0.7774750051028885,1019.0,1019.4377333333334,3.9866451934553506,1.4469711812476902,-1.1048525589652887,0.0,42.874797916666665,0.0,0.0
big_buck_bunny,37,,stage56_evaluation_low_start,throughput,2.851962818260521,1.8201852033039334,3.0336420055065556,1075.0833333333333,1082.858,3.531757934319798,1.4151038245221423,-1.4236198991027185,0.03324841236041196,43.088415866666665,6.0,0.0
big_buck_bunny,37,,stage56_evaluation_low_start,bola-basic,2.851962818260521,3.349454734434379,5.582424557390632,1142.3833333333334,1151.8010666666667,2.613351809206129,1.2233145896353266,-1.8703144636826465,0.07314650719290632,43.32740315,7.0,0.0
big_buck_bunny,37,,stage56_evaluation_low_start,robust-mpc,3.9757797153661274,0.46648500306173313,0.7774750051028885,1090.3833333333334,1090.9121333333335,3.9524115844927965,1.3956638712101228,-1.0919884329357572,0.03893228358347067,43.1226041,4.0,0.0
big_buck_bunny,37,37000111,stage56_evaluation_low_start,q-learning,2.851962818260521,12.874094013899018,21.456823356498365,1518.4,1511.2314666666668,1.4997550317939456,0.782613934548328,-3.5740685697192225,0.2530468056434783,44.22629355,17.0,1.6666666666666667
big_buck_bunny,37,,stage56_evaluation_mixed_start,static,1.7073510311174505,0.0,0.0,2711.633333333333,2733.8700000000003,12.584085850498559,5.095644014638611,0.5024485047139094,0.6523165695005567,46.45673158333333,3.0,63.333333333333336
big_buck_bunny,37,,stage56_evaluation_mixed_start,throughput,2.447545217574185,0.0,0.0,2497.8166666666666,2472.7336,11.573495225117217,5.915349862028561,0.3304304116036324,0.6360993007598855,46.43826756666667,11.0,33.333333333333336
big_buck_bunny,37,,stage56_evaluation_mixed_start,bola-basic,1.7073510311174505,0.0,0.0,2593.5833333333335,2620.8543999999997,10.617630848545518,5.513778359345202,0.3319238368924196,0.6626788428355532,46.56477825,5.0,45.0
big_buck_bunny,37,,stage56_evaluation_mixed_start,robust-mpc,4.336809508578389,0.0,0.0,2788.0,2792.454533333333,12.022121581608285,5.577225218487591,0.4529093055708028,0.7114979265298628,46.76701693333334,6.0,58.333333333333336
big_buck_bunny,37,37000112,stage56_evaluation_mixed_start,q-learning,1.7073510311174505,6.112098447649158,10.186830746081931,2820.116666666667,2822.1562666666664,7.243276840634517,4.691615825061237,-0.9551572919281356,0.7458162589248817,47.007818449999995,18.0,50.0
big_buck_bunny,37,,stage56_evaluation_high_start,static,0.6473731938179587,0.0,0.0,3016.483333333333,3029.1236,8.851602183401448,3.199314058865678,0.5500075589902839,0.7689832361672234,47.16944988333333,3.0,75.0
big_buck_bunny,37,,stage56_evaluation_high_start,throughput,1.6989554713602282,0.0,0.0,2671.8166666666666,2687.2466666666664,11.304991324962879,5.648785465682222,0.3673888020278352,0.6897474406993136,47.06756665,13.0,46.666666666666664
big_buck_bunny,37,,stage56_evaluation_high_start,bola-basic,0.6473731938179587,0.0,0.0,2792.0666666666666,2787.207066666667,10.310022933792855,4.006918523711357,0.5754790434953275,0.7478519902085125,47.10346071666667,7.0,41.666666666666664
big_buck_bunny,37,,stage56_evaluation_high_start,robust-mpc,1.6989554713602282,0.0,0.0,2883.75,2853.24,11.3518395528846,4.721182259732989,0.5427791663643332,0.7753973435332037,47.30823778333333,9.0,53.333333333333336
big_buck_bunny,37,37000113,stage56_evaluation_high_start,q-learning,0.6473731938179587,0.0,0.0,2664.6833333333334,2680.02,12.100208041526153,4.673677461731535,0.48762017922105544,0.6821319469782074,46.72758923333333,24.0,46.666666666666664
big_buck_bunny,53,,stage56_evaluation_low_start,static,2.851962818260521,0.46648500306173313,0.7774750051028885,1019.0,1019.4377333333334,3.9866451934553506,1.4469711812476902,-1.1048525589652887,0.0,42.874797916666665,0.0,0.0
big_buck_bunny,53,,stage56_evaluation_low_start,throughput,2.851962818260521,1.8201852033039334,3.0336420055065556,1075.0833333333333,1082.858,3.531757934319798,1.4151038245221423,-1.4236198991027185,0.03324841236041196,43.088415866666665,6.0,0.0
big_buck_bunny,53,,stage56_evaluation_low_start,bola-basic,2.851962818260521,3.349454734434379,5.582424557390632,1142.3833333333334,1151.8010666666667,2.613351809206129,1.2233145896353266,-1.8703144636826465,0.07314650719290632,43.32740315,7.0,0.0
big_buck_bunny,53,,stage56_evaluation_low_start,robust-mpc,3.9757797153661274,0.46648500306173313,0.7774750051028885,1090.3833333333334,1090.9121333333335,3.9524115844927965,1.3956638712101228,-1.0919884329357572,0.03893228358347067,43.1226041,4.0,0.0
big_buck_bunny,53,53000159,stage56_evaluation_low_start,q-learning,2.851962818260521,21.498505301604194,35.83084216934033,1640.05,1630.034,1.3945566293578977,0.7850100600728906,-4.997937134303773,0.3275440710879178,44.7106212,33.0,0.0
big_buck_bunny,53,,stage56_evaluation_mixed_start,static,1.7073510311174505,0.0,0.0,2711.633333333333,2733.8700000000003,12.584085850498559,5.095644014638611,0.5024485047139094,0.6523165695005567,46.45673158333333,3.0,63.333333333333336
big_buck_bunny,53,,stage56_evaluation_mixed_start,throughput,2.447545217574185,0.0,0.0,2497.8166666666666,2472.7336,11.573495225117217,5.915349862028561,0.3304304116036324,0.6360993007598855,46.43826756666667,11.0,33.333333333333336
big_buck_bunny,53,,stage56_evaluation_mixed_start,bola-basic,1.7073510311174505,0.0,0.0,2593.5833333333335,2620.8543999999997,10.617630848545518,5.513778359345202,0.3319238368924196,0.6626788428355532,46.56477825,5.0,45.0
big_buck_bunny,53,,stage56_evaluation_mixed_start,robust-mpc,4.336809508578389,0.0,0.0,2788.0,2792.454533333333,12.022121581608285,5.577225218487591,0.4529093055708028,0.7114979265298628,46.76701693333334,6.0,58.333333333333336
big_buck_bunny,53,53000160,stage56_evaluation_mixed_start,q-learning,1.7073510311174505,0.0,0.0,2409.2,2394.6257333333333,9.95360104585129,5.825945494372371,0.1249676755840692,0.5798153774776507,46.29832658333333,23.0,38.333333333333336
big_buck_bunny,53,,stage56_evaluation_high_start,static,0.6473731938179587,0.0,0.0,3016.483333333333,3029.1236,8.851602183401448,3.199314058865678,0.5500075589902839,0.7689832361672234,47.16944988333333,3.0,75.0
big_buck_bunny,53,,stage56_evaluation_high_start,throughput,1.6989554713602282,0.0,0.0,2671.8166666666666,2687.2466666666664,11.304991324962879,5.648785465682222,0.3673888020278352,0.6897474406993136,47.06756665,13.0,46.666666666666664
big_buck_bunny,53,,stage56_evaluation_high_start,bola-basic,0.6473731938179587,0.0,0.0,2792.0666666666666,2787.207066666667,10.310022933792855,4.006918523711357,0.5754790434953275,0.7478519902085125,47.10346071666667,7.0,41.666666666666664
big_buck_bunny,53,,stage56_evaluation_high_start,robust-mpc,1.6989554713602282,0.0,0.0,2883.75,2853.24,11.3518395528846,4.721182259732989,0.5427791663643332,0.7753973435332037,47.30823778333333,9.0,53.333333333333336
big_buck_bunny,53,53000161,stage56_evaluation_high_start,q-learning,0.6473731938179587,0.0,0.0,2889.983333333333,2890.4519999999998,9.732399465992737,3.4469269468216943,0.566615707364262,0.7617979525594508,47.231507566666664,15.0,58.333333333333336
big_buck_bunny,71,,stage56_evaluation_low_start,static,2.851962818260521,0.46648500306173313,0.7774750051028885,1019.0,1019.4377333333334,3.9866451934553506,1.4469711812476902,-1.1048525589652887,0.0,42.874797916666665,0.0,0.0
big_buck_bunny,71,,stage56_evaluation_low_start,throughput,2.851962818260521,1.8201852033039334,3.0336420055065556,1075.0833333333333,1082.858,3.531757934319798,1.4151038245221423,-1.4236198991027185,0.03324841236041196,43.088415866666665,6.0,0.0
big_buck_bunny,71,,stage56_evaluation_low_start,bola-basic,2.851962818260521,3.349454734434379,5.582424557390632,1142.3833333333334,1151.8010666666667,2.613351809206129,1.2233145896353266,-1.8703144636826465,0.07314650719290632,43.32740315,7.0,0.0
big_buck_bunny,71,,stage56_evaluation_low_start,robust-mpc,3.9757797153661274,0.46648500306173313,0.7774750051028885,1090.3833333333334,1090.9121333333335,3.9524115844927965,1.3956638712101228,-1.0919884329357572,0.03893228358347067,43.1226041,4.0,0.0
big_buck_bunny,71,71000213,stage56_evaluation_low_start,q-learning,2.851962818260521,9.592435636144716,15.98739272690786,1425.9,1410.1814666666667,1.6728207687921721,0.8317060353134105,-3.0227912929316116,0.21074722033750576,43.95305243333333,15.0,0.0
big_buck_bunny,71,,stage56_evaluation_mixed_start,static,1.7073510311174505,0.0,0.0,2711.633333333333,2733.8700000000003,12.584085850498559,5.095644014638611,0.5024485047139094,0.6523165695005567,46.45673158333333,3.0,63.333333333333336
big_buck_bunny,71,,stage56_evaluation_mixed_start,throughput,2.447545217574185,0.0,0.0,2497.8166666666666,2472.7336,11.573495225117217,5.915349862028561,0.3304304116036324,0.6360993007598855,46.43826756666667,11.0,33.333333333333336
big_buck_bunny,71,,stage56_evaluation_mixed_start,bola-basic,1.7073510311174505,0.0,0.0,2593.5833333333335,2620.8543999999997,10.617630848545518,5.513778359345202,0.3319238368924196,0.6626788428355532,46.56477825,5.0,45.0
big_buck_bunny,71,,stage56_evaluation_mixed_start,robust-mpc,4.336809508578389,0.0,0.0,2788.0,2792.454533333333,12.022121581608285,5.577225218487591,0.4529093055708028,0.7114979265298628,46.76701693333334,6.0,58.333333333333336
big_buck_bunny,71,71000214,stage56_evaluation_mixed_start,q-learning,1.7073510311174505,0.0,0.0,2463.55,2444.2454666666667,10.816676545383508,5.813301259890741,0.23471583965242077,0.6144145480895957,46.28248563333333,31.0,36.666666666666664
big_buck_bunny,71,,stage56_evaluation_high_start,static,0.6473731938179587,0.0,0.0,3016.483333333333,3029.1236,8.851602183401448,3.199314058865678,0.5500075589902839,0.7689832361672234,47.16944988333333,3.0,75.0
big_buck_bunny,71,,stage56_evaluation_high_start,throughput,1.6989554713602282,0.0,0.0,2671.8166666666666,2687.2466666666664,11.304991324962879,5.648785465682222,0.3673888020278352,0.6897474406993136,47.06756665,13.0,46.666666666666664
big_buck_bunny,71,,stage56_evaluation_high_start,bola-basic,0.6473731938179587,0.0,0.0,2792.0666666666666,2787.207066666667,10.310022933792855,4.006918523711357,0.5754790434953275,0.7478519902085125,47.10346071666667,7.0,41.666666666666664
big_buck_bunny,71,,stage56_evaluation_high_start,robust-mpc,1.6989554713602282,0.0,0.0,2883.75,2853.24,11.3518395528846,4.721182259732989,0.5427791663643332,0.7753973435332037,47.30823778333333,9.0,53.333333333333336
big_buck_bunny,71,71000215,stage56_evaluation_high_start,q-learning,0.6473731938179587,0.0,0.0,1815.7,1848.5873333333334,13.57346864876996,5.717446699323935,0.14707492115977847,0.37338080006223495,45.28986875,34.0,10.0
big_buck_bunny,89,,stage56_evaluation_low_start,static,2.851962818260521,0.46648500306173313,0.7774750051028885,1019.0,1019.4377333333334,3.9866451934553506,1.4469711812476902,-1.1048525589652887,0.0,42.874797916666665,0.0,0.0
big_buck_bunny,89,,stage56_evaluation_low_start,throughput,2.851962818260521,1.8201852033039334,3.0336420055065556,1075.0833333333333,1082.858,3.531757934319798,1.4151038245221423,-1.4236198991027185,0.03324841236041196,43.088415866666665,6.0,0.0
big_buck_bunny,89,,stage56_evaluation_low_start,bola-basic,2.851962818260521,3.349454734434379,5.582424557390632,1142.3833333333334,1151.8010666666667,2.613351809206129,1.2233145896353266,-1.8703144636826465,0.07314650719290632,43.32740315,7.0,0.0
big_buck_bunny,89,,stage56_evaluation_low_start,robust-mpc,3.9757797153661274,0.46648500306173313,0.7774750051028885,1090.3833333333334,1090.9121333333335,3.9524115844927965,1.3956638712101228,-1.0919884329357572,0.03893228358347067,43.1226041,4.0,0.0
big_buck_bunny,89,89000267,stage56_evaluation_low_start,q-learning,2.851962818260521,18.240459389586203,30.40076564931034,1599.0666666666666,1594.4861333333333,1.435479172175931,0.7380596984061966,-4.466048414327034,0.2869610032233259,44.42773905,25.0,6.666666666666667
big_buck_bunny,89,,stage56_evaluation_mixed_start,static,1.7073510311174505,0.0,0.0,2711.633333333333,2733.8700000000003,12.584085850498559,5.095644014638611,0.5024485047139094,0.6523165695005567,46.45673158333333,3.0,63.333333333333336
big_buck_bunny,89,,stage56_evaluation_mixed_start,throughput,2.447545217574185,0.0,0.0,2497.8166666666666,2472.7336,11.573495225117217,5.915349862028561,0.3304304116036324,0.6360993007598855,46.43826756666667,11.0,33.333333333333336
big_buck_bunny,89,,stage56_evaluation_mixed_start,bola-basic,1.7073510311174505,0.0,0.0,2593.5833333333335,2620.8543999999997,10.617630848545518,5.513778359345202,0.3319238368924196,0.6626788428355532,46.56477825,5.0,45.0
big_buck_bunny,89,,stage56_evaluation_mixed_start,robust-mpc,4.336809508578389,0.0,0.0,2788.0,2792.454533333333,12.022121581608285,5.577225218487591,0.4529093055708028,0.7114979265298628,46.76701693333334,6.0,58.333333333333336
big_buck_bunny,89,89000268,stage56_evaluation_mixed_start,q-learning,1.7073510311174505,0.0,0.0,2531.6833333333334,2532.709066666667,9.307566047347194,5.544031990706169,0.11563650412446908,0.631746999975698,46.401150183333336,25.0,43.333333333333336
big_buck_bunny,89,,stage56_evaluation_high_start,static,0.6473731938179587,0.0,0.0,3016.483333333333,3029.1236,8.851602183401448,3.199314058865678,0.5500075589902839,0.7689832361672234,47.16944988333333,3.0,75.0
big_buck_bunny,89,,stage56_evaluation_high_start,throughput,1.6989554713602282,0.0,0.0,2671.8166666666666,2687.2466666666664,11.304991324962879,5.648785465682222,0.3673888020278352,0.6897474406993136,47.06756665,13.0,46.666666666666664
big_buck_bunny,89,,stage56_evaluation_high_start,bola-basic,0.6473731938179587,0.0,0.0,2792.0666666666666,2787.207066666667,10.310022933792855,4.006918523711357,0.5754790434953275,0.7478519902085125,47.10346071666667,7.0,41.666666666666664
big_buck_bunny,89,,stage56_evaluation_high_start,robust-mpc,1.6989554713602282,0.0,0.0,2883.75,2853.24,11.3518395528846,4.721182259732989,0.5427791663643332,0.7753973435332037,47.30823778333333,9.0,53.333333333333336
big_buck_bunny,89,89000269,stage56_evaluation_high_start,q-learning,0.6473731938179587,0.0,0.0,2600.4333333333334,2604.806133333333,12.662954262270576,4.800435830995741,0.4567282477608224,0.6508151571158429,46.70605905,27.0,46.666666666666664
big_buck_bunny,107,,stage56_evaluation_low_start,static,2.851962818260521,0.46648500306173313,0.7774750051028885,1019.0,1019.4377333333334,3.9866451934553506,1.4469711812476902,-1.1048525589652887,0.0,42.874797916666665,0.0,0.0
big_buck_bunny,107,,stage56_evaluation_low_start,throughput,2.851962818260521,1.8201852033039334,3.0336420055065556,1075.0833333333333,1082.858,3.531757934319798,1.4151038245221423,-1.4236198991027185,0.03324841236041196,43.088415866666665,6.0,0.0
big_buck_bunny,107,,stage56_evaluation_low_start,bola-basic,2.851962818260521,3.349454734434379,5.582424557390632,1142.3833333333334,1151.8010666666667,2.613351809206129,1.2233145896353266,-1.8703144636826465,0.07314650719290632,43.32740315,7.0,0.0
big_buck_bunny,107,,stage56_evaluation_low_start,robust-mpc,3.9757797153661274,0.46648500306173313,0.7774750051028885,1090.3833333333334,1090.9121333333335,3.9524115844927965,1.3956638712101228,-1.0919884329357572,0.03893228358347067,43.1226041,4.0,0.0
big_buck_bunny,107,107000321,stage56_evaluation_low_start,q-learning,2.851962818260521,17.250864117195974,28.751440195326623,1503.3833333333334,1509.6121333333333,1.5680229160144363,0.7604283931486929,-4.302492822017145,0.26684211386123596,44.443954016666666,31.0,0.0
big_buck_bunny,107,,stage56_evaluation_mixed_start,static,1.7073510311174505,0.0,0.0,2711.633333333333,2733.8700000000003,12.584085850498559,5.095644014638611,0.5024485047139094,0.6523165695005567,46.45673158333333,3.0,63.333333333333336
big_buck_bunny,107,,stage56_evaluation_mixed_start,throughput,2.447545217574185,0.0,0.0,2497.8166666666666,2472.7336,11.573495225117217,5.915349862028561,0.3304304116036324,0.6360993007598855,46.43826756666667,11.0,33.333333333333336
big_buck_bunny,107,,stage56_evaluation_mixed_start,bola-basic,1.7073510311174505,0.0,0.0,2593.5833333333335,2620.8543999999997,10.617630848545518,5.513778359345202,0.3319238368924196,0.6626788428355532,46.56477825,5.0,45.0
big_buck_bunny,107,,stage56_evaluation_mixed_start,robust-mpc,4.336809508578389,0.0,0.0,2788.0,2792.454533333333,12.022121581608285,5.577225218487591,0.4529093055708028,0.7114979265298628,46.76701693333334,6.0,58.333333333333336
big_buck_bunny,107,107000322,stage56_evaluation_mixed_start,q-learning,1.7073510311174505,0.0,0.0,2456.2,2429.1570666666667,9.350491666226114,5.9218355985115005,0.09001000494807807,0.6311004025689243,46.48649,29.0,26.666666666666668
big_buck_bunny,107,,stage56_evaluation_high_start,static,0.6473731938179587,0.0,0.0,3016.483333333333,3029.1236,8.851602183401448,3.199314058865678,0.5500075589902839,0.7689832361672234,47.16944988333333,3.0,75.0
big_buck_bunny,107,,stage56_evaluation_high_start,throughput,1.6989554713602282,0.0,0.0,2671.8166666666666,2687.2466666666664,11.304991324962879,5.648785465682222,0.3673888020278352,0.6897474406993136,47.06756665,13.0,46.666666666666664
big_buck_bunny,107,,stage56_evaluation_high_start,bola-basic,0.6473731938179587,0.0,0.0,2792.0666666666666,2787.207066666667,10.310022933792855,4.006918523711357,0.5754790434953275,0.7478519902085125,47.10346071666667,7.0,41.666666666666664
big_buck_bunny,107,,stage56_evaluation_high_start,robust-mpc,1.6989554713602282,0.0,0.0,2883.75,2853.24,11.3518395528846,4.721182259732989,0.5427791663643332,0.7753973435332037,47.30823778333333,9.0,53.333333333333336
big_buck_bunny,107,107000323,stage56_evaluation_high_start,q-learning,0.6473731938179587,0.0,0.0,2068.55,2058.0597333333335,13.8983886716746,5.544300798633839,0.23389756464713676,0.45583324311946594,45.59143653333333,30.0,21.666666666666668
big_buck_bunny,131,,stage56_evaluation_low_start,static,2.851962818260521,0.46648500306173313,0.7774750051028885,1019.0,1019.4377333333334,3.9866451934553506,1.4469711812476902,-1.1048525589652887,0.0,42.874797916666665,0.0,0.0
big_buck_bunny,131,,stage56_evaluation_low_start,throughput,2.851962818260521,1.8201852033039334,3.0336420055065556,1075.0833333333333,1082.858,3.531757934319798,1.4151038245221423,-1.4236198991027185,0.03324841236041196,43.088415866666665,6.0,0.0
big_buck_bunny,131,,stage56_evaluation_low_start,bola-basic,2.851962818260521,3.349454734434379,5.582424557390632,1142.3833333333334,1151.8010666666667,2.613351809206129,1.2233145896353266,-1.8703144636826465,0.07314650719290632,43.32740315,7.0,0.0
big_buck_bunny,131,,stage56_evaluation_low_start,robust-mpc,3.9757797153661274,0.46648500306173313,0.7774750051028885,1090.3833333333334,1090.9121333333335,3.9524115844927965,1.3956638712101228,-1.0919884329357572,0.03893228358347067,43.1226041,4.0,0.0
big_buck_bunny,131,131000393,stage56_evaluation_low_start,q-learning,2.851962818260521,9.106942599662155,15.178237666103591,1396.3333333333333,1372.2761333333333,1.5607006430739918,0.7404859615484698,-2.996545541226186,0.1898323616722349,43.79643298333333,18.0,0.0
big_buck_bunny,131,,stage56_evaluation_mixed_start,static,1.7073510311174505,0.0,0.0,2711.633333333333,2733.8700000000003,12.584085850498559,5.095644014638611,0.5024485047139094,0.6523165695005567,46.45673158333333,3.0,63.333333333333336
big_buck_bunny,131,,stage56_evaluation_mixed_start,throughput,2.447545217574185,0.0,0.0,2497.8166666666666,2472.7336,11.573495225117217,5.915349862028561,0.3304304116036324,0.6360993007598855,46.43826756666667,11.0,33.333333333333336
big_buck_bunny,131,,stage56_evaluation_mixed_start,bola-basic,1.7073510311174505,0.0,0.0,2593.5833333333335,2620.8543999999997,10.617630848545518,5.513778359345202,0.3319238368924196,0.6626788428355532,46.56477825,5.0,45.0
big_buck_bunny,131,,stage56_evaluation_mixed_start,robust-mpc,4.336809508578389,0.0,0.0,2788.0,2792.454533333333,12.022121581608285,5.577225218487591,0.4529093055708028,0.7114979265298628,46.76701693333334,6.0,58.333333333333336
big_buck_bunny,131,131000394,stage56_evaluation_mixed_start,q-learning,1.7073510311174505,6.235620939992408,10.392701566654013,2682.133333333333,2667.4796,8.546448135470216,5.28189765146638,-0.921049395665707,0.675182238476537,46.564482,14.0,51.666666666666664
big_buck_bunny,131,,stage56_evaluation_high_start,static,0.6473731938179587,0.0,0.0,3016.483333333333,3029.1236,8.851602183401448,3.199314058865678,0.5500075589902839,0.7689832361672234,47.16944988333333,3.0,75.0
big_buck_bunny,131,,stage56_evaluation_high_start,throughput,1.6989554713602282,0.0,0.0,2671.8166666666666,2687.2466666666664,11.304991324962879,5.648785465682222,0.3673888020278352,0.6897474406993136,47.06756665,13.0,46.666666666666664
big_buck_bunny,131,,stage56_evaluation_high_start,bola-basic,0.6473731938179587,0.0,0.0,2792.0666666666666,2787.207066666667,10.310022933792855,4.006918523711357,0.5754790434953275,0.7478519902085125,47.10346071666667,7.0,41.666666666666664
big_buck_bunny,131,,stage56_evaluation_high_start,robust-mpc,1.6989554713602282,0.0,0.0,2883.75,2853.24,11.3518395528846,4.721182259732989,0.5427791663643332,0.7753973435332037,47.30823778333333,9.0,53.333333333333336
big_buck_bunny,131,131000395,stage56_evaluation_high_start,q-learning,0.6473731938179587,0.0,0.0,2211.9333333333334,2196.2714666666666,12.718570435377561,6.002606528615003,0.27119312554366265,0.5354335155404499,45.9865967,24.0,18.333333333333332
big_buck_bunny,149,,stage56_evaluation_low_start,static,2.851962818260521,0.46648500306173313,0.7774750051028885,1019.0,1019.4377333333334,3.9866451934553506,1.4469711812476902,-1.1048525589652887,0.0,42.874797916666665,0.0,0.0
big_buck_bunny,149,,stage56_evaluation_low_start,throughput,2.851962818260521,1.8201852033039334,3.0336420055065556,1075.0833333333333,1082.858,3.531757934319798,1.4151038245221423,-1.4236198991027185,0.03324841236041196,43.088415866666665,6.0,0.0
big_buck_bunny,149,,stage56_evaluation_low_start,bola-basic,2.851962818260521,3.349454734434379,5.582424557390632,1142.3833333333334,1151.8010666666667,2.613351809206129,1.2233145896353266,-1.8703144636826465,0.07314650719290632,43.32740315,7.0,0.0
big_buck_bunny,149,,stage56_evaluation_low_start,robust-mpc,3.9757797153661274,0.46648500306173313,0.7774750051028885,1090.3833333333334,1090.9121333333335,3.9524115844927965,1.3956638712101228,-1.0919884329357572,0.03893228358347067,43.1226041,4.0,0.0
big_buck_bunny,149,149000447,stage56_evaluation_low_start,q-learning,2.851962818260521,8.731167198455095,14.55194533075849,1407.55,1396.0002666666667,1.6377927152828138,0.7756679281687116,-2.9016549883305953,0.19648204414431727,43.85880481666666,15.0,0.0
big_buck_bunny,149,,stage56_evaluation_mixed_start,static,1.7073510311174505,0.0,0.0,2711.633333333333,2733.8700000000003,12.584085850498559,5.095644014638611,0.5024485047139094,0.6523165695005567,46.45673158333333,3.0,63.333333333333336
big_buck_bunny,149,,stage56_evaluation_mixed_start,throughput,2.447545217574185,0.0,0.0,2497.8166666666666,2472.7336,11.573495225117217,5.915349862028561,0.3304304116036324,0.6360993007598855,46.43826756666667,11.0,33.333333333333336
big_buck_bunny,149,,stage56_evaluation_mixed_start,bola-basic,1.7073510311174505,0.0,0.0,2593.5833333333335,2620.8543999999997,10.617630848545518,5.513778359345202,0.3319238368924196,0.6626788428355532,46.56477825,5.0,45.0
big_buck_bunny,149,,stage56_evaluation_mixed_start,robust-mpc,4.336809508578389,0.0,0.0,2788.0,2792.454533333333,12.022121581608285,5.577225218487591,0.4529093055708028,0.7114979265298628,46.76701693333334,6.0,58.333333333333336
big_buck_bunny,149,149000448,stage56_evaluation_mixed_start,q-learning,1.7073510311174505,0.0,0.0,2454.266666666667,2434.090133333333,9.201661844838403,5.702529348533015,0.08654727284416817,0.6194326340932188,46.501200850000004,26.0,31.666666666666668
big_buck_bunny,149,,stage56_evaluation_high_start,static,0.6473731938179587,0.0,0.0,3016.483333333333,3029.1236,8.851602183401448,3.199314058865678,0.5500075589902839,0.7689832361672234,47.16944988333333,3.0,75.0
big_buck_bunny,149,,stage56_evaluation_high_start,throughput,1.6989554713602282,0.0,0.0,2671.8166666666666,2687.2466666666664,11.304991324962879,5.648785465682222,0.3673888020278352,0.6897474406993136,47.06756665,13.0,46.666666666666664
big_buck_bunny,149,,stage56_evaluation_high_start,bola-basic,0.6473731938179587,0.0,0.0,2792.0666666666666,2787.207066666667,10.310022933792855,4.006918523711357,0.5754790434953275,0.7478519902085125,47.10346071666667,7.0,41.666666666666664
big_buck_bunny,149,,stage56_evaluation_high_start,robust-mpc,1.6989554713602282,0.0,0.0,2883.75,2853.24,11.3518395528846,4.721182259732989,0.5427791663643332,0.7753973435332037,47.30823778333333,9.0,53.333333333333336
big_buck_bunny,149,149000449,stage56_evaluation_high_start,q-learning,0.6473731938179587,0.0,0.0,2543.7166666666667,2550.805866666667,12.118632767214416,5.115035057149148,0.44389772969979596,0.6531509144290617,46.49029288333334,18.0,33.333333333333336
big_buck_bunny,173,,stage56_evaluation_low_start,static,2.851962818260521,0.46648500306173313,0.7774750051028885,1019.0,1019.4377333333334,3.9866451934553506,1.4469711812476902,-1.1048525589652887,0.0,42.874797916666665,0.0,0.0
big_buck_bunny,173,,stage56_evaluation_low_start,throughput,2.851962818260521,1.8201852033039334,3.0336420055065556,1075.0833333333333,1082.858,3.531757934319798,1.4151038245221423,-1.4236198991027185,0.03324841236041196,43.088415866666665,6.0,0.0
big_buck_bunny,173,,stage56_evaluation_low_start,bola-basic,2.851962818260521,3.349454734434379,5.582424557390632,1142.3833333333334,1151.8010666666667,2.613351809206129,1.2233145896353266,-1.8703144636826465,0.07314650719290632,43.32740315,7.0,0.0
big_buck_bunny,173,,stage56_evaluation_low_start,robust-mpc,3.9757797153661274,0.46648500306173313,0.7774750051028885,1090.3833333333334,1090.9121333333335,3.9524115844927965,1.3956638712101228,-1.0919884329357572,0.03893228358347067,43.1226041,4.0,0.0
big_buck_bunny,173,173000519,stage56_evaluation_low_start,q-learning,2.851962818260521,17.841728434311612,29.73621405718602,1585.7,1577.604,1.4979299080055748,0.7836489038182657,-4.383694555358564,0.29294490047597266,44.497828016666666,27.0,1.6666666666666667
big_buck_bunny,173,,stage56_evaluation_mixed_start,static,1.7073510311174505,0.0,0.0,2711.633333333333,2733.8700000000003,12.584085850498559,5.095644014638611,0.5024485047139094,0.6523165695005567,46.45673158333333,3.0,63.333333333333336
big_buck_bunny,173,,stage56_evaluation_mixed_start,throughput,2.447545217574185,0.0,0.0,2497.8166666666666,2472.7336,11.573495225117217,5.915349862028561,0.3304304116036324,0.6360993007598855,46.43826756666667,11.0,33.333333333333336
big_buck_bunny,173,,stage56_evaluation_mixed_start,bola-basic,1.7073510311174505,0.0,0.0,2593.5833333333335,2620.8543999999997,10.617630848545518,5.513778359345202,0.3319238368924196,0.6626788428355532,46.56477825,5.0,45.0
big_buck_bunny,173,,stage56_evaluation_mixed_start,robust-mpc,4.336809508578389,0.0,0.0,2788.0,2792.454533333333,12.022121581608285,5.577225218487591,0.4529093055708028,0.7114979265298628,46.76701693333334,6.0,58.333333333333336
big_buck_bunny,173,173000520,stage56_evaluation_mixed_start,q-learning,1.7073510311174505,0.0,0.0,2705.383333333333,2693.8178666666668,8.732823783678013,5.123213346184139,0.18384800857642727,0.703235835401983,46.78842893333333,17.0,41.666666666666664
big_buck_bunny,173,,stage56_evaluation_high_start,static,0.6473731938179587,0.0,0.0,3016.483333333333,3029.1236,8.851602183401448,3.199314058865678,0.5500075589902839,0.7689832361672234,47.16944988333333,3.0,75.0
big_buck_bunny,173,,stage56_evaluation_high_start,throughput,1.6989554713602282,0.0,0.0,2671.8166666666666,2687.2466666666664,11.304991324962879,5.648785465682222,0.3673888020278352,0.6897474406993136,47.06756665,13.0,46.666666666666664
big_buck_bunny,173,,stage56_evaluation_high_start,bola-basic,0.6473731938179587,0.0,0.0,2792.0666666666666,2787.207066666667,10.310022933792855,4.006918523711357,0.5754790434953275,0.7478519902085125,47.10346071666667,7.0,41.666666666666664
big_buck_bunny,173,,stage56_evaluation_high_start,robust-mpc,1.6989554713602282,0.0,0.0,2883.75,2853.24,11.3518395528846,4.721182259732989,0.5427791663643332,0.7753973435332037,47.30823778333333,9.0,53.333333333333336
big_buck_bunny,173,173000521,stage56_evaluation_high_start,q-learning,0.6473731938179587,0.0,0.0,2786.866666666667,2808.4702666666662,8.274402275582956,3.6725332063237826,0.3381644673459673,0.7519042649631118,47.17750113333333,22.0,36.666666666666664
elephants_dream,11,,stage56_evaluation_low_start,static,2.334045931843984,6.235932899165204,10.393221498608673,1142.3,1142.6414666666667,4.619489004017736,2.5555620448602494,-1.9117753602793188,0.034837212369964315,42.687064183333334,2.0,0.0
elephants_dream,11,,stage56_evaluation_low_start,throughput,2.334045931843984,0.8123791798965989,1.3539652998276648,1064.0,1063.5448000000001,5.31821541889503,2.473116407077403,-0.8852759823116317,0.0,42.56270983333333,0.0,0.0
elephants_dream,11,,stage56_evaluation_low_start,bola-basic,2.334045931843984,5.992119674764119,9.986866124606866,1168.4,1164.8638666666666,3.5636386996782137,1.5486467134475144,-2.0945658865706553,0.04644961649328576,42.78931621666666,6.0,0.0
elephants_dream,11,,stage56_evaluation_low_start,robust-mpc,2.334045931843984,2.7474709719848036,4.5791182866413385,1240.4166666666667,1109.9846666666667,4.7750377598939755,2.1746945249036367,-1.2583672486908564,0.05075193951831549,42.707530633333334,4.0,3.3333333333333335
elephants_dream,11,11010040,stage56_evaluation_low_start,q-learning,2.334045931843984,1.3891562709619016,2.31526045160317,1090.1,1092.7324,5.11559256730766,2.351379881081054,-1.0056085493066098,0.01161240412332144,42.62156326666666,4.0,0.0
elephants_dream,11,,stage56_evaluation_mixed_start,static,1.3940334802116137,0.0,0.0,3787.633333333333,3200.1702666666665,10.036829328759332,3.3717942229273152,0.4977753069703984,0.6670537640881091,45.6324658,3.0,65.0
elephants_dream,11,,stage56_evaluation_mixed_start,throughput,2.395265168077527,0.0,0.0,2841.9166666666665,2480.4533333333334,11.614779836817474,6.224677664548604,0.17277695774136043,0.5293961116651519,44.814627449999996,9.0,25.0
elephants_dream,11,,stage56_evaluation_mixed_start,bola-basic,1.3940334802116137,0.0,0.0,3384.7833333333333,2800.1915999999997,11.193073209930676,5.376707778977836,0.34799527432952265,0.6212450697502675,45.28883845,5.0,46.666666666666664
elephants_dream,11,,stage56_evaluation_mixed_start,robust-mpc,2.395265168077527,0.0,0.0,3534.0833333333335,2888.3106666666663,12.6833474523318,5.180124524970443,0.46661928027061517,0.6360207599588608,45.349821600000006,7.0,53.333333333333336
elephants_dream,11,11010041,stage56_evaluation_mixed_start,q-learning,1.3940334802116137,0.0,0.0,2550.7166666666667,2297.3786666666665,11.993933221741575,5.572995380213282,0.2285513320319063,0.4500447699091138,44.72115626666667,30.0,16.666666666666668
elephants_dream,11,,stage56_evaluation_high_start,static,0.5192803412051092,0.0,0.0,3401.0666666666666,2880.1587999999997,8.52285555596912,3.8403297044822415,0.21904493927378776,0.5844946255976605,45.16529861666667,9.0,53.333333333333336
elephants_dream,11,,stage56_evaluation_high_start,throughput,2.911934778911456,0.0,0.0,3068.65,2969.2697333333335,9.42300184366341,5.277327001715316,0.08812840924330326,0.5848374716299395,45.55527861666667,12.0,30.0
elephants_dream,11,,stage56_evaluation_high_start,bola-basic,0.5192803412051092,0.0,0.0,3220.616666666667,2814.1813333333334,10.34234236073402,3.829029311196311,0.4516287021383659,0.6232695781557567,45.45605176666666,10.0,31.666666666666668
elephants_dream,11,,stage56_evaluation_high_start,robust-mpc,2.911934778911456,0.0,0.0,3568.116666666667,3190.8028,11.346024430234307,4.239479652705974,0.4574654807481459,0.6774606245579399,45.8149447,11.0,48.333333333333336
elephants_dream,11,11010042,stage56_evaluation_high_start,q-learning,0.5192803412051092,0.0,0.0,2932.25,2612.9025333333334,11.582317410088102,4.536943069000955,0.32268252932109537,0.5456756809103762,45.272924133333326,32.0,28.333333333333332
elephants_dream,23,,stage56_evaluation_low_start,static,2.334045931843984,6.235932899165204,10.393221498608673,1142.3,1142.6414666666667,4.619489004017736,2.5555620448602494,-1.9117753602793188,0.034837212369964315,42.687064183333334,2.0,0.0
elephants_dream,23,,stage56_evaluation_low_start,throughput,2.334045931843984,0.8123791798965989,1.3539652998276648,1064.0,1063.5448000000001,5.31821541889503,2.473116407077403,-0.8852759823116317,0.0,42.56270983333333,0.0,0.0
elephants_dream,23,,stage56_evaluation_low_start,bola-basic,2.334045931843984,5.992119674764119,9.986866124606866,1168.4,1164.8638666666666,3.5636386996782137,1.5486467134475144,-2.0945658865706553,0.04644961649328576,42.78931621666666,6.0,0.0
elephants_dream,23,,stage56_evaluation_low_start,robust-mpc,2.334045931843984,2.7474709719848036,4.5791182866413385,1240.4166666666667,1109.9846666666667,4.7750377598939755,2.1746945249036367,-1.2583672486908564,0.05075193951831549,42.707530633333334,4.0,3.3333333333333335
elephants_dream,23,23010076,stage56_evaluation_low_start,q-learning,2.334045931843984,1.5415304531825171,2.569217421970862,1194.5,1172.5924,4.761743149312325,2.5486105282764573,-1.0787928665020536,0.05806202061660721,42.83566303333334,10.0,0.0
elephants_dream,23,,stage56_evaluation_mixed_start,static,1.3940334802116137,0.0,0.0,3787.633333333333,3200.1702666666665,10.036829328759332,3.3717942229273152,0.4977753069703984,0.6670537640881091,45.6324658,3.0,65.0
elephants_dream,23,,stage56_evaluation_mixed_start,throughput,2.395265168077527,0.0,0.0,2841.9166666666665,2480.4533333333334,11.614779836817474,6.224677664548604,0.17277695774136043,0.5293961116651519,44.814627449999996,9.0,25.0
elephants_dream,23,,stage56_evaluation_mixed_start,bola-basic,1.3940334802116137,0.0,0.0,3384.7833333333333,2800.1915999999997,11.193073209930676,5.376707778977836,0.34799527432952265,0.6212450697502675,45.28883845,5.0,46.666666666666664
elephants_dream,23,,stage56_evaluation_mixed_start,robust-mpc,2.395265168077527,0.0,0.0,3534.0833333333335,2888.3106666666663,12.6833474523318,5.180124524970443,0.46661928027061517,0.6360207599588608,45.349821600000006,7.0,53.333333333333336
elephants_dream,23,23010077,stage56_evaluation_mixed_start,q-learning,1.3940334802116137,0.37453054086049953,0.6242175681008325,2124.366666666667,2104.7404,9.537584872491438,6.750579691378463,-0.3193491841828695,0.37513829928926073,44.52472243333333,24.0,3.3333333333333335
elephants_dream,23,,stage56_evaluation_high_start,static,0.5192803412051092,0.0,0.0,3401.0666666666666,2880.1587999999997,8.52285555596912,3.8403297044822415,0.21904493927378776,0.5844946255976605,45.16529861666667,9.0,53.333333333333336
elephants_dream,23,,stage56_evaluation_high_start,throughput,2.911934778911456,0.0,0.0,3068.65,2969.2697333333335,9.42300184366341,5.277327001715316,0.08812840924330326,0.5848374716299395,45.55527861666667,12.0,30.0
elephants_dream,23,,stage56_evaluation_high_start,bola-basic,0.5192803412051092,0.0,0.0,3220.616666666667,2814.1813333333334,10.34234236073402,3.829029311196311,0.4516287021383659,0.6232695781557567,45.45605176666666,10.0,31.666666666666668
elephants_dream,23,,stage56_evaluation_high_start,robust-mpc,2.911934778911456,0.0,0.0,3568.116666666667,3190.8028,11.346024430234307,4.239479652705974,0.4574654807481459,0.6774606245579399,45.8149447,11.0,48.333333333333336
elephants_dream,23,23010078,stage56_evaluation_high_start,q-learning,0.5192803412051092,0.0,0.0,3363.866666666667,2984.8834666666667,9.128466199113072,3.882749751538586,0.28849760024688,0.6267531956887631,45.53343293333333,33.0,41.666666666666664
elephants_dream,37,,stage56_evaluation_low_start,static,2.334045931843984,6.235932899165204,10.393221498608673,1142.3,1142.6414666666667,4.619489004017736,2.5555620448602494,-1.9117753602793188,0.034837212369964315,42.687064183333334,2.0,0.0
elephants_dream,37,,stage56_evaluation_low_start,throughput,2.334045931843984,0.8123791798965989,1.3539652998276648,1064.0,1063.5448000000001,5.31821541889503,2.473116407077403,-0.8852759823116317,0.0,42.56270983333333,0.0,0.0
elephants_dream,37,,stage56_evaluation_low_start,bola-basic,2.334045931843984,5.992119674764119,9.986866124606866,1168.4,1164.8638666666666,3.5636386996782137,1.5486467134475144,-2.0945658865706553,0.04644961649328576,42.78931621666666,6.0,0.0
elephants_dream,37,,stage56_evaluation_low_start,robust-mpc,2.334045931843984,2.7474709719848036,4.5791182866413385,1240.4166666666667,1109.9846666666667,4.7750377598939755,2.1746945249036367,-1.2583672486908564,0.05075193951831549,42.707530633333334,4.0,3.3333333333333335
elephants_dream,37,37010118,stage56_evaluation_low_start,q-learning,2.334045931843984,1.3891562709619016,2.31526045160317,1194.5,1176.328,4.922827597085293,2.5119883885758028,-1.005052144909342,0.05806202061660721,42.83240718333333,3.0,0.0
elephants_dream,37,,stage56_evaluation_mixed_start,static,1.3940334802116137,0.0,0.0,3787.633333333333,3200.1702666666665,10.036829328759332,3.3717942229273152,0.4977753069703984,0.6670537640881091,45.6324658,3.0,65.0
elephants_dream,37,,stage56_evaluation_mixed_start,throughput,2.395265168077527,0.0,0.0,2841.9166666666665,2480.4533333333334,11.614779836817474,6.224677664548604,0.17277695774136043,0.5293961116651519,44.814627449999996,9.0,25.0
elephants_dream,37,,stage56_evaluation_mixed_start,bola-basic,1.3940334802116137,0.0,0.0,3384.7833333333333,2800.1915999999997,11.193073209930676,5.376707778977836,0.34799527432952265,0.6212450697502675,45.28883845,5.0,46.666666666666664
elephants_dream,37,,stage56_evaluation_mixed_start,robust-mpc,2.395265168077527,0.0,0.0,3534.0833333333335,2888.3106666666663,12.6833474523318,5.180124524970443,0.46661928027061517,0.6360207599588608,45.349821600000006,7.0,53.333333333333336
elephants_dream,37,37010119,stage56_evaluation_mixed_start,q-learning,1.3940334802116137,0.0,0.0,2261.483333333333,2154.6277333333333,11.410204240761797,6.151431732733672,0.02733341871913825,0.37827933004996334,44.48438398333334,27.0,11.666666666666666
elephants_dream,37,,stage56_evaluation_high_start,static,0.5192803412051092,0.0,0.0,3401.0666666666666,2880.1587999999997,8.52285555596912,3.8403297044822415,0.21904493927378776,0.5844946255976605,45.16529861666667,9.0,53.333333333333336
elephants_dream,37,,stage56_evaluation_high_start,throughput,2.911934778911456,0.0,0.0,3068.65,2969.2697333333335,9.42300184366341,5.277327001715316,0.08812840924330326,0.5848374716299395,45.55527861666667,12.0,30.0
elephants_dream,37,,stage56_evaluation_high_start,bola-basic,0.5192803412051092,0.0,0.0,3220.616666666667,2814.1813333333334,10.34234236073402,3.829029311196311,0.4516287021383659,0.6232695781557567,45.45605176666666,10.0,31.666666666666668
elephants_dream,37,,stage56_evaluation_high_start,robust-mpc,2.911934778911456,0.0,0.0,3568.116666666667,3190.8028,11.346024430234307,4.239479652705974,0.4574654807481459,0.6774606245579399,45.8149447,11.0,48.333333333333336
elephants_dream,37,37010120,stage56_evaluation_high_start,q-learning,0.5192803412051092,0.0,0.0,3131.0,2785.5426666666667,10.71165162032129,4.109317150830269,0.3431263356868606,0.5709692489516716,45.27571816666667,28.0,35.0
elephants_dream,53,,stage56_evaluation_low_start,static,2.334045931843984,6.235932899165204,10.393221498608673,1142.3,1142.6414666666667,4.619489004017736,2.5555620448602494,-1.9117753602793188,0.034837212369964315,42.687064183333334,2.0,0.0
elephants_dream,53,,stage56_evaluation_low_start,throughput,2.334045931843984,0.8123791798965989,1.3539652998276648,1064.0,1063.5448000000001,5.31821541889503,2.473116407077403,-0.8852759823116317,0.0,42.56270983333333,0.0,0.0
elephants_dream,53,,stage56_evaluation_low_start,bola-basic,2.334045931843984,5.992119674764119,9.986866124606866,1168.4,1164.8638666666666,3.5636386996782137,1.5486467134475144,-2.0945658865706553,0.04644961649328576,42.78931621666666,6.0,0.0
elephants_dream,53,,stage56_evaluation_low_start,robust-mpc,2.334045931843984,2.7474709719848036,4.5791182866413385,1240.4166666666667,1109.9846666666667,4.7750377598939755,2.1746945249036367,-1.2583672486908564,0.05075193951831549,42.707530633333334,4.0,3.3333333333333335
elephants_dream,53,53010166,stage56_evaluation_low_start,q-learning,2.334045931843984,2.703115643980289,4.505192739967148,1207.55,1179.3122666666668,4.789423830381677,2.6538407450057284,-1.2722723874961448,0.06386822267826792,42.808501066666665,12.0,0.0
elephants_dream,53,,stage56_evaluation_mixed_start,static,1.3940334802116137,0.0,0.0,3787.633333333333,3200.1702666666665,10.036829328759332,3.3717942229273152,0.4977753069703984,0.6670537640881091,45.6324658,3.0,65.0
elephants_dream,53,,stage56_evaluation_mixed_start,throughput,2.395265168077527,0.0,0.0,2841.9166666666665,2480.4533333333334,11.614779836817474,6.224677664548604,0.17277695774136043,0.5293961116651519,44.814627449999996,9.0,25.0
elephants_dream,53,,stage56_evaluation_mixed_start,bola-basic,1.3940334802116137,0.0,0.0,3384.7833333333333,2800.1915999999997,11.193073209930676,5.376707778977836,0.34799527432952265,0.6212450697502675,45.28883845,5.0,46.666666666666664
elephants_dream,53,,stage56_evaluation_mixed_start,robust-mpc,2.395265168077527,0.0,0.0,3534.0833333333335,2888.3106666666663,12.6833474523318,5.180124524970443,0.46661928027061517,0.6360207599588608,45.349821600000006,7.0,53.333333333333336
elephants_dream,53,53010167,stage56_evaluation_mixed_start,q-learning,1.3940334802116137,0.0,0.0,1620.2833333333333,1709.1230666666668,11.560447930207845,6.334994538062728,-0.13228132916552407,0.19918155376795182,43.80857361666666,18.0,1.6666666666666667
elephants_dream,53,,stage56_evaluation_high_start,static,0.5192803412051092,0.0,0.0,3401.0666666666666,2880.1587999999997,8.52285555596912,3.8403297044822415,0.21904493927378776,0.5844946255976605,45.16529861666667,9.0,53.333333333333336
elephants_dream,53,,stage56_evaluation_high_start,throughput,2.911934778911456,0.0,0.0,3068.65,2969.2697333333335,9.42300184366341,5.277327001715316,0.08812840924330326,0.5848374716299395,45.55527861666667,12.0,30.0
elephants_dream,53,,stage56_evaluation_high_start,bola-basic,0.5192803412051092,0.0,0.0,3220.616666666667,2814.1813333333334,10.34234236073402,3.829029311196311,0.4516287021383659,0.6232695781557567,45.45605176666666,10.0,31.666666666666668
elephants_dream,53,,stage56_evaluation_high_start,robust-mpc,2.911934778911456,0.0,0.0,3568.116666666667,3190.8028,11.346024430234307,4.239479652705974,0.4574654807481459,0.6774606245579399,45.8149447,11.0,48.333333333333336
elephants_dream,53,53010168,stage56_evaluation_high_start,q-learning,0.5192803412051092,0.0,0.0,3066.6833333333334,2790.0107999999996,11.762180887940703,4.6320837626480404,0.3475878694449033,0.5772515697330519,45.1973854,29.0,26.666666666666668
elephants_dream,71,,stage56_evaluation_low_start,static,2.334045931843984,6.235932899165204,10.393221498608673,1142.3,1142.6414666666667,4.619489004017736,2.5555620448602494,-1.9117753602793188,0.034837212369964315,42.687064183333334,2.0,0.0
elephants_dream,71,,stage56_evaluation_low_start,throughput,2.334045931843984,0.8123791798965989,1.3539652998276648,1064.0,1063.5448000000001,5.31821541889503,2.473116407077403,-0.8852759823116317,0.0,42.56270983333333,0.0,0.0
elephants_dream,71,,stage56_evaluation_low_start,bola-basic,2.334045931843984,5.992119674764119,9.986866124606866,1168.4,1164.8638666666666,3.5636386996782137,1.5486467134475144,-2.0945658865706553,0.04644961649328576,42.78931621666666,6.0,0.0
elephants_dream,71,,stage56_evaluation_low_start,robust-mpc,2.334045931843984,2.7474709719848036,4.5791182866413385,1240.4166666666667,1109.9846666666667,4.7750377598939755,2.1746945249036367,-1.2583672486908564,0.05075193951831549,42.707530633333334,4.0,3.3333333333333335
elephants_dream,71,71010220,stage56_evaluation_low_start,q-learning,2.334045931843984,1.3891562709619016,2.31526045160317,1155.35,1143.1849333333334,4.884277977895844,2.5550785721219365,-1.0481943691087012,0.04064341443162504,42.739111333333334,10.0,0.0
elephants_dream,71,,stage56_evaluation_mixed_start,static,1.3940334802116137,0.0,0.0,3787.633333333333,3200.1702666666665,10.036829328759332,3.3717942229273152,0.4977753069703984,0.6670537640881091,45.6324658,3.0,65.0
elephants_dream,71,,stage56_evaluation_mixed_start,throughput,2.395265168077527,0.0,0.0,2841.9166666666665,2480.4533333333334,11.614779836817474,6.224677664548604,0.17277695774136043,0.5293961116651519,44.814627449999996,9.0,25.0
elephants_dream,71,,stage56_evaluation_mixed_start,bola-basic,1.3940334802116137,0.0,0.0,3384.7833333333333,2800.1915999999997,11.193073209930676,5.376707778977836,0.34799527432952265,0.6212450697502675,45.28883845,5.0,46.666666666666664
elephants_dream,71,,stage56_evaluation_mixed_start,robust-mpc,2.395265168077527,0.0,0.0,3534.0833333333335,2888.3106666666663,12.6833474523318,5.180124524970443,0.46661928027061517,0.6360207599588608,45.349821600000006,7.0,53.333333333333336
elephants_dream,71,71010221,stage56_evaluation_mixed_start,q-learning,1.3940334802116137,0.0,0.0,2539.4,2242.1112,11.110928080422164,6.189016365328934,0.041336724729849166,0.432581653074993,44.63429265,30.0,20.0
elephants_dream,71,,stage56_evaluation_high_start,static,0.5192803412051092,0.0,0.0,3401.0666666666666,2880.1587999999997,8.52285555596912,3.8403297044822415,0.21904493927378776,0.5844946255976605,45.16529861666667,9.0,53.333333333333336
elephants_dream,71,,stage56_evaluation_high_start,throughput,2.911934778911456,0.0,0.0,3068.65,2969.2697333333335,9.42300184366341,5.277327001715316,0.08812840924330326,0.5848374716299395,45.55527861666667,12.0,30.0
elephants_dream,71,,stage56_evaluation_high_start,bola-basic,0.5192803412051092,0.0,0.0,3220.616666666667,2814.1813333333334,10.34234236073402,3.829029311196311,0.4516287021383659,0.6232695781557567,45.45605176666666,10.0,31.666666666666668
elephants_dream,71,,stage56_evaluation_high_start,robust-mpc,2.911934778911456,0.0,0.0,3568.116666666667,3190.8028,11.346024430234307,4.239479652705974,0.4574654807481459,0.6774606245579399,45.8149447,11.0,48.333333333333336
elephants_dream,71,71010222,stage56_evaluation_high_start,q-learning,0.5192803412051092,0.0,0.0,2887.8333333333335,2672.0854666666664,12.184533020035747,5.238600782720855,0.273905326417937,0.5220860305668602,45.09320883333333,33.0,28.333333333333332
elephants_dream,89,,stage56_evaluation_low_start,static,2.334045931843984,6.235932899165204,10.393221498608673,1142.3,1142.6414666666667,4.619489004017736,2.5555620448602494,-1.9117753602793188,0.034837212369964315,42.687064183333334,2.0,0.0
elephants_dream,89,,stage56_evaluation_low_start,throughput,2.334045931843984,0.8123791798965989,1.3539652998276648,1064.0,1063.5448000000001,5.31821541889503,2.473116407077403,-0.8852759823116317,0.0,42.56270983333333,0.0,0.0
elephants_dream,89,,stage56_evaluation_low_start,bola-basic,2.334045931843984,5.992119674764119,9.986866124606866,1168.4,1164.8638666666666,3.5636386996782137,1.5486467134475144,-2.0945658865706553,0.04644961649328576,42.78931621666666,6.0,0.0
elephants_dream,89,,stage56_evaluation_low_start,robust-mpc,2.334045931843984,2.7474709719848036,4.5791182866413385,1240.4166666666667,1109.9846666666667,4.7750377598939755,2.1746945249036367,-1.2583672486908564,0.05075193951831549,42.707530633333334,4.0,3.3333333333333335
elephants_dream,89,89010274,stage56_evaluation_low_start,q-learning,2.334045931843984,1.5415304531825171,2.569217421970862,1129.25,1117.4305333333332,4.943592589868158,2.378353570106264,-1.0531693948331051,0.029031010308303604,42.71121325,6.0,0.0
elephants_dream,89,,stage56_evaluation_mixed_start,static,1.3940334802116137,0.0,0.0,3787.633333333333,3200.1702666666665,10.036829328759332,3.3717942229273152,0.4977753069703984,0.6670537640881091,45.6324658,3.0,65.0
elephants_dream,89,,stage56_evaluation_mixed_start,throughput,2.395265168077527,0.0,0.0,2841.9166666666665,2480.4533333333334,11.614779836817474,6.224677664548604,0.17277695774136043,0.5293961116651519,44.814627449999996,9.0,25.0
elephants_dream,89,,stage56_evaluation_mixed_start,bola-basic,1.3940334802116137,0.0,0.0,3384.7833333333333,2800.1915999999997,11.193073209930676,5.376707778977836,0.34799527432952265,0.6212450697502675,45.28883845,5.0,46.666666666666664
elephants_dream,89,,stage56_evaluation_mixed_start,robust-mpc,2.395265168077527,0.0,0.0,3534.0833333333335,2888.3106666666663,12.6833474523318,5.180124524970443,0.46661928027061517,0.6360207599588608,45.349821600000006,7.0,53.333333333333336
elephants_dream,89,89010275,stage56_evaluation_mixed_start,q-learning,1.3940334802116137,0.0,0.0,2006.05,1954.3536,11.420666475709016,6.241081345025047,-0.02485172104363646,0.3287109381205443,44.3701675,24.0,1.6666666666666667
elephants_dream,89,,stage56_evaluation_high_start,static,0.5192803412051092,0.0,0.0,3401.0666666666666,2880.1587999999997,8.52285555596912,3.8403297044822415,0.21904493927378776,0.5844946255976605,45.16529861666667,9.0,53.333333333333336
elephants_dream,89,,stage56_evaluation_high_start,throughput,2.911934778911456,0.0,0.0,3068.65,2969.2697333333335,9.42300184366341,5.277327001715316,0.08812840924330326,0.5848374716299395,45.55527861666667,12.0,30.0
elephants_dream,89,,stage56_evaluation_high_start,bola-basic,0.5192803412051092,0.0,0.0,3220.616666666667,2814.1813333333334,10.34234236073402,3.829029311196311,0.4516287021383659,0.6232695781557567,45.45605176666666,10.0,31.666666666666668
elephants_dream,89,,stage56_evaluation_high_start,robust-mpc,2.911934778911456,0.0,0.0,3568.116666666667,3190.8028,11.346024430234307,4.239479652705974,0.4574654807481459,0.6774606245579399,45.8149447,11.0,48.333333333333336
elephants_dream,89,89010276,stage56_evaluation_high_start,q-learning,0.5192803412051092,0.0,0.0,3176.2,2880.677333333333,9.899528217935929,3.904608091660017,0.3250016678321935,0.5996799278122408,45.445200316666664,30.0,31.666666666666668
elephants_dream,107,,stage56_evaluation_low_start,static,2.334045931843984,6.235932899165204,10.393221498608673,1142.3,1142.6414666666667,4.619489004017736,2.5555620448602494,-1.9117753602793188,0.034837212369964315,42.687064183333334,2.0,0.0
elephants_dream,107,,stage56_evaluation_low_start,throughput,2.334045931843984,0.8123791798965989,1.3539652998276648,1064.0,1063.5448000000001,5.31821541889503,2.473116407077403,-0.8852759823116317,0.0,42.56270983333333,0.0,0.0
elephants_dream,107,,stage56_evaluation_low_start,bola-basic,2.334045931843984,5.992119674764119,9.986866124606866,1168.4,1164.8638666666666,3.5636386996782137,1.5486467134475144,-2.0945658865706553,0.04644961649328576,42.78931621666666,6.0,0.0
elephants_dream,107,,stage56_evaluation_low_start,robust-mpc,2.334045931843984,2.7474709719848036,4.5791182866413385,1240.4166666666667,1109.9846666666667,4.7750377598939755,2.1746945249036367,-1.2583672486908564,0.05075193951831549,42.707530633333334,4.0,3.3333333333333335
elephants_dream,107,107010328,stage56_evaluation_low_start,q-learning,2.334045931843984,1.5415304531825171,2.569217421970862,1194.5,1172.6950666666667,4.864183368191758,2.434901748691578,-1.0439906899439015,0.05806202061660721,42.8425952,6.0,0.0
elephants_dream,107,,stage56_evaluation_mixed_start,static,1.3940334802116137,0.0,0.0,3787.633333333333,3200.1702666666665,10.036829328759332,3.3717942229273152,0.4977753069703984,0.6670537640881091,45.6324658,3.0,65.0
elephants_dream,107,,stage56_evaluation_mixed_start,throughput,2.395265168077527,0.0,0.0,2841.9166666666665,2480.4533333333334,11.614779836817474,6.224677664548604,0.17277695774136043,0.5293961116651519,44.814627449999996,9.0,25.0
elephants_dream,107,,stage56_evaluation_mixed_start,bola-basic,1.3940334802116137,0.0,0.0,3384.7833333333333,2800.1915999999997,11.193073209930676,5.376707778977836,0.34799527432952265,0.6212450697502675,45.28883845,5.0,46.666666666666664
elephants_dream,107,,stage56_evaluation_mixed_start,robust-mpc,2.395265168077527,0.0,0.0,3534.0833333333335,2888.3106666666663,12.6833474523318,5.180124524970443,0.46661928027061517,0.6360207599588608,45.349821600000006,7.0,53.333333333333336
elephants_dream,107,107010329,stage56_evaluation_mixed_start,q-learning,1.3940334802116137,0.0,0.0,2992.866666666667,2504.2846666666665,10.997540178947775,5.9257601942340425,0.1807341774065885,0.5434643730045683,45.0764682,23.0,30.0
elephants_dream,107,,stage56_evaluation_high_start,static,0.5192803412051092,0.0,0.0,3401.0666666666666,2880.1587999999997,8.52285555596912,3.8403297044822415,0.21904493927378776,0.5844946255976605,45.16529861666667,9.0,53.333333333333336
elephants_dream,107,,stage56_evaluation_high_start,throughput,2.911934778911456,0.0,0.0,3068.65,2969.2697333333335,9.42300184366341,5.277327001715316,0.08812840924330326,0.5848374716299395,45.55527861666667,12.0,30.0
elephants_dream,107,,stage56_evaluation_high_start,bola-basic,0.5192803412051092,0.0,0.0,3220.616666666667,2814.1813333333334,10.34234236073402,3.829029311196311,0.4516287021383659,0.6232695781557567,45.45605176666666,10.0,31.666666666666668
elephants_dream,107,,stage56_evaluation_high_start,robust-mpc,2.911934778911456,0.0,0.0,3568.116666666667,3190.8028,11.346024430234307,4.239479652705974,0.4574654807481459,0.6774606245579399,45.8149447,11.0,48.333333333333336
elephants_dream,107,107010330,stage56_evaluation_high_start,q-learning,0.5192803412051092,0.0,0.0,3369.9166666666665,2986.9487999999997,9.801661066655557,3.8389247275098475,0.38159911279943043,0.6380452683643499,45.60414231666667,31.0,38.333333333333336
elephants_dream,131,,stage56_evaluation_low_start,static,2.334045931843984,6.235932899165204,10.393221498608673,1142.3,1142.6414666666667,4.619489004017736,2.5555620448602494,-1.9117753602793188,0.034837212369964315,42.687064183333334,2.0,0.0
elephants_dream,131,,stage56_evaluation_low_start,throughput,2.334045931843984,0.8123791798965989,1.3539652998276648,1064.0,1063.5448000000001,5.31821541889503,2.473116407077403,-0.8852759823116317,0.0,42.56270983333333,0.0,0.0
elephants_dream,131,,stage56_evaluation_low_start,bola-basic,2.334045931843984,5.992119674764119,9.986866124606866,1168.4,1164.8638666666666,3.5636386996782137,1.5486467134475144,-2.0945658865706553,0.04644961649328576,42.78931621666666,6.0,0.0
elephants_dream,131,,stage56_evaluation_low_start,robust-mpc,2.334045931843984,2.7474709719848036,4.5791182866413385,1240.4166666666667,1109.9846666666667,4.7750377598939755,2.1746945249036367,-1.2583672486908564,0.05075193951831549,42.707530633333334,4.0,3.3333333333333335
elephants_dream,131,131010400,stage56_evaluation_low_start,q-learning,2.334045931843984,2.432447588896789,4.054079314827982,1246.7,1224.6632,4.670697044020283,2.6574374415154844,-1.215325621566266,0.08128682886325007,42.96304948333333,5.0,0.0
elephants_dream,131,,stage56_evaluation_mixed_start,static,1.3940334802116137,0.0,0.0,3787.633333333333,3200.1702666666665,10.036829328759332,3.3717942229273152,0.4977753069703984,0.6670537640881091,45.6324658,3.0,65.0
elephants_dream,131,,stage56_evaluation_mixed_start,throughput,2.395265168077527,0.0,0.0,2841.9166666666665,2480.4533333333334,11.614779836817474,6.224677664548604,0.17277695774136043,0.5293961116651519,44.814627449999996,9.0,25.0
elephants_dream,131,,stage56_evaluation_mixed_start,bola-basic,1.3940334802116137,0.0,0.0,3384.7833333333333,2800.1915999999997,11.193073209930676,5.376707778977836,0.34799527432952265,0.6212450697502675,45.28883845,5.0,46.666666666666664
elephants_dream,131,,stage56_evaluation_mixed_start,robust-mpc,2.395265168077527,0.0,0.0,3534.0833333333335,2888.3106666666663,12.6833474523318,5.180124524970443,0.46661928027061517,0.6360207599588608,45.349821600000006,7.0,53.333333333333336
elephants_dream,131,131010401,stage56_evaluation_mixed_start,q-learning,1.3940334802116137,0.0,0.0,2346.7,2206.092133333333,11.205965469570067,6.105690438063313,0.0555083107246463,0.41858015770928453,44.709143733333335,23.0,10.0
elephants_dream,131,,stage56_evaluation_high_start,static,0.5192803412051092,0.0,0.0,3401.0666666666666,2880.1587999999997,8.52285555596912,3.8403297044822415,0.21904493927378776,0.5844946255976605,45.16529861666667,9.0,53.333333333333336
elephants_dream,131,,stage56_evaluation_high_start,throughput,2.911934778911456,0.0,0.0,3068.65,2969.2697333333335,9.42300184366341,5.277327001715316,0.08812840924330326,0.5848374716299395,45.55527861666667,12.0,30.0
elephants_dream,131,,stage56_evaluation_high_start,bola-basic,0.5192803412051092,0.0,0.0,3220.616666666667,2814.1813333333334,10.34234236073402,3.829029311196311,0.4516287021383659,0.6232695781557567,45.45605176666666,10.0,31.666666666666668
elephants_dream,131,,stage56_evaluation_high_start,robust-mpc,2.911934778911456,0.0,0.0,3568.116666666667,3190.8028,11.346024430234307,4.239479652705974,0.4574654807481459,0.6774606245579399,45.8149447,11.0,48.333333333333336
elephants_dream,131,131010402,stage56_evaluation_high_start,q-learning,0.5192803412051092,0.0,0.0,2031.3666666666666,2094.6433333333334,12.130186211763187,5.5463565634245,0.07165660173952475,0.3352023137268126,44.424912899999995,34.0,5.0
elephants_dream,149,,stage56_evaluation_low_start,static,2.334045931843984,6.235932899165204,10.393221498608673,1142.3,1142.6414666666667,4.619489004017736,2.5555620448602494,-1.9117753602793188,0.034837212369964315,42.687064183333334,2.0,0.0
elephants_dream,149,,stage56_evaluation_low_start,throughput,2.334045931843984,0.8123791798965989,1.3539652998276648,1064.0,1063.5448000000001,5.31821541889503,2.473116407077403,-0.8852759823116317,0.0,42.56270983333333,0.0,0.0
elephants_dream,149,,stage56_evaluation_low_start,bola-basic,2.334045931843984,5.992119674764119,9.986866124606866,1168.4,1164.8638666666666,3.5636386996782137,1.5486467134475144,-2.0945658865706553,0.04644961649328576,42.78931621666666,6.0,0.0
elephants_dream,149,,stage56_evaluation_low_start,robust-mpc,2.334045931843984,2.7474709719848036,4.5791182866413385,1240.4166666666667,1109.9846666666667,4.7750377598939755,2.1746945249036367,-1.2583672486908564,0.05075193951831549,42.707530633333334,4.0,3.3333333333333335
elephants_dream,149,149010454,stage56_evaluation_low_start,q-learning,2.334045931843984,1.3891562709619016,2.31526045160317,1077.05,1079.4460000000001,5.1403809301270496,2.341337094498168,-1.0006215997442758,0.00580620206166072,42.601763516666665,2.0,0.0
elephants_dream,149,,stage56_evaluation_mixed_start,static,1.3940334802116137,0.0,0.0,3787.633333333333,3200.1702666666665,10.036829328759332,3.3717942229273152,0.4977753069703984,0.6670537640881091,45.6324658,3.0,65.0
elephants_dream,149,,stage56_evaluation_mixed_start,throughput,2.395265168077527,0.0,0.0,2841.9166666666665,2480.4533333333334,11.614779836817474,6.224677664548604,0.17277695774136043,0.5293961116651519,44.814627449999996,9.0,25.0
elephants_dream,149,,stage56_evaluation_mixed_start,bola-basic,1.3940334802116137,0.0,0.0,3384.7833333333333,2800.1915999999997,11.193073209930676,5.376707778977836,0.34799527432952265,0.6212450697502675,45.28883845,5.0,46.666666666666664
elephants_dream,149,,stage56_evaluation_mixed_start,robust-mpc,2.395265168077527,0.0,0.0,3534.0833333333335,2888.3106666666663,12.6833474523318,5.180124524970443,0.46661928027061517,0.6360207599588608,45.349821600000006,7.0,53.333333333333336
elephants_dream,149,149010455,stage56_evaluation_mixed_start,q-learning,1.3940334802116137,0.0,0.0,2884.45,2498.488,10.401518971293237,5.973142519262758,0.08255865074797217,0.5344503742084971,44.99005171666667,23.0,26.666666666666668
elephants_dream,149,,stage56_evaluation_high_start,static,0.5192803412051092,0.0,0.0,3401.0666666666666,2880.1587999999997,8.52285555596912,3.8403297044822415,0.21904493927378776,0.5844946255976605,45.16529861666667,9.0,53.333333333333336
elephants_dream,149,,stage56_evaluation_high_start,throughput,2.911934778911456,0.0,0.0,3068.65,2969.2697333333335,9.42300184366341,5.277327001715316,0.08812840924330326,0.5848374716299395,45.55527861666667,12.0,30.0
elephants_dream,149,,stage56_evaluation_high_start,bola-basic,0.5192803412051092,0.0,0.0,3220.616666666667,2814.1813333333334,10.34234236073402,3.829029311196311,0.4516287021383659,0.6232695781557567,45.45605176666666,10.0,31.666666666666668
elephants_dream,149,,stage56_evaluation_high_start,robust-mpc,2.911934778911456,0.0,0.0,3568.116666666667,3190.8028,11.346024430234307,4.239479652705974,0.4574654807481459,0.6774606245579399,45.8149447,11.0,48.333333333333336
elephants_dream,149,149010456,stage56_evaluation_high_start,q-learning,0.5192803412051092,0.0,0.0,2838.3,2441.215466666667,11.348981869511636,4.748471466063134,0.3057140594670758,0.5225176386374412,44.95528056666667,23.0,23.333333333333332
elephants_dream,173,,stage56_evaluation_low_start,static,2.334045931843984,6.235932899165204,10.393221498608673,1142.3,1142.6414666666667,4.619489004017736,2.5555620448602494,-1.9117753602793188,0.034837212369964315,42.687064183333334,2.0,0.0
elephants_dream,173,,stage56_evaluation_low_start,throughput,2.334045931843984,0.8123791798965989,1.3539652998276648,1064.0,1063.5448000000001,5.31821541889503,2.473116407077403,-0.8852759823116317,0.0,42.56270983333333,0.0,0.0
elephants_dream,173,,stage56_evaluation_low_start,bola-basic,2.334045931843984,5.992119674764119,9.986866124606866,1168.4,1164.8638666666666,3.5636386996782137,1.5486467134475144,-2.0945658865706553,0.04644961649328576,42.78931621666666,6.0,0.0
elephants_dream,173,,stage56_evaluation_low_start,robust-mpc,2.334045931843984,2.7474709719848036,4.5791182866413385,1240.4166666666667,1109.9846666666667,4.7750377598939755,2.1746945249036367,-1.2583672486908564,0.05075193951831549,42.707530633333334,4.0,3.3333333333333335
elephants_dream,173,173010526,stage56_evaluation_low_start,q-learning,2.334045931843984,2.384967652635822,3.97494608772637,1277.8333333333333,1211.9307999999999,4.900729404168897,2.879256605255923,-1.1983392661380374,0.07982746047575769,42.88032973333333,12.0,0.0
elephants_dream,173,,stage56_evaluation_mixed_start,static,1.3940334802116137,0.0,0.0,3787.633333333333,3200.1702666666665,10.036829328759332,3.3717942229273152,0.4977753069703984,0.6670537640881091,45.6324658,3.0,65.0
elephants_dream,173,,stage56_evaluation_mixed_start,throughput,2.395265168077527,0.0,0.0,2841.9166666666665,2480.4533333333334,11.614779836817474,6.224677664548604,0.17277695774136043,0.5293961116651519,44.814627449999996,9.0,25.0
elephants_dream,173,,stage56_evaluation_mixed_start,bola-basic,1.3940334802116137,0.0,0.0,3384.7833333333333,2800.1915999999997,11.193073209930676,5.376707778977836,0.34799527432952265,0.6212450697502675,45.28883845,5.0,46.666666666666664
elephants_dream,173,,stage56_evaluation_mixed_start,robust-mpc,2.395265168077527,0.0,0.0,3534.0833333333335,2888.3106666666663,12.6833474523318,5.180124524970443,0.46661928027061517,0.6360207599588608,45.349821600000006,7.0,53.333333333333336
elephants_dream,173,173010527,stage56_evaluation_mixed_start,q-learning,1.3940334802116137,0.0,0.0,1541.35,1603.7268,11.099411699111252,6.745489875823176,-0.24591275396593543,0.1894156154535652,43.73764991666667,15.0,0.0
elephants_dream,173,,stage56_evaluation_high_start,static,0.5192803412051092,0.0,0.0,3401.0666666666666,2880.1587999999997,8.52285555596912,3.8403297044822415,0.21904493927378776,0.5844946255976605,45.16529861666667,9.0,53.333333333333336
elephants_dream,173,,stage56_evaluation_high_start,throughput,2.911934778911456,0.0,0.0,3068.65,2969.2697333333335,9.42300184366341,5.277327001715316,0.08812840924330326,0.5848374716299395,45.55527861666667,12.0,30.0
elephants_dream,173,,stage56_evaluation_high_start,bola-basic,0.5192803412051092,0.0,0.0,3220.616666666667,2814.1813333333334,10.34234236073402,3.829029311196311,0.4516287021383659,0.6232695781557567,45.45605176666666,10.0,31.666666666666668
elephants_dream,173,,stage56_evaluation_high_start,robust-mpc,2.911934778911456,0.0,0.0,3568.116666666667,3190.8028,11.346024430234307,4.239479652705974,0.4574654807481459,0.6774606245579399,45.8149447,11.0,48.333333333333336
elephants_dream,173,173010528,stage56_evaluation_high_start,q-learning,0.5192803412051092,0.0,0.0,3061.5,2744.1072,11.717309988067605,4.750366819898029,0.31552520427795894,0.560131039671235,45.08925285,27.0,31.666666666666668
sita_sings_the_blues,11,,stage56_evaluation_low_start,static,3.9979402123353287,0.0,0.0,973.0,973.4300000000001,5.114757039390102,1.655179531041933,-0.7572921884747953,0.0,41.18824285,0.0,0.0
sita_sings_the_blues,11,,stage56_evaluation_low_start,throughput,3.9979402123353287,0.0,0.0,973.0,973.4300000000001,5.114757039390102,1.655179531041933,-0.7572921884747953,0.0,41.18824285,0.0,0.0
sita_sings_the_blues,11,,stage56_evaluation_low_start,bola-basic,3.9979402123353287,1.168955182272436,1.9482586371207267,1042.0,1062.1738666666668,3.8694577590881796,1.5190358987446526,-1.2493675064996572,0.02936838938037185,41.39757626666667,7.0,0.0
sita_sings_the_blues,11,,stage56_evaluation_low_start,robust-mpc,4.780662996360299,0.0,0.0,1897.0,1113.0303999999999,4.520647702937113,1.3871218530369978,-0.7384209144889925,0.21236798272871568,42.016128683333335,7.0,18.333333333333332
sita_sings_the_blues,11,11020047,stage56_evaluation_low_start,q-learning,3.9979402123353287,10.68619402996764,17.8103233832794,1355.4333333333334,1287.0484,2.66035008315607,1.4973268720320458,-3.059981627251842,0.1582555626690185,42.0409504,27.0,0.0
sita_sings_the_blues,11,,stage56_evaluation_mixed_start,static,2.271410516992422,0.0,0.0,3867.0666666666666,3747.076,10.859583002283536,3.790793034028947,0.4601214025091784,0.6339539603099004,45.1363579,3.0,61.666666666666664
sita_sings_the_blues,11,,stage56_evaluation_mixed_start,throughput,2.484822543360225,0.0,0.0,2789.6666666666665,2712.1960000000004,11.286687180098268,5.659213320423774,0.17837585548059998,0.5060119406655217,44.262814049999996,7.0,21.666666666666668
sita_sings_the_blues,11,,stage56_evaluation_mixed_start,bola-basic,2.271410516992422,0.0,0.0,3254.5,3249.2734666666665,10.16331510842129,4.326566135451647,0.28330854453549287,0.5685742524943851,44.72511196666667,8.0,36.666666666666664
sita_sings_the_blues,11,,stage56_evaluation_mixed_start,robust-mpc,2.856203366282591,0.0,0.0,4046.366666666667,3537.0572,11.04069976692702,4.431273878516857,0.44501329383321103,0.6851952142630342,45.1726917,7.0,63.333333333333336
sita_sings_the_blues,11,11020048,stage56_evaluation_mixed_start,q-learning,2.271410516992422,0.0,0.0,2216.3333333333335,2316.2985333333336,11.411313262716176,5.669835091278795,0.05512942599583888,0.35324254576767644,43.26792448333333,20.0,15.0
sita_sings_the_blues,11,,stage56_evaluation_high_start,static,0.7187861903760703,2.2376608664432345,3.7294347774053906,2637.766666666667,2748.0594666666666,7.410945067700108,4.214293486717069,-0.5550340186097197,0.38581584123960105,43.77977716666667,12.0,31.666666666666668
sita_sings_the_blues,11,,stage56_evaluation_high_start,throughput,0.9069729974864653,0.0,0.0,2925.6,2882.3928,9.148977265234025,4.784103134180483,0.0850757700967498,0.5457927258580841,44.342882949999996,12.0,21.666666666666668
sita_sings_the_blues,11,,stage56_evaluation_high_start,bola-basic,0.7187861903760703,0.0,0.0,3083.2,3178.2577333333334,9.846336479719673,3.434718825287276,0.3796197843325579,0.5668049294561139,44.70710196666666,12.0,28.333333333333332
sita_sings_the_blues,11,,stage56_evaluation_high_start,robust-mpc,0.9069729974864653,0.0,0.0,3914.4666666666667,3362.7727999999997,10.23128370078767,3.4372271161273003,0.4784383648882084,0.6886789421242704,45.14349443333333,13.0,56.666666666666664
sita_sings_the_blues,11,11020049,stage56_evaluation_high_start,q-learning,0.7187861903760703,0.0,0.0,3335.3,3188.492133333333,10.051976423419546,3.304592000283465,0.389731630544085,0.5914483370221156,44.835756233333335,21.0,38.333333333333336
sita_sings_the_blues,23,,stage56_evaluation_low_start,static,3.9979402123353287,0.0,0.0,973.0,973.4300000000001,5.114757039390102,1.655179531041933,-0.7572921884747953,0.0,41.18824285,0.0,0.0
sita_sings_the_blues,23,,stage56_evaluation_low_start,throughput,3.9979402123353287,0.0,0.0,973.0,973.4300000000001,5.114757039390102,1.655179531041933,-0.7572921884747953,0.0,41.18824285,0.0,0.0
sita_sings_the_blues,23,,stage56_evaluation_low_start,bola-basic,3.9979402123353287,1.168955182272436,1.9482586371207267,1042.0,1062.1738666666668,3.8694577590881796,1.5190358987446526,-1.2493675064996572,0.02936838938037185,41.39757626666667,7.0,0.0
sita_sings_the_blues,23,,stage56_evaluation_low_start,robust-mpc,4.780662996360299,0.0,0.0,1897.0,1113.0303999999999,4.520647702937113,1.3871218530369978,-0.7384209144889925,0.21236798272871568,42.016128683333335,7.0,18.333333333333332
sita_sings_the_blues,23,23020083,stage56_evaluation_low_start,q-learning,3.9979402123353287,0.0,0.0,1083.4,1036.4816,4.72240848997769,1.5236547256992772,-0.8365102860826082,0.04698942300859496,41.41495775,12.0,0.0
sita_sings_the_blues,23,,stage56_evaluation_mixed_start,static,2.271410516992422,0.0,0.0,3867.0666666666666,3747.076,10.859583002283536,3.790793034028947,0.4601214025091784,0.6339539603099004,45.1363579,3.0,61.666666666666664
sita_sings_the_blues,23,,stage56_evaluation_mixed_start,throughput,2.484822543360225,0.0,0.0,2789.6666666666665,2712.1960000000004,11.286687180098268,5.659213320423774,0.17837585548059998,0.5060119406655217,44.262814049999996,7.0,21.666666666666668
sita_sings_the_blues,23,,stage56_evaluation_mixed_start,bola-basic,2.271410516992422,0.0,0.0,3254.5,3249.2734666666665,10.16331510842129,4.326566135451647,0.28330854453549287,0.5685742524943851,44.72511196666667,8.0,36.666666666666664
sita_sings_the_blues,23,,stage56_evaluation_mixed_start,robust-mpc,2.856203366282591,0.0,0.0,4046.366666666667,3537.0572,11.04069976692702,4.431273878516857,0.44501329383321103,0.6851952142630342,45.1726917,7.0,63.333333333333336
sita_sings_the_blues,23,23020084,stage56_evaluation_mixed_start,q-learning,2.271410516992422,0.0,0.0,2576.8333333333335,2710.938,11.336352664635546,5.319266808667942,0.16602996956142238,0.44297647796682693,43.837082200000005,27.0,18.333333333333332
sita_sings_the_blues,23,,stage56_evaluation_high_start,static,0.7187861903760703,2.2376608664432345,3.7294347774053906,2637.766666666667,2748.0594666666666,7.410945067700108,4.214293486717069,-0.5550340186097197,0.38581584123960105,43.77977716666667,12.0,31.666666666666668
sita_sings_the_blues,23,,stage56_evaluation_high_start,throughput,0.9069729974864653,0.0,0.0,2925.6,2882.3928,9.148977265234025,4.784103134180483,0.0850757700967498,0.5457927258580841,44.342882949999996,12.0,21.666666666666668
sita_sings_the_blues,23,,stage56_evaluation_high_start,bola-basic,0.7187861903760703,0.0,0.0,3083.2,3178.2577333333334,9.846336479719673,3.434718825287276,0.3796197843325579,0.5668049294561139,44.70710196666666,12.0,28.333333333333332
sita_sings_the_blues,23,,stage56_evaluation_high_start,robust-mpc,0.9069729974864653,0.0,0.0,3914.4666666666667,3362.7727999999997,10.23128370078767,3.4372271161273003,0.4784383648882084,0.6886789421242704,45.14349443333333,13.0,56.666666666666664
sita_sings_the_blues,23,23020085,stage56_evaluation_high_start,q-learning,0.7187861903760703,0.0,0.0,2720.6666666666665,2648.1966666666663,11.986195429806733,5.488270998241904,0.2211282857327703,0.47664355128514985,44.0071359,31.0,21.666666666666668
sita_sings_the_blues,37,,stage56_evaluation_low_start,static,3.9979402123353287,0.0,0.0,973.0,973.4300000000001,5.114757039390102,1.655179531041933,-0.7572921884747953,0.0,41.18824285,0.0,0.0
sita_sings_the_blues,37,,stage56_evaluation_low_start,throughput,3.9979402123353287,0.0,0.0,973.0,973.4300000000001,5.114757039390102,1.655179531041933,-0.7572921884747953,0.0,41.18824285,0.0,0.0
sita_sings_the_blues,37,,stage56_evaluation_low_start,bola-basic,3.9979402123353287,1.168955182272436,1.9482586371207267,1042.0,1062.1738666666668,3.8694577590881796,1.5190358987446526,-1.2493675064996572,0.02936838938037185,41.39757626666667,7.0,0.0
sita_sings_the_blues,37,,stage56_evaluation_low_start,robust-mpc,4.780662996360299,0.0,0.0,1897.0,1113.0303999999999,4.520647702937113,1.3871218530369978,-0.7384209144889925,0.21236798272871568,42.016128683333335,7.0,18.333333333333332
sita_sings_the_blues,37,37020125,stage56_evaluation_low_start,q-learning,3.9979402123353287,6.014409945784273,10.024016576307123,1317.8333333333333,1268.9385333333335,3.1212197303880163,1.595753689288003,-2.170478102711655,0.1151373776265609,41.87951233333333,12.0,0.0
sita_sings_the_blues,37,,stage56_evaluation_mixed_start,static,2.271410516992422,0.0,0.0,3867.0666666666666,3747.076,10.859583002283536,3.790793034028947,0.4601214025091784,0.6339539603099004,45.1363579,3.0,61.666666666666664
sita_sings_the_blues,37,,stage56_evaluation_mixed_start,throughput,2.484822543360225,0.0,0.0,2789.6666666666665,2712.1960000000004,11.286687180098268,5.659213320423774,0.17837585548059998,0.5060119406655217,44.262814049999996,7.0,21.666666666666668
sita_sings_the_blues,37,,stage56_evaluation_mixed_start,bola-basic,2.271410516992422,0.0,0.0,3254.5,3249.2734666666665,10.16331510842129,4.326566135451647,0.28330854453549287,0.5685742524943851,44.72511196666667,8.0,36.666666666666664
sita_sings_the_blues,37,,stage56_evaluation_mixed_start,robust-mpc,2.856203366282591,0.0,0.0,4046.366666666667,3537.0572,11.04069976692702,4.431273878516857,0.44501329383321103,0.6851952142630342,45.1726917,7.0,63.333333333333336
sita_sings_the_blues,37,37020126,stage56_evaluation_mixed_start,q-learning,2.271410516992422,2.179610085477636,3.6326834757960595,3193.4666666666667,3188.9564,7.865315974433538,4.3862369520103925,-0.38853301359962855,0.5701492464325085,44.757454583333335,25.0,33.333333333333336
sita_sings_the_blues,37,,stage56_evaluation_high_start,static,0.7187861903760703,2.2376608664432345,3.7294347774053906,2637.766666666667,2748.0594666666666,7.410945067700108,4.214293486717069,-0.5550340186097197,0.38581584123960105,43.77977716666667,12.0,31.666666666666668
sita_sings_the_blues,37,,stage56_evaluation_high_start,throughput,0.9069729974864653,0.0,0.0,2925.6,2882.3928,9.148977265234025,4.784103134180483,0.0850757700967498,0.5457927258580841,44.342882949999996,12.0,21.666666666666668
sita_sings_the_blues,37,,stage56_evaluation_high_start,bola-basic,0.7187861903760703,0.0,0.0,3083.2,3178.2577333333334,9.846336479719673,3.434718825287276,0.3796197843325579,0.5668049294561139,44.70710196666666,12.0,28.333333333333332
sita_sings_the_blues,37,,stage56_evaluation_high_start,robust-mpc,0.9069729974864653,0.0,0.0,3914.4666666666667,3362.7727999999997,10.23128370078767,3.4372271161273003,0.4784383648882084,0.6886789421242704,45.14349443333333,13.0,56.666666666666664
sita_sings_the_blues,37,37020127,stage56_evaluation_high_start,q-learning,0.7187861903760703,0.0,0.0,3057.5666666666666,2977.882133333333,10.089386992192406,4.165141581914713,0.3188585398246587,0.5488970088363134,44.57927891666667,23.0,30.0
sita_sings_the_blues,53,,stage56_evaluation_low_start,static,3.9979402123353287,0.0,0.0,973.0,973.4300000000001,5.114757039390102,1.655179531041933,-0.7572921884747953,0.0,41.18824285,0.0,0.0
sita_sings_the_blues,53,,stage56_evaluation_low_start,throughput,3.9979402123353287,0.0,0.0,973.0,973.4300000000001,5.114757039390102,1.655179531041933,-0.7572921884747953,0.0,41.18824285,0.0,0.0
sita_sings_the_blues,53,,stage56_evaluation_low_start,bola-basic,3.9979402123353287,1.168955182272436,1.9482586371207267,1042.0,1062.1738666666668,3.8694577590881796,1.5190358987446526,-1.2493675064996572,0.02936838938037185,41.39757626666667,7.0,0.0
sita_sings_the_blues,53,,stage56_evaluation_low_start,robust-mpc,4.780662996360299,0.0,0.0,1897.0,1113.0303999999999,4.520647702937113,1.3871218530369978,-0.7384209144889925,0.21236798272871568,42.016128683333335,7.0,18.333333333333332
sita_sings_the_blues,53,53020173,stage56_evaluation_low_start,q-learning,3.9979402123353287,0.3219995304366208,0.5366658840610347,1014.4,1017.4569333333333,4.045091280557517,1.6146647696001664,-1.0734817346493777,0.017621033628223107,41.28666025,6.0,0.0
sita_sings_the_blues,53,,stage56_evaluation_mixed_start,static,2.271410516992422,0.0,0.0,3867.0666666666666,3747.076,10.859583002283536,3.790793034028947,0.4601214025091784,0.6339539603099004,45.1363579,3.0,61.666666666666664
sita_sings_the_blues,53,,stage56_evaluation_mixed_start,throughput,2.484822543360225,0.0,0.0,2789.6666666666665,2712.1960000000004,11.286687180098268,5.659213320423774,0.17837585548059998,0.5060119406655217,44.262814049999996,7.0,21.666666666666668
sita_sings_the_blues,53,,stage56_evaluation_mixed_start,bola-basic,2.271410516992422,0.0,0.0,3254.5,3249.2734666666665,10.16331510842129,4.326566135451647,0.28330854453549287,0.5685742524943851,44.72511196666667,8.0,36.666666666666664
sita_sings_the_blues,53,,stage56_evaluation_mixed_start,robust-mpc,2.856203366282591,0.0,0.0,4046.366666666667,3537.0572,11.04069976692702,4.431273878516857,0.44501329383321103,0.6851952142630342,45.1726917,7.0,63.333333333333336
sita_sings_the_blues,53,53020174,stage56_evaluation_mixed_start,q-learning,2.271410516992422,0.0,0.0,2858.5333333333333,2975.174,10.031994775738157,4.978802573999792,0.12281068043532609,0.5222043083669626,44.40187736666667,21.0,18.333333333333332
sita_sings_the_blues,53,,stage56_evaluation_high_start,static,0.7187861903760703,2.2376608664432345,3.7294347774053906,2637.766666666667,2748.0594666666666,7.410945067700108,4.214293486717069,-0.5550340186097197,0.38581584123960105,43.77977716666667,12.0,31.666666666666668
sita_sings_the_blues,53,,stage56_evaluation_high_start,throughput,0.9069729974864653,0.0,0.0,2925.6,2882.3928,9.148977265234025,4.784103134180483,0.0850757700967498,0.5457927258580841,44.342882949999996,12.0,21.666666666666668
sita_sings_the_blues,53,,stage56_evaluation_high_start,bola-basic,0.7187861903760703,0.0,0.0,3083.2,3178.2577333333334,9.846336479719673,3.434718825287276,0.3796197843325579,0.5668049294561139,44.70710196666666,12.0,28.333333333333332
sita_sings_the_blues,53,,stage56_evaluation_high_start,robust-mpc,0.9069729974864653,0.0,0.0,3914.4666666666667,3362.7727999999997,10.23128370078767,3.4372271161273003,0.4784383648882084,0.6886789421242704,45.14349443333333,13.0,56.666666666666664
sita_sings_the_blues,53,53020175,stage56_evaluation_high_start,q-learning,0.7187861903760703,0.0,0.0,2464.5666666666666,2547.588666666667,11.542868860494604,5.25577741410985,0.1434016845492085,0.42726417826171675,43.82401973333333,30.0,15.0
sita_sings_the_blues,71,,stage56_evaluation_low_start,static,3.9979402123353287,0.0,0.0,973.0,973.4300000000001,5.114757039390102,1.655179531041933,-0.7572921884747953,0.0,41.18824285,0.0,0.0
sita_sings_the_blues,71,,stage56_evaluation_low_start,throughput,3.9979402123353287,0.0,0.0,973.0,973.4300000000001,5.114757039390102,1.655179531041933,-0.7572921884747953,0.0,41.18824285,0.0,0.0
sita_sings_the_blues,71,,stage56_evaluation_low_start,bola-basic,3.9979402123353287,1.168955182272436,1.9482586371207267,1042.0,1062.1738666666668,3.8694577590881796,1.5190358987446526,-1.2493675064996572,0.02936838938037185,41.39757626666667,7.0,0.0
sita_sings_the_blues,71,,stage56_evaluation_low_start,robust-mpc,4.780662996360299,0.0,0.0,1897.0,1113.0303999999999,4.520647702937113,1.3871218530369978,-0.7384209144889925,0.21236798272871568,42.016128683333335,7.0,18.333333333333332
sita_sings_the_blues,71,71020227,stage56_evaluation_low_start,q-learning,3.9979402123353287,0.3782497187624223,0.6304161979373705,1042.0,1018.4769333333334,4.022840287683526,1.6058870089122408,-1.0869340462198593,0.02936838938037185,41.3449728,10.0,0.0
sita_sings_the_blues,71,,stage56_evaluation_mixed_start,static,2.271410516992422,0.0,0.0,3867.0666666666666,3747.076,10.859583002283536,3.790793034028947,0.4601214025091784,0.6339539603099004,45.1363579,3.0,61.666666666666664
sita_sings_the_blues,71,,stage56_evaluation_mixed_start,throughput,2.484822543360225,0.0,0.0,2789.6666666666665,2712.1960000000004,11.286687180098268,5.659213320423774,0.17837585548059998,0.5060119406655217,44.262814049999996,7.0,21.666666666666668
sita_sings_the_blues,71,,stage56_evaluation_mixed_start,bola-basic,2.271410516992422,0.0,0.0,3254.5,3249.2734666666665,10.16331510842129,4.326566135451647,0.28330854453549287,0.5685742524943851,44.72511196666667,8.0,36.666666666666664
sita_sings_the_blues,71,,stage56_evaluation_mixed_start,robust-mpc,2.856203366282591,0.0,0.0,4046.366666666667,3537.0572,11.04069976692702,4.431273878516857,0.44501329383321103,0.6851952142630342,45.1726917,7.0,63.333333333333336
sita_sings_the_blues,71,71020228,stage56_evaluation_mixed_start,q-learning,2.271410516992422,0.0,0.0,1863.7,1823.0058666666666,11.349288954892195,6.468816435162215,-0.12882656685361982,0.29980452280445774,42.929160333333336,28.0,1.6666666666666667
sita_sings_the_blues,71,,stage56_evaluation_high_start,static,0.7187861903760703,2.2376608664432345,3.7294347774053906,2637.766666666667,2748.0594666666666,7.410945067700108,4.214293486717069,-0.5550340186097197,0.38581584123960105,43.77977716666667,12.0,31.666666666666668
sita_sings_the_blues,71,,stage56_evaluation_high_start,throughput,0.9069729974864653,0.0,0.0,2925.6,2882.3928,9.148977265234025,4.784103134180483,0.0850757700967498,0.5457927258580841,44.342882949999996,12.0,21.666666666666668
sita_sings_the_blues,71,,stage56_evaluation_high_start,bola-basic,0.7187861903760703,0.0,0.0,3083.2,3178.2577333333334,9.846336479719673,3.434718825287276,0.3796197843325579,0.5668049294561139,44.70710196666666,12.0,28.333333333333332
sita_sings_the_blues,71,,stage56_evaluation_high_start,robust-mpc,0.9069729974864653,0.0,0.0,3914.4666666666667,3362.7727999999997,10.23128370078767,3.4372271161273003,0.4784383648882084,0.6886789421242704,45.14349443333333,13.0,56.666666666666664
sita_sings_the_blues,71,71020229,stage56_evaluation_high_start,q-learning,0.7187861903760703,0.0,0.0,2437.0666666666666,2451.6590666666666,9.607165050354103,5.344299745217667,0.03496290117091583,0.4406333809454009,43.90902358333334,24.0,13.333333333333334
sita_sings_the_blues,89,,stage56_evaluation_low_start,static,3.9979402123353287,0.0,0.0,973.0,973.4300000000001,5.114757039390102,1.655179531041933,-0.7572921884747953,0.0,41.18824285,0.0,0.0
sita_sings_the_blues,89,,stage56_evaluation_low_start,throughput,3.9979402123353287,0.0,0.0,973.0,973.4300000000001,5.114757039390102,1.655179531041933,-0.7572921884747953,0.0,41.18824285,0.0,0.0
sita_sings_the_blues,89,,stage56_evaluation_low_start,bola-basic,3.9979402123353287,1.168955182272436,1.9482586371207267,1042.0,1062.1738666666668,3.8694577590881796,1.5190358987446526,-1.2493675064996572,0.02936838938037185,41.39757626666667,7.0,0.0
sita_sings_the_blues,89,,stage56_evaluation_low_start,robust-mpc,4.780662996360299,0.0,0.0,1897.0,1113.0303999999999,4.520647702937113,1.3871218530369978,-0.7384209144889925,0.21236798272871568,42.016128683333335,7.0,18.333333333333332
sita_sings_the_blues,89,89020281,stage56_evaluation_low_start,q-learning,3.9979402123353287,0.0,0.0,973.0,973.4300000000001,5.114757039390102,1.655179531041933,-0.7572921884747953,0.0,41.18824285,0.0,0.0
sita_sings_the_blues,89,,stage56_evaluation_mixed_start,static,2.271410516992422,0.0,0.0,3867.0666666666666,3747.076,10.859583002283536,3.790793034028947,0.4601214025091784,0.6339539603099004,45.1363579,3.0,61.666666666666664
sita_sings_the_blues,89,,stage56_evaluation_mixed_start,throughput,2.484822543360225,0.0,0.0,2789.6666666666665,2712.1960000000004,11.286687180098268,5.659213320423774,0.17837585548059998,0.5060119406655217,44.262814049999996,7.0,21.666666666666668
sita_sings_the_blues,89,,stage56_evaluation_mixed_start,bola-basic,2.271410516992422,0.0,0.0,3254.5,3249.2734666666665,10.16331510842129,4.326566135451647,0.28330854453549287,0.5685742524943851,44.72511196666667,8.0,36.666666666666664
sita_sings_the_blues,89,,stage56_evaluation_mixed_start,robust-mpc,2.856203366282591,0.0,0.0,4046.366666666667,3537.0572,11.04069976692702,4.431273878516857,0.44501329383321103,0.6851952142630342,45.1726917,7.0,63.333333333333336
sita_sings_the_blues,89,89020282,stage56_evaluation_mixed_start,q-learning,2.271410516992422,0.0,0.0,2346.3333333333335,2400.1162666666664,10.840488496900301,5.726934653131616,-0.019752456198160535,0.39297647796682694,43.491005,26.0,13.333333333333334
sita_sings_the_blues,89,,stage56_evaluation_high_start,static,0.7187861903760703,2.2376608664432345,3.7294347774053906,2637.766666666667,2748.0594666666666,7.410945067700108,4.214293486717069,-0.5550340186097197,0.38581584123960105,43.77977716666667,12.0,31.666666666666668
sita_sings_the_blues,89,,stage56_evaluation_high_start,throughput,0.9069729974864653,0.0,0.0,2925.6,2882.3928,9.148977265234025,4.784103134180483,0.0850757700967498,0.5457927258580841,44.342882949999996,12.0,21.666666666666668
sita_sings_the_blues,89,,stage56_evaluation_high_start,bola-basic,0.7187861903760703,0.0,0.0,3083.2,3178.2577333333334,9.846336479719673,3.434718825287276,0.3796197843325579,0.5668049294561139,44.70710196666666,12.0,28.333333333333332
sita_sings_the_blues,89,,stage56_evaluation_high_start,robust-mpc,0.9069729974864653,0.0,0.0,3914.4666666666667,3362.7727999999997,10.23128370078767,3.4372271161273003,0.4784383648882084,0.6886789421242704,45.14349443333333,13.0,56.666666666666664
sita_sings_the_blues,89,89020283,stage56_evaluation_high_start,q-learning,0.7187861903760703,0.0,0.0,3203.3,3208.8858666666665,9.842924355007087,4.165593575324857,0.2723982723294915,0.569815506447519,44.70189836666667,26.0,33.333333333333336
sita_sings_the_blues,107,,stage56_evaluation_low_start,static,3.9979402123353287,0.0,0.0,973.0,973.4300000000001,5.114757039390102,1.655179531041933,-0.7572921884747953,0.0,41.18824285,0.0,0.0
sita_sings_the_blues,107,,stage56_evaluation_low_start,throughput,3.9979402123353287,0.0,0.0,973.0,973.4300000000001,5.114757039390102,1.655179531041933,-0.7572921884747953,0.0,41.18824285,0.0,0.0
sita_sings_the_blues,107,,stage56_evaluation_low_start,bola-basic,3.9979402123353287,1.168955182272436,1.9482586371207267,1042.0,1062.1738666666668,3.8694577590881796,1.5190358987446526,-1.2493675064996572,0.02936838938037185,41.39757626666667,7.0,0.0
sita_sings_the_blues,107,,stage56_evaluation_low_start,robust-mpc,4.780662996360299,0.0,0.0,1897.0,1113.0303999999999,4.520647702937113,1.3871218530369978,-0.7384209144889925,0.21236798272871568,42.016128683333335,7.0,18.333333333333332
sita_sings_the_blues,107,107020335,stage56_evaluation_low_start,q-learning,3.9979402123353287,0.0,0.0,1069.6,1034.7058666666667,4.757834198010998,1.5289303069680207,-0.8335275369503551,0.04111574513252059,41.386876433333335,12.0,0.0
sita_sings_the_blues,107,,stage56_evaluation_mixed_start,static,2.271410516992422,0.0,0.0,3867.0666666666666,3747.076,10.859583002283536,3.790793034028947,0.4601214025091784,0.6339539603099004,45.1363579,3.0,61.666666666666664
sita_sings_the_blues,107,,stage56_evaluation_mixed_start,throughput,2.484822543360225,0.0,0.0,2789.6666666666665,2712.1960000000004,11.286687180098268,5.659213320423774,0.17837585548059998,0.5060119406655217,44.262814049999996,7.0,21.666666666666668
sita_sings_the_blues,107,,stage56_evaluation_mixed_start,bola-basic,2.271410516992422,0.0,0.0,3254.5,3249.2734666666665,10.16331510842129,4.326566135451647,0.28330854453549287,0.5685742524943851,44.72511196666667,8.0,36.666666666666664
sita_sings_the_blues,107,,stage56_evaluation_mixed_start,robust-mpc,2.856203366282591,0.0,0.0,4046.366666666667,3537.0572,11.04069976692702,4.431273878516857,0.44501329383321103,0.6851952142630342,45.1726917,7.0,63.333333333333336
sita_sings_the_blues,107,107020336,stage56_evaluation_mixed_start,q-learning,2.271410516992422,0.0,0.0,2434.9666666666667,2266.2898666666665,11.738548999320756,5.708175629505837,0.12499639037687313,0.40314883978085236,43.54908318333333,27.0,16.666666666666668
sita_sings_the_blues,107,,stage56_evaluation_high_start,static,0.7187861903760703,2.2376608664432345,3.7294347774053906,2637.766666666667,2748.0594666666666,7.410945067700108,4.214293486717069,-0.5550340186097197,0.38581584123960105,43.77977716666667,12.0,31.666666666666668
sita_sings_the_blues,107,,stage56_evaluation_high_start,throughput,0.9069729974864653,0.0,0.0,2925.6,2882.3928,9.148977265234025,4.784103134180483,0.0850757700967498,0.5457927258580841,44.342882949999996,12.0,21.666666666666668
sita_sings_the_blues,107,,stage56_evaluation_high_start,bola-basic,0.7187861903760703,0.0,0.0,3083.2,3178.2577333333334,9.846336479719673,3.434718825287276,0.3796197843325579,0.5668049294561139,44.70710196666666,12.0,28.333333333333332
sita_sings_the_blues,107,,stage56_evaluation_high_start,robust-mpc,0.9069729974864653,0.0,0.0,3914.4666666666667,3362.7727999999997,10.23128370078767,3.4372271161273003,0.4784383648882084,0.6886789421242704,45.14349443333333,13.0,56.666666666666664
sita_sings_the_blues,107,107020337,stage56_evaluation_high_start,q-learning,0.7187861903760703,0.0,0.0,3094.9666666666667,3133.7397333333333,9.925921887948938,4.340724834716822,0.2247558118622395,0.5417820770071052,44.59305893333333,31.0,33.333333333333336
sita_sings_the_blues,131,,stage56_evaluation_low_start,static,3.9979402123353287,0.0,0.0,973.0,973.4300000000001,5.114757039390102,1.655179531041933,-0.7572921884747953,0.0,41.18824285,0.0,0.0
sita_sings_the_blues,131,,stage56_evaluation_low_start,throughput,3.9979402123353287,0.0,0.0,973.0,973.4300000000001,5.114757039390102,1.655179531041933,-0.7572921884747953,0.0,41.18824285,0.0,0.0
sita_sings_the_blues,131,,stage56_evaluation_low_start,bola-basic,3.9979402123353287,1.168955182272436,1.9482586371207267,1042.0,1062.1738666666668,3.8694577590881796,1.5190358987446526,-1.2493675064996572,0.02936838938037185,41.39757626666667,7.0,0.0
sita_sings_the_blues,131,,stage56_evaluation_low_start,robust-mpc,4.780662996360299,0.0,0.0,1897.0,1113.0303999999999,4.520647702937113,1.3871218530369978,-0.7384209144889925,0.21236798272871568,42.016128683333335,7.0,18.333333333333332
sita_sings_the_blues,131,131020407,stage56_evaluation_low_start,q-learning,3.9979402123353287,0.3219995304366208,0.5366658840610347,1014.4,1017.4569333333333,4.045091280557517,1.6146647696001664,-1.0734817346493777,0.017621033628223107,41.28666025,6.0,0.0
sita_sings_the_blues,131,,stage56_evaluation_mixed_start,static,2.271410516992422,0.0,0.0,3867.0666666666666,3747.076,10.859583002283536,3.790793034028947,0.4601214025091784,0.6339539603099004,45.1363579,3.0,61.666666666666664
sita_sings_the_blues,131,,stage56_evaluation_mixed_start,throughput,2.484822543360225,0.0,0.0,2789.6666666666665,2712.1960000000004,11.286687180098268,5.659213320423774,0.17837585548059998,0.5060119406655217,44.262814049999996,7.0,21.666666666666668
sita_sings_the_blues,131,,stage56_evaluation_mixed_start,bola-basic,2.271410516992422,0.0,0.0,3254.5,3249.2734666666665,10.16331510842129,4.326566135451647,0.28330854453549287,0.5685742524943851,44.72511196666667,8.0,36.666666666666664
sita_sings_the_blues,131,,stage56_evaluation_mixed_start,robust-mpc,2.856203366282591,0.0,0.0,4046.366666666667,3537.0572,11.04069976692702,4.431273878516857,0.44501329383321103,0.6851952142630342,45.1726917,7.0,63.333333333333336
sita_sings_the_blues,131,131020408,stage56_evaluation_mixed_start,q-learning,2.271410516992422,1.0886813002420277,1.8144688337367127,2269.4666666666667,2330.9566666666665,9.875462017312229,6.736080311759144,-0.42908906057736207,0.3577812637037928,43.26495005,28.0,15.0
sita_sings_the_blues,131,,stage56_evaluation_high_start,static,0.7187861903760703,2.2376608664432345,3.7294347774053906,2637.766666666667,2748.0594666666666,7.410945067700108,4.214293486717069,-0.5550340186097197,0.38581584123960105,43.77977716666667,12.0,31.666666666666668
sita_sings_the_blues,131,,stage56_evaluation_high_start,throughput,0.9069729974864653,0.0,0.0,2925.6,2882.3928,9.148977265234025,4.784103134180483,0.0850757700967498,0.5457927258580841,44.342882949999996,12.0,21.666666666666668
sita_sings_the_blues,131,,stage56_evaluation_high_start,bola-basic,0.7187861903760703,0.0,0.0,3083.2,3178.2577333333334,9.846336479719673,3.434718825287276,0.3796197843325579,0.5668049294561139,44.70710196666666,12.0,28.333333333333332
sita_sings_the_blues,131,,stage56_evaluation_high_start,robust-mpc,0.9069729974864653,0.0,0.0,3914.4666666666667,3362.7727999999997,10.23128370078767,3.4372271161273003,0.4784383648882084,0.6886789421242704,45.14349443333333,13.0,56.666666666666664
sita_sings_the_blues,131,131020409,stage56_evaluation_high_start,q-learning,0.7187861903760703,0.0,0.0,2364.0666666666666,2235.8301333333334,12.254146445174879,5.536597150230686,0.1754755712536161,0.3865290261075977,43.60571243333333,22.0,16.666666666666668
sita_sings_the_blues,149,,stage56_evaluation_low_start,static,3.9979402123353287,0.0,0.0,973.0,973.4300000000001,5.114757039390102,1.655179531041933,-0.7572921884747953,0.0,41.18824285,0.0,0.0
sita_sings_the_blues,149,,stage56_evaluation_low_start,throughput,3.9979402123353287,0.0,0.0,973.0,973.4300000000001,5.114757039390102,1.655179531041933,-0.7572921884747953,0.0,41.18824285,0.0,0.0
sita_sings_the_blues,149,,stage56_evaluation_low_start,bola-basic,3.9979402123353287,1.168955182272436,1.9482586371207267,1042.0,1062.1738666666668,3.8694577590881796,1.5190358987446526,-1.2493675064996572,0.02936838938037185,41.39757626666667,7.0,0.0
sita_sings_the_blues,149,,stage56_evaluation_low_start,robust-mpc,4.780662996360299,0.0,0.0,1897.0,1113.0303999999999,4.520647702937113,1.3871218530369978,-0.7384209144889925,0.21236798272871568,42.016128683333335,7.0,18.333333333333332
sita_sings_the_blues,149,149020461,stage56_evaluation_low_start,q-learning,3.9979402123353287,2.2084859998933934,3.6808099998223223,1083.4,1072.9678666666666,3.4873361034104287,1.5568876180867781,-1.5184903265649048,0.04698942300859496,41.43317038333333,14.0,0.0
sita_sings_the_blues,149,,stage56_evaluation_mixed_start,static,2.271410516992422,0.0,0.0,3867.0666666666666,3747.076,10.859583002283536,3.790793034028947,0.4601214025091784,0.6339539603099004,45.1363579,3.0,61.666666666666664
sita_sings_the_blues,149,,stage56_evaluation_mixed_start,throughput,2.484822543360225,0.0,0.0,2789.6666666666665,2712.1960000000004,11.286687180098268,5.659213320423774,0.17837585548059998,0.5060119406655217,44.262814049999996,7.0,21.666666666666668
sita_sings_the_blues,149,,stage56_evaluation_mixed_start,bola-basic,2.271410516992422,0.0,0.0,3254.5,3249.2734666666665,10.16331510842129,4.326566135451647,0.28330854453549287,0.5685742524943851,44.72511196666667,8.0,36.666666666666664
sita_sings_the_blues,149,,stage56_evaluation_mixed_start,robust-mpc,2.856203366282591,0.0,0.0,4046.366666666667,3537.0572,11.04069976692702,4.431273878516857,0.44501329383321103,0.6851952142630342,45.1726917,7.0,63.333333333333336
sita_sings_the_blues,149,149020462,stage56_evaluation_mixed_start,q-learning,2.271410516992422,0.0,0.0,2868.366666666667,3000.0545333333334,8.610950664433359,4.348993927057352,0.05975020332031642,0.5218705683819731,44.36497073333333,23.0,18.333333333333332
sita_sings_the_blues,149,,stage56_evaluation_high_start,static,0.7187861903760703,2.2376608664432345,3.7294347774053906,2637.766666666667,2748.0594666666666,7.410945067700108,4.214293486717069,-0.5550340186097197,0.38581584123960105,43.77977716666667,12.0,31.666666666666668
sita_sings_the_blues,149,,stage56_evaluation_high_start,throughput,0.9069729974864653,0.0,0.0,2925.6,2882.3928,9.148977265234025,4.784103134180483,0.0850757700967498,0.5457927258580841,44.342882949999996,12.0,21.666666666666668
sita_sings_the_blues,149,,stage56_evaluation_high_start,bola-basic,0.7187861903760703,0.0,0.0,3083.2,3178.2577333333334,9.846336479719673,3.434718825287276,0.3796197843325579,0.5668049294561139,44.70710196666666,12.0,28.333333333333332
sita_sings_the_blues,149,,stage56_evaluation_high_start,robust-mpc,0.9069729974864653,0.0,0.0,3914.4666666666667,3362.7727999999997,10.23128370078767,3.4372271161273003,0.4784383648882084,0.6886789421242704,45.14349443333333,13.0,56.666666666666664
sita_sings_the_blues,149,149020463,stage56_evaluation_high_start,q-learning,0.7187861903760703,0.0,0.0,2677.3,2655.1450666666665,11.99169545766848,5.228332889959942,0.19805075867240057,0.4651830825245785,44.01516676666667,31.0,20.0
sita_sings_the_blues,173,,stage56_evaluation_low_start,static,3.9979402123353287,0.0,0.0,973.0,973.4300000000001,5.114757039390102,1.655179531041933,-0.7572921884747953,0.0,41.18824285,0.0,0.0
sita_sings_the_blues,173,,stage56_evaluation_low_start,throughput,3.9979402123353287,0.0,0.0,973.0,973.4300000000001,5.114757039390102,1.655179531041933,-0.7572921884747953,0.0,41.18824285,0.0,0.0
sita_sings_the_blues,173,,stage56_evaluation_low_start,bola-basic,3.9979402123353287,1.168955182272436,1.9482586371207267,1042.0,1062.1738666666668,3.8694577590881796,1.5190358987446526,-1.2493675064996572,0.02936838938037185,41.39757626666667,7.0,0.0
sita_sings_the_blues,173,,stage56_evaluation_low_start,robust-mpc,4.780662996360299,0.0,0.0,1897.0,1113.0303999999999,4.520647702937113,1.3871218530369978,-0.7384209144889925,0.21236798272871568,42.016128683333335,7.0,18.333333333333332
sita_sings_the_blues,173,173020533,stage56_evaluation_low_start,q-learning,3.9979402123353287,0.0,0.0,973.0,973.4300000000001,5.114757039390102,1.655179531041933,-0.7572921884747953,0.0,41.18824285,0.0,0.0
sita_sings_the_blues,173,,stage56_evaluation_mixed_start,static,2.271410516992422,0.0,0.0,3867.0666666666666,3747.076,10.859583002283536,3.790793034028947,0.4601214025091784,0.6339539603099004,45.1363579,3.0,61.666666666666664
sita_sings_the_blues,173,,stage56_evaluation_mixed_start,throughput,2.484822543360225,0.0,0.0,2789.6666666666665,2712.1960000000004,11.286687180098268,5.659213320423774,0.17837585548059998,0.5060119406655217,44.262814049999996,7.0,21.666666666666668
sita_sings_the_blues,173,,stage56_evaluation_mixed_start,bola-basic,2.271410516992422,0.0,0.0,3254.5,3249.2734666666665,10.16331510842129,4.326566135451647,0.28330854453549287,0.5685742524943851,44.72511196666667,8.0,36.666666666666664
sita_sings_the_blues,173,,stage56_evaluation_mixed_start,robust-mpc,2.856203366282591,0.0,0.0,4046.366666666667,3537.0572,11.04069976692702,4.431273878516857,0.44501329383321103,0.6851952142630342,45.1726917,7.0,63.333333333333336
sita_sings_the_blues,173,173020534,stage56_evaluation_mixed_start,q-learning,2.271410516992422,0.0,0.0,3108.7,3046.8886666666667,9.508586268090605,4.407291765356157,0.1344082804830033,0.541067744043714,44.490520616666664,24.0,31.666666666666668
sita_sings_the_blues,173,,stage56_evaluation_high_start,static,0.7187861903760703,2.2376608664432345,3.7294347774053906,2637.766666666667,2748.0594666666666,7.410945067700108,4.214293486717069,-0.5550340186097197,0.38581584123960105,43.77977716666667,12.0,31.666666666666668
sita_sings_the_blues,173,,stage56_evaluation_high_start,throughput,0.9069729974864653,0.0,0.0,2925.6,2882.3928,9.148977265234025,4.784103134180483,0.0850757700967498,0.5457927258580841,44.342882949999996,12.0,21.666666666666668
sita_sings_the_blues,173,,stage56_evaluation_high_start,bola-basic,0.7187861903760703,0.0,0.0,3083.2,3178.2577333333334,9.846336479719673,3.434718825287276,0.3796197843325579,0.5668049294561139,44.70710196666666,12.0,28.333333333333332
sita_sings_the_blues,173,,stage56_evaluation_high_start,robust-mpc,0.9069729974864653,0.0,0.0,3914.4666666666667,3362.7727999999997,10.23128370078767,3.4372271161273003,0.4784383648882084,0.6886789421242704,45.14349443333333,13.0,56.666666666666664
sita_sings_the_blues,173,173020535,stage56_evaluation_high_start,q-learning,0.7187861903760703,0.0,0.0,2415.3333333333335,2148.3444,12.927797490774902,5.261524712239138,0.21384588874068233,0.42234486734719884,43.64481758333333,28.0,13.333333333333334
tears_of_steel,11,,stage56_evaluation_low_start,static,2.417917553767716,0.0,0.0,951.65,961.362,6.594617203060247,2.0189365561109365,-0.41938350668486296,0.029019943715303767,42.973309566666664,2.0,0.0
tears_of_steel,11,,stage56_evaluation_low_start,throughput,2.417917553767716,0.0,0.0,1012.6,1002.2273333333334,5.739665806960274,1.4755381992864631,-0.5184374695642793,0.07315551878479937,43.07385863333333,3.0,0.0
tears_of_steel,11,,stage56_evaluation_low_start,bola-basic,2.417917553767716,0.7402470264935403,1.2337450441559006,1052.1333333333334,1037.0785333333333,3.6458428012135378,1.340934696349817,-1.1620829762918974,0.09754069171306583,43.16361931666667,13.0,0.0
tears_of_steel,11,,stage56_evaluation_low_start,robust-mpc,3.460176729871339,0.0,0.0,1020.8333333333334,1024.8862666666666,5.924540678233361,1.6311637431384656,-0.4992772986829846,0.07169399633977006,43.1143,6.0,0.0
tears_of_steel,11,11030054,stage56_evaluation_low_start,q-learning,2.417917553767716,4.665547825917047,7.775913043195078,1215.2,1214.2210666666665,3.3272418351938104,1.7696923840886885,-1.8288972711075644,0.1785042296269105,43.42073355,21.0,0.0
tears_of_steel,11,,stage56_evaluation_mixed_start,static,1.4447694307498828,0.0,0.0,2682.116666666667,2584.5734666666667,13.052526324554359,5.1281880723415885,0.5222136813069614,0.6675581184736852,44.987357849999995,3.0,65.0
tears_of_steel,11,,stage56_evaluation_mixed_start,throughput,2.150151277688907,0.0,0.0,2403.9333333333334,2247.979733333333,12.247860907480687,6.1110558766174154,0.3565719145653992,0.6410908889600562,45.09701785,11.0,33.333333333333336
tears_of_steel,11,,stage56_evaluation_mixed_start,bola-basic,1.4447694307498828,0.0,0.0,2550.7,2446.7852,11.78527887682249,5.749042244865217,0.42274652908586213,0.6731386976173586,45.123950300000004,5.0,50.0
tears_of_steel,11,,stage56_evaluation_mixed_start,robust-mpc,3.827713804383984,0.0,0.0,2839.9333333333334,2675.3188,12.117351538998275,5.5285153295440015,0.5066587745796627,0.75055324947057,45.33244908333334,7.0,66.66666666666667
tears_of_steel,11,11030055,stage56_evaluation_mixed_start,q-learning,1.4447694307498828,0.0,0.0,2092.116666666667,2047.2397333333333,13.382873755828118,5.70056568263877,0.30924084868932805,0.4990749058580998,44.44115703333333,19.0,31.666666666666668
tears_of_steel,11,,stage56_evaluation_high_start,static,0.5313355950348654,0.0,0.0,2558.8166666666666,2640.835866666667,10.102129165308892,4.271630035886545,0.4037586302219561,0.6514447012775885,45.0656325,7.0,55.0
tears_of_steel,11,,stage56_evaluation_high_start,throughput,1.4679369599222611,0.0,0.0,2644.383333333333,2517.8446666666664,11.619177272523178,5.772166146159361,0.41763940111899217,0.7171150960852966,45.170722966666666,11.0,46.666666666666664
tears_of_steel,11,,stage56_evaluation_high_start,bola-basic,0.5313355950348654,0.0,0.0,2714.5833333333335,2683.7662666666665,11.253086047503725,4.4955534095986565,0.5745610117067858,0.7382558429544968,45.25765498333333,7.0,50.0
tears_of_steel,11,,stage56_evaluation_high_start,robust-mpc,1.4679369599222611,0.0,0.0,2922.7166666666667,2738.7433333333333,11.333814661311973,4.827702328936496,0.5771100256662679,0.8099666604617076,45.47167615,9.0,60.0
tears_of_steel,11,11030056,stage56_evaluation_high_start,q-learning,0.5313355950348654,0.0,0.0,2082.233333333333,1978.7101333333333,14.063505963795752,5.447223388660983,0.3221639283841518,0.4929786126260332,44.468029200000004,18.0,31.666666666666668
tears_of_steel,23,,stage56_evaluation_low_start,static,2.417917553767716,0.0,0.0,951.65,961.362,6.594617203060247,2.0189365561109365,-0.41938350668486296,0.029019943715303767,42.973309566666664,2.0,0.0
tears_of_steel,23,,stage56_evaluation_low_start,throughput,2.417917553767716,0.0,0.0,1012.6,1002.2273333333334,5.739665806960274,1.4755381992864631,-0.5184374695642793,0.07315551878479937,43.07385863333333,3.0,0.0
tears_of_steel,23,,stage56_evaluation_low_start,bola-basic,2.417917553767716,0.7402470264935403,1.2337450441559006,1052.1333333333334,1037.0785333333333,3.6458428012135378,1.340934696349817,-1.1620829762918974,0.09754069171306583,43.16361931666667,13.0,0.0
tears_of_steel,23,,stage56_evaluation_low_start,robust-mpc,3.460176729871339,0.0,0.0,1020.8333333333334,1024.8862666666666,5.924540678233361,1.6311637431384656,-0.4992772986829846,0.07169399633977006,43.1143,6.0,0.0
tears_of_steel,23,23030090,stage56_evaluation_low_start,q-learning,2.417917553767716,0.0,0.0,953.3,949.3926666666666,6.079966130753223,1.7072874836369738,-0.49452844593133616,0.036577759392399684,42.9759921,6.0,0.0
tears_of_steel,23,,stage56_evaluation_mixed_start,static,1.4447694307498828,0.0,0.0,2682.116666666667,2584.5734666666667,13.052526324554359,5.1281880723415885,0.5222136813069614,0.6675581184736852,44.987357849999995,3.0,65.0
tears_of_steel,23,,stage56_evaluation_mixed_start,throughput,2.150151277688907,0.0,0.0,2403.9333333333334,2247.979733333333,12.247860907480687,6.1110558766174154,0.3565719145653992,0.6410908889600562,45.09701785,11.0,33.333333333333336
tears_of_steel,23,,stage56_evaluation_mixed_start,bola-basic,1.4447694307498828,0.0,0.0,2550.7,2446.7852,11.78527887682249,5.749042244865217,0.42274652908586213,0.6731386976173586,45.123950300000004,5.0,50.0
tears_of_steel,23,,stage56_evaluation_mixed_start,robust-mpc,3.827713804383984,0.0,0.0,2839.9333333333334,2675.3188,12.117351538998275,5.5285153295440015,0.5066587745796627,0.75055324947057,45.33244908333334,7.0,66.66666666666667
tears_of_steel,23,23030091,stage56_evaluation_mixed_start,q-learning,1.4447694307498828,0.0,0.0,2179.2166666666667,2183.0952,13.250759748724791,5.698397502351047,0.3578575933204353,0.5520706424481632,44.7442039,23.0,28.333333333333332
tears_of_steel,23,,stage56_evaluation_high_start,static,0.5313355950348654,0.0,0.0,2558.8166666666666,2640.835866666667,10.102129165308892,4.271630035886545,0.4037586302219561,0.6514447012775885,45.0656325,7.0,55.0
tears_of_steel,23,,stage56_evaluation_high_start,throughput,1.4679369599222611,0.0,0.0,2644.383333333333,2517.8446666666664,11.619177272523178,5.772166146159361,0.41763940111899217,0.7171150960852966,45.170722966666666,11.0,46.666666666666664
tears_of_steel,23,,stage56_evaluation_high_start,bola-basic,0.5313355950348654,0.0,0.0,2714.5833333333335,2683.7662666666665,11.253086047503725,4.4955534095986565,0.5745610117067858,0.7382558429544968,45.25765498333333,7.0,50.0
tears_of_steel,23,,stage56_evaluation_high_start,robust-mpc,1.4679369599222611,0.0,0.0,2922.7166666666667,2738.7433333333333,11.333814661311973,4.827702328936496,0.5771100256662679,0.8099666604617076,45.47167615,9.0,60.0
tears_of_steel,23,23030092,stage56_evaluation_high_start,q-learning,0.5313355950348654,0.0,0.0,2407.0,2339.0762666666665,13.916837496663494,5.11953389549206,0.4395233986293539,0.6157415725247666,44.90328828333334,21.0,43.333333333333336
tears_of_steel,37,,stage56_evaluation_low_start,static,2.417917553767716,0.0,0.0,951.65,961.362,6.594617203060247,2.0189365561109365,-0.41938350668486296,0.029019943715303767,42.973309566666664,2.0,0.0
tears_of_steel,37,,stage56_evaluation_low_start,throughput,2.417917553767716,0.0,0.0,1012.6,1002.2273333333334,5.739665806960274,1.4755381992864631,-0.5184374695642793,0.07315551878479937,43.07385863333333,3.0,0.0
tears_of_steel,37,,stage56_evaluation_low_start,bola-basic,2.417917553767716,0.7402470264935403,1.2337450441559006,1052.1333333333334,1037.0785333333333,3.6458428012135378,1.340934696349817,-1.1620829762918974,0.09754069171306583,43.16361931666667,13.0,0.0
tears_of_steel,37,,stage56_evaluation_low_start,robust-mpc,3.460176729871339,0.0,0.0,1020.8333333333334,1024.8862666666666,5.924540678233361,1.6311637431384656,-0.4992772986829846,0.07169399633977006,43.1143,6.0,0.0
tears_of_steel,37,37030132,stage56_evaluation_low_start,q-learning,2.417917553767716,14.805846179283765,24.676410298806275,1525.6833333333334,1513.9216000000001,1.6291382285209222,1.1153885272895725,-3.7946362886071734,0.327507957767952,43.9610173,20.0,0.0
tears_of_steel,37,,stage56_evaluation_mixed_start,static,1.4447694307498828,0.0,0.0,2682.116666666667,2584.5734666666667,13.052526324554359,5.1281880723415885,0.5222136813069614,0.6675581184736852,44.987357849999995,3.0,65.0
tears_of_steel,37,,stage56_evaluation_mixed_start,throughput,2.150151277688907,0.0,0.0,2403.9333333333334,2247.979733333333,12.247860907480687,6.1110558766174154,0.3565719145653992,0.6410908889600562,45.09701785,11.0,33.333333333333336
tears_of_steel,37,,stage56_evaluation_mixed_start,bola-basic,1.4447694307498828,0.0,0.0,2550.7,2446.7852,11.78527887682249,5.749042244865217,0.42274652908586213,0.6731386976173586,45.123950300000004,5.0,50.0
tears_of_steel,37,,stage56_evaluation_mixed_start,robust-mpc,3.827713804383984,0.0,0.0,2839.9333333333334,2675.3188,12.117351538998275,5.5285153295440015,0.5066587745796627,0.75055324947057,45.33244908333334,7.0,66.66666666666667
tears_of_steel,37,37030133,stage56_evaluation_mixed_start,q-learning,1.4447694307498828,0.6701478478667495,1.1169130797779159,2543.2,2412.6314666666667,8.859411885332943,5.685938090091416,-0.012747069332602976,0.6846732145589819,45.14635288333333,26.0,41.666666666666664
tears_of_steel,37,,stage56_evaluation_high_start,static,0.5313355950348654,0.0,0.0,2558.8166666666666,2640.835866666667,10.102129165308892,4.271630035886545,0.4037586302219561,0.6514447012775885,45.0656325,7.0,55.0
tears_of_steel,37,,stage56_evaluation_high_start,throughput,1.4679369599222611,0.0,0.0,2644.383333333333,2517.8446666666664,11.619177272523178,5.772166146159361,0.41763940111899217,0.7171150960852966,45.170722966666666,11.0,46.666666666666664
tears_of_steel,37,,stage56_evaluation_high_start,bola-basic,0.5313355950348654,0.0,0.0,2714.5833333333335,2683.7662666666665,11.253086047503725,4.4955534095986565,0.5745610117067858,0.7382558429544968,45.25765498333333,7.0,50.0
tears_of_steel,37,,stage56_evaluation_high_start,robust-mpc,1.4679369599222611,0.0,0.0,2922.7166666666667,2738.7433333333333,11.333814661311973,4.827702328936496,0.5771100256662679,0.8099666604617076,45.47167615,9.0,60.0
tears_of_steel,37,37030134,stage56_evaluation_high_start,q-learning,0.5313355950348654,0.0,0.0,2214.3166666666666,2162.1756,13.018336010868115,5.66670202665499,0.3723878388134281,0.5626410158827632,44.632908416666666,20.0,30.0
tears_of_steel,53,,stage56_evaluation_low_start,static,2.417917553767716,0.0,0.0,951.65,961.362,6.594617203060247,2.0189365561109365,-0.41938350668486296,0.029019943715303767,42.973309566666664,2.0,0.0
tears_of_steel,53,,stage56_evaluation_low_start,throughput,2.417917553767716,0.0,0.0,1012.6,1002.2273333333334,5.739665806960274,1.4755381992864631,-0.5184374695642793,0.07315551878479937,43.07385863333333,3.0,0.0
tears_of_steel,53,,stage56_evaluation_low_start,bola-basic,2.417917553767716,0.7402470264935403,1.2337450441559006,1052.1333333333334,1037.0785333333333,3.6458428012135378,1.340934696349817,-1.1620829762918974,0.09754069171306583,43.16361931666667,13.0,0.0
tears_of_steel,53,,stage56_evaluation_low_start,robust-mpc,3.460176729871339,0.0,0.0,1020.8333333333334,1024.8862666666666,5.924540678233361,1.6311637431384656,-0.4992772986829846,0.07169399633977006,43.1143,6.0,0.0
tears_of_steel,53,53030180,stage56_evaluation_low_start,q-learning,2.417917553767716,10.13198924305703,16.88664873842838,1379.9166666666667,1359.1094666666665,2.121322802264124,1.5880544523627076,-2.9787108933791044,0.26702558321785114,43.750927716666666,34.0,0.0
tears_of_steel,53,,stage56_evaluation_mixed_start,static,1.4447694307498828,0.0,0.0,2682.116666666667,2584.5734666666667,13.052526324554359,5.1281880723415885,0.5222136813069614,0.6675581184736852,44.987357849999995,3.0,65.0
tears_of_steel,53,,stage56_evaluation_mixed_start,throughput,2.150151277688907,0.0,0.0,2403.9333333333334,2247.979733333333,12.247860907480687,6.1110558766174154,0.3565719145653992,0.6410908889600562,45.09701785,11.0,33.333333333333336
tears_of_steel,53,,stage56_evaluation_mixed_start,bola-basic,1.4447694307498828,0.0,0.0,2550.7,2446.7852,11.78527887682249,5.749042244865217,0.42274652908586213,0.6731386976173586,45.123950300000004,5.0,50.0
tears_of_steel,53,,stage56_evaluation_mixed_start,robust-mpc,3.827713804383984,0.0,0.0,2839.9333333333334,2675.3188,12.117351538998275,5.5285153295440015,0.5066587745796627,0.75055324947057,45.33244908333334,7.0,66.66666666666667
tears_of_steel,53,53030181,stage56_evaluation_mixed_start,q-learning,1.4447694307498828,0.0,0.0,1855.9,1853.0897333333335,12.872012108779655,6.123029232849138,0.1692911142791193,0.4425524114050855,44.32439456666667,25.0,13.333333333333334
tears_of_steel,53,,stage56_evaluation_high_start,static,0.5313355950348654,0.0,0.0,2558.8166666666666,2640.835866666667,10.102129165308892,4.271630035886545,0.4037586302219561,0.6514447012775885,45.0656325,7.0,55.0
tears_of_steel,53,,stage56_evaluation_high_start,throughput,1.4679369599222611,0.0,0.0,2644.383333333333,2517.8446666666664,11.619177272523178,5.772166146159361,0.41763940111899217,0.7171150960852966,45.170722966666666,11.0,46.666666666666664
tears_of_steel,53,,stage56_evaluation_high_start,bola-basic,0.5313355950348654,0.0,0.0,2714.5833333333335,2683.7662666666665,11.253086047503725,4.4955534095986565,0.5745610117067858,0.7382558429544968,45.25765498333333,7.0,50.0
tears_of_steel,53,,stage56_evaluation_high_start,robust-mpc,1.4679369599222611,0.0,0.0,2922.7166666666667,2738.7433333333333,11.333814661311973,4.827702328936496,0.5771100256662679,0.8099666604617076,45.47167615,9.0,60.0
tears_of_steel,53,53030182,stage56_evaluation_high_start,q-learning,0.5313355950348654,0.0,0.0,2627.6,2561.54,11.37590769926038,4.325307100254724,0.5116753168196415,0.7054925802591742,45.20210758333334,21.0,48.333333333333336
tears_of_steel,71,,stage56_evaluation_low_start,static,2.417917553767716,0.0,0.0,951.65,961.362,6.594617203060247,2.0189365561109365,-0.41938350668486296,0.029019943715303767,42.973309566666664,2.0,0.0
tears_of_steel,71,,stage56_evaluation_low_start,throughput,2.417917553767716,0.0,0.0,1012.6,1002.2273333333334,5.739665806960274,1.4755381992864631,-0.5184374695642793,0.07315551878479937,43.07385863333333,3.0,0.0
tears_of_steel,71,,stage56_evaluation_low_start,bola-basic,2.417917553767716,0.7402470264935403,1.2337450441559006,1052.1333333333334,1037.0785333333333,3.6458428012135378,1.340934696349817,-1.1620829762918974,0.09754069171306583,43.16361931666667,13.0,0.0
tears_of_steel,71,,stage56_evaluation_low_start,robust-mpc,3.460176729871339,0.0,0.0,1020.8333333333334,1024.8862666666666,5.924540678233361,1.6311637431384656,-0.4992772986829846,0.07169399633977006,43.1143,6.0,0.0
tears_of_steel,71,71030234,stage56_evaluation_low_start,q-learning,2.417917553767716,12.25761832991832,20.429363883197198,1299.2166666666667,1285.2134666666668,2.0486473215968815,1.1002322866408165,-3.345496738341413,0.24994802251473117,43.81957126666667,21.0,0.0
tears_of_steel,71,,stage56_evaluation_mixed_start,static,1.4447694307498828,0.0,0.0,2682.116666666667,2584.5734666666667,13.052526324554359,5.1281880723415885,0.5222136813069614,0.6675581184736852,44.987357849999995,3.0,65.0
tears_of_steel,71,,stage56_evaluation_mixed_start,throughput,2.150151277688907,0.0,0.0,2403.9333333333334,2247.979733333333,12.247860907480687,6.1110558766174154,0.3565719145653992,0.6410908889600562,45.09701785,11.0,33.333333333333336
tears_of_steel,71,,stage56_evaluation_mixed_start,bola-basic,1.4447694307498828,0.0,0.0,2550.7,2446.7852,11.78527887682249,5.749042244865217,0.42274652908586213,0.6731386976173586,45.123950300000004,5.0,50.0
tears_of_steel,71,,stage56_evaluation_mixed_start,robust-mpc,3.827713804383984,0.0,0.0,2839.9333333333334,2675.3188,12.117351538998275,5.5285153295440015,0.5066587745796627,0.75055324947057,45.33244908333334,7.0,66.66666666666667
tears_of_steel,71,71030235,stage56_evaluation_mixed_start,q-learning,1.4447694307498828,0.0,0.0,1836.05,1795.4372,13.196462393199642,6.096163995594993,0.21438366491616473,0.45627921201425276,44.4981785,22.0,5.0
tears_of_steel,71,,stage56_evaluation_high_start,static,0.5313355950348654,0.0,0.0,2558.8166666666666,2640.835866666667,10.102129165308892,4.271630035886545,0.4037586302219561,0.6514447012775885,45.0656325,7.0,55.0
tears_of_steel,71,,stage56_evaluation_high_start,throughput,1.4679369599222611,0.0,0.0,2644.383333333333,2517.8446666666664,11.619177272523178,5.772166146159361,0.41763940111899217,0.7171150960852966,45.170722966666666,11.0,46.666666666666664
tears_of_steel,71,,stage56_evaluation_high_start,bola-basic,0.5313355950348654,0.0,0.0,2714.5833333333335,2683.7662666666665,11.253086047503725,4.4955534095986565,0.5745610117067858,0.7382558429544968,45.25765498333333,7.0,50.0
tears_of_steel,71,,stage56_evaluation_high_start,robust-mpc,1.4679369599222611,0.0,0.0,2922.7166666666667,2738.7433333333333,11.333814661311973,4.827702328936496,0.5771100256662679,0.8099666604617076,45.47167615,9.0,60.0
tears_of_steel,71,71030236,stage56_evaluation_high_start,q-learning,0.5313355950348654,0.0,0.0,1950.3833333333334,1940.1944,13.680851671778544,5.573512260354268,0.2747139761192757,0.46378115715878476,44.24337123333333,25.0,23.333333333333332
tears_of_steel,89,,stage56_evaluation_low_start,static,2.417917553767716,0.0,0.0,951.65,961.362,6.594617203060247,2.0189365561109365,-0.41938350668486296,0.029019943715303767,42.973309566666664,2.0,0.0
tears_of_steel,89,,stage56_evaluation_low_start,throughput,2.417917553767716,0.0,0.0,1012.6,1002.2273333333334,5.739665806960274,1.4755381992864631,-0.5184374695642793,0.07315551878479937,43.07385863333333,3.0,0.0
tears_of_steel,89,,stage56_evaluation_low_start,bola-basic,2.417917553767716,0.7402470264935403,1.2337450441559006,1052.1333333333334,1037.0785333333333,3.6458428012135378,1.340934696349817,-1.1620829762918974,0.09754069171306583,43.16361931666667,13.0,0.0
tears_of_steel,89,,stage56_evaluation_low_start,robust-mpc,3.460176729871339,0.0,0.0,1020.8333333333334,1024.8862666666666,5.924540678233361,1.6311637431384656,-0.4992772986829846,0.07169399633977006,43.1143,6.0,0.0
tears_of_steel,89,89030288,stage56_evaluation_low_start,q-learning,2.417917553767716,12.162406130873393,20.270676884788987,1410.3833333333334,1402.6846666666668,2.0905332242770718,1.5358099285396116,-3.2994693965966224,0.2694680703373445,43.677420033333334,22.0,0.0
tears_of_steel,89,,stage56_evaluation_mixed_start,static,1.4447694307498828,0.0,0.0,2682.116666666667,2584.5734666666667,13.052526324554359,5.1281880723415885,0.5222136813069614,0.6675581184736852,44.987357849999995,3.0,65.0
tears_of_steel,89,,stage56_evaluation_mixed_start,throughput,2.150151277688907,0.0,0.0,2403.9333333333334,2247.979733333333,12.247860907480687,6.1110558766174154,0.3565719145653992,0.6410908889600562,45.09701785,11.0,33.333333333333336
tears_of_steel,89,,stage56_evaluation_mixed_start,bola-basic,1.4447694307498828,0.0,0.0,2550.7,2446.7852,11.78527887682249,5.749042244865217,0.42274652908586213,0.6731386976173586,45.123950300000004,5.0,50.0
tears_of_steel,89,,stage56_evaluation_mixed_start,robust-mpc,3.827713804383984,0.0,0.0,2839.9333333333334,2675.3188,12.117351538998275,5.5285153295440015,0.5066587745796627,0.75055324947057,45.33244908333334,7.0,66.66666666666667
tears_of_steel,89,89030289,stage56_evaluation_mixed_start,q-learning,1.4447694307498828,0.0,0.0,2083.6,2029.7733333333333,12.734079373263853,5.928342230586709,0.293816273044622,0.5321427285549893,44.74685416666667,27.0,20.0
tears_of_steel,89,,stage56_evaluation_high_start,static,0.5313355950348654,0.0,0.0,2558.8166666666666,2640.835866666667,10.102129165308892,4.271630035886545,0.4037586302219561,0.6514447012775885,45.0656325,7.0,55.0
tears_of_steel,89,,stage56_evaluation_high_start,throughput,1.4679369599222611,0.0,0.0,2644.383333333333,2517.8446666666664,11.619177272523178,5.772166146159361,0.41763940111899217,0.7171150960852966,45.170722966666666,11.0,46.666666666666664
tears_of_steel,89,,stage56_evaluation_high_start,bola-basic,0.5313355950348654,0.0,0.0,2714.5833333333335,2683.7662666666665,11.253086047503725,4.4955534095986565,0.5745610117067858,0.7382558429544968,45.25765498333333,7.0,50.0
tears_of_steel,89,,stage56_evaluation_high_start,robust-mpc,1.4679369599222611,0.0,0.0,2922.7166666666667,2738.7433333333333,11.333814661311973,4.827702328936496,0.5771100256662679,0.8099666604617076,45.47167615,9.0,60.0
tears_of_steel,89,89030290,stage56_evaluation_high_start,q-learning,0.5313355950348654,0.0,0.0,1807.0,1771.7106666666666,14.342325079662428,5.496236997268398,0.2378901313728864,0.42092959278237374,44.286213233333335,26.0,15.0
tears_of_steel,107,,stage56_evaluation_low_start,static,2.417917553767716,0.0,0.0,951.65,961.362,6.594617203060247,2.0189365561109365,-0.41938350668486296,0.029019943715303767,42.973309566666664,2.0,0.0
tears_of_steel,107,,stage56_evaluation_low_start,throughput,2.417917553767716,0.0,0.0,1012.6,1002.2273333333334,5.739665806960274,1.4755381992864631,-0.5184374695642793,0.07315551878479937,43.07385863333333,3.0,0.0
tears_of_steel,107,,stage56_evaluation_low_start,bola-basic,2.417917553767716,0.7402470264935403,1.2337450441559006,1052.1333333333334,1037.0785333333333,3.6458428012135378,1.340934696349817,-1.1620829762918974,0.09754069171306583,43.16361931666667,13.0,0.0
tears_of_steel,107,,stage56_evaluation_low_start,robust-mpc,3.460176729871339,0.0,0.0,1020.8333333333334,1024.8862666666666,5.924540678233361,1.6311637431384656,-0.4992772986829846,0.07169399633977006,43.1143,6.0,0.0
tears_of_steel,107,107030342,stage56_evaluation_low_start,q-learning,2.417917553767716,14.674430590508724,24.45738431751454,1553.7666666666667,1546.3228000000001,2.656132318351398,1.8012960199392938,-3.536045296497506,0.31231963471375546,43.88358266666667,24.0,8.333333333333334
tears_of_steel,107,,stage56_evaluation_mixed_start,static,1.4447694307498828,0.0,0.0,2682.116666666667,2584.5734666666667,13.052526324554359,5.1281880723415885,0.5222136813069614,0.6675581184736852,44.987357849999995,3.0,65.0
tears_of_steel,107,,stage56_evaluation_mixed_start,throughput,2.150151277688907,0.0,0.0,2403.9333333333334,2247.979733333333,12.247860907480687,6.1110558766174154,0.3565719145653992,0.6410908889600562,45.09701785,11.0,33.333333333333336
tears_of_steel,107,,stage56_evaluation_mixed_start,bola-basic,1.4447694307498828,0.0,0.0,2550.7,2446.7852,11.78527887682249,5.749042244865217,0.42274652908586213,0.6731386976173586,45.123950300000004,5.0,50.0
tears_of_steel,107,,stage56_evaluation_mixed_start,robust-mpc,3.827713804383984,0.0,0.0,2839.9333333333334,2675.3188,12.117351538998275,5.5285153295440015,0.5066587745796627,0.75055324947057,45.33244908333334,7.0,66.66666666666667
tears_of_steel,107,107030343,stage56_evaluation_mixed_start,q-learning,1.4447694307498828,0.0,0.0,1877.0,1820.1586666666667,12.716257820068387,6.246654409315806,0.1564391906806041,0.4477572528301336,44.40597483333333,25.0,15.0
tears_of_steel,107,,stage56_evaluation_high_start,static,0.5313355950348654,0.0,0.0,2558.8166666666666,2640.835866666667,10.102129165308892,4.271630035886545,0.4037586302219561,0.6514447012775885,45.0656325,7.0,55.0
tears_of_steel,107,,stage56_evaluation_high_start,throughput,1.4679369599222611,0.0,0.0,2644.383333333333,2517.8446666666664,11.619177272523178,5.772166146159361,0.41763940111899217,0.7171150960852966,45.170722966666666,11.0,46.666666666666664
tears_of_steel,107,,stage56_evaluation_high_start,bola-basic,0.5313355950348654,0.0,0.0,2714.5833333333335,2683.7662666666665,11.253086047503725,4.4955534095986565,0.5745610117067858,0.7382558429544968,45.25765498333333,7.0,50.0
tears_of_steel,107,,stage56_evaluation_high_start,robust-mpc,1.4679369599222611,0.0,0.0,2922.7166666666667,2738.7433333333333,11.333814661311973,4.827702328936496,0.5771100256662679,0.8099666604617076,45.47167615,9.0,60.0
tears_of_steel,107,107030344,stage56_evaluation_high_start,q-learning,0.5313355950348654,0.0,0.0,1677.6166666666666,1670.6741333333334,14.409163515297102,5.709714776651654,0.1869008619362135,0.38344356041551475,44.018416316666666,27.0,6.666666666666667
tears_of_steel,131,,stage56_evaluation_low_start,static,2.417917553767716,0.0,0.0,951.65,961.362,6.594617203060247,2.0189365561109365,-0.41938350668486296,0.029019943715303767,42.973309566666664,2.0,0.0
tears_of_steel,131,,stage56_evaluation_low_start,throughput,2.417917553767716,0.0,0.0,1012.6,1002.2273333333334,5.739665806960274,1.4755381992864631,-0.5184374695642793,0.07315551878479937,43.07385863333333,3.0,0.0
tears_of_steel,131,,stage56_evaluation_low_start,bola-basic,2.417917553767716,0.7402470264935403,1.2337450441559006,1052.1333333333334,1037.0785333333333,3.6458428012135378,1.340934696349817,-1.1620829762918974,0.09754069171306583,43.16361931666667,13.0,0.0
tears_of_steel,131,,stage56_evaluation_low_start,robust-mpc,3.460176729871339,0.0,0.0,1020.8333333333334,1024.8862666666666,5.924540678233361,1.6311637431384656,-0.4992772986829846,0.07169399633977006,43.1143,6.0,0.0
tears_of_steel,131,131030414,stage56_evaluation_low_start,q-learning,2.417917553767716,11.108805493580451,18.514675822634086,1249.8,1243.6064000000001,2.163302639743718,1.1477650556873333,-3.1516054841480043,0.2194665563543981,43.72223025,19.0,0.0
tears_of_steel,131,,stage56_evaluation_mixed_start,static,1.4447694307498828,0.0,0.0,2682.116666666667,2584.5734666666667,13.052526324554359,5.1281880723415885,0.5222136813069614,0.6675581184736852,44.987357849999995,3.0,65.0
tears_of_steel,131,,stage56_evaluation_mixed_start,throughput,2.150151277688907,0.0,0.0,2403.9333333333334,2247.979733333333,12.247860907480687,6.1110558766174154,0.3565719145653992,0.6410908889600562,45.09701785,11.0,33.333333333333336
tears_of_steel,131,,stage56_evaluation_mixed_start,bola-basic,1.4447694307498828,0.0,0.0,2550.7,2446.7852,11.78527887682249,5.749042244865217,0.42274652908586213,0.6731386976173586,45.123950300000004,5.0,50.0
tears_of_steel,131,,stage56_evaluation_mixed_start,robust-mpc,3.827713804383984,0.0,0.0,2839.9333333333334,2675.3188,12.117351538998275,5.5285153295440015,0.5066587745796627,0.75055324947057,45.33244908333334,7.0,66.66666666666667
tears_of_steel,131,131030415,stage56_evaluation_mixed_start,q-learning,1.4447694307498828,0.0,0.0,2315.7,2239.8086666666663,10.219608381151804,6.312404261393706,0.09262269055857593,0.5893959842305183,44.922669449999994,27.0,38.333333333333336
tears_of_steel,131,,stage56_evaluation_high_start,static,0.5313355950348654,0.0,0.0,2558.8166666666666,2640.835866666667,10.102129165308892,4.271630035886545,0.4037586302219561,0.6514447012775885,45.0656325,7.0,55.0
tears_of_steel,131,,stage56_evaluation_high_start,throughput,1.4679369599222611,0.0,0.0,2644.383333333333,2517.8446666666664,11.619177272523178,5.772166146159361,0.41763940111899217,0.7171150960852966,45.170722966666666,11.0,46.666666666666664
tears_of_steel,131,,stage56_evaluation_high_start,bola-basic,0.5313355950348654,0.0,0.0,2714.5833333333335,2683.7662666666665,11.253086047503725,4.4955534095986565,0.5745610117067858,0.7382558429544968,45.25765498333333,7.0,50.0
tears_of_steel,131,,stage56_evaluation_high_start,robust-mpc,1.4679369599222611,0.0,0.0,2922.7166666666667,2738.7433333333333,11.333814661311973,4.827702328936496,0.5771100256662679,0.8099666604617076,45.47167615,9.0,60.0
tears_of_steel,131,131030416,stage56_evaluation_high_start,q-learning,0.5313355950348654,0.0,0.0,2524.9666666666667,2484.9225333333334,12.320335477570937,5.7171503007394575,0.40217164486526463,0.6598059698772037,44.91850116666667,25.0,46.666666666666664
tears_of_steel,149,,stage56_evaluation_low_start,static,2.417917553767716,0.0,0.0,951.65,961.362,6.594617203060247,2.0189365561109365,-0.41938350668486296,0.029019943715303767,42.973309566666664,2.0,0.0
tears_of_steel,149,,stage56_evaluation_low_start,throughput,2.417917553767716,0.0,0.0,1012.6,1002.2273333333334,5.739665806960274,1.4755381992864631,-0.5184374695642793,0.07315551878479937,43.07385863333333,3.0,0.0
tears_of_steel,149,,stage56_evaluation_low_start,bola-basic,2.417917553767716,0.7402470264935403,1.2337450441559006,1052.1333333333334,1037.0785333333333,3.6458428012135378,1.340934696349817,-1.1620829762918974,0.09754069171306583,43.16361931666667,13.0,0.0
tears_of_steel,149,,stage56_evaluation_low_start,robust-mpc,3.460176729871339,0.0,0.0,1020.8333333333334,1024.8862666666666,5.924540678233361,1.6311637431384656,-0.4992772986829846,0.07169399633977006,43.1143,6.0,0.0
tears_of_steel,149,149030468,stage56_evaluation_low_start,q-learning,2.417917553767716,15.683630939897327,26.13938489982888,1332.15,1307.5917333333334,2.2262789199295416,1.5156890100709692,-3.890998424026096,0.24410193273461397,43.691916,28.0,0.0
tears_of_steel,149,,stage56_evaluation_mixed_start,static,1.4447694307498828,0.0,0.0,2682.116666666667,2584.5734666666667,13.052526324554359,5.1281880723415885,0.5222136813069614,0.6675581184736852,44.987357849999995,3.0,65.0
tears_of_steel,149,,stage56_evaluation_mixed_start,throughput,2.150151277688907,0.0,0.0,2403.9333333333334,2247.979733333333,12.247860907480687,6.1110558766174154,0.3565719145653992,0.6410908889600562,45.09701785,11.0,33.333333333333336
tears_of_steel,149,,stage56_evaluation_mixed_start,bola-basic,1.4447694307498828,0.0,0.0,2550.7,2446.7852,11.78527887682249,5.749042244865217,0.42274652908586213,0.6731386976173586,45.123950300000004,5.0,50.0
tears_of_steel,149,,stage56_evaluation_mixed_start,robust-mpc,3.827713804383984,0.0,0.0,2839.9333333333334,2675.3188,12.117351538998275,5.5285153295440015,0.5066587745796627,0.75055324947057,45.33244908333334,7.0,66.66666666666667
tears_of_steel,149,149030469,stage56_evaluation_mixed_start,q-learning,1.4447694307498828,0.0,0.0,1829.1166666666666,1727.3773333333334,13.775130122336265,5.82482620069891,0.21212629455333679,0.4046011284521557,44.356203400000005,25.0,20.0
tears_of_steel,149,,stage56_evaluation_high_start,static,0.5313355950348654,0.0,0.0,2558.8166666666666,2640.835866666667,10.102129165308892,4.271630035886545,0.4037586302219561,0.6514447012775885,45.0656325,7.0,55.0
tears_of_steel,149,,stage56_evaluation_high_start,throughput,1.4679369599222611,0.0,0.0,2644.383333333333,2517.8446666666664,11.619177272523178,5.772166146159361,0.41763940111899217,0.7171150960852966,45.170722966666666,11.0,46.666666666666664
tears_of_steel,149,,stage56_evaluation_high_start,bola-basic,0.5313355950348654,0.0,0.0,2714.5833333333335,2683.7662666666665,11.253086047503725,4.4955534095986565,0.5745610117067858,0.7382558429544968,45.25765498333333,7.0,50.0
tears_of_steel,149,,stage56_evaluation_high_start,robust-mpc,1.4679369599222611,0.0,0.0,2922.7166666666667,2738.7433333333333,11.333814661311973,4.827702328936496,0.5771100256662679,0.8099666604617076,45.47167615,9.0,60.0
tears_of_steel,149,149030470,stage56_evaluation_high_start,q-learning,0.5313355950348654,0.0,0.0,1736.2833333333333,1787.79,12.649145326150004,5.623221790726328,0.18795981573893003,0.3909301983755523,44.036668283333334,26.0,10.0
tears_of_steel,173,,stage56_evaluation_low_start,static,2.417917553767716,0.0,0.0,951.65,961.362,6.594617203060247,2.0189365561109365,-0.41938350668486296,0.029019943715303767,42.973309566666664,2.0,0.0
tears_of_steel,173,,stage56_evaluation_low_start,throughput,2.417917553767716,0.0,0.0,1012.6,1002.2273333333334,5.739665806960274,1.4755381992864631,-0.5184374695642793,0.07315551878479937,43.07385863333333,3.0,0.0
tears_of_steel,173,,stage56_evaluation_low_start,bola-basic,2.417917553767716,0.7402470264935403,1.2337450441559006,1052.1333333333334,1037.0785333333333,3.6458428012135378,1.340934696349817,-1.1620829762918974,0.09754069171306583,43.16361931666667,13.0,0.0
tears_of_steel,173,,stage56_evaluation_low_start,robust-mpc,3.460176729871339,0.0,0.0,1020.8333333333334,1024.8862666666666,5.924540678233361,1.6311637431384656,-0.4992772986829846,0.07169399633977006,43.1143,6.0,0.0
tears_of_steel,173,173030540,stage56_evaluation_low_start,q-learning,2.417917553767716,0.0,0.0,977.1833333333333,975.1586666666667,6.3029748147251645,1.7906469860626526,-0.43894609230590087,0.04803958463401826,43.04289753333333,6.0,0.0
tears_of_steel,173,,stage56_evaluation_mixed_start,static,1.4447694307498828,0.0,0.0,2682.116666666667,2584.5734666666667,13.052526324554359,5.1281880723415885,0.5222136813069614,0.6675581184736852,44.987357849999995,3.0,65.0
tears_of_steel,173,,stage56_evaluation_mixed_start,throughput,2.150151277688907,0.0,0.0,2403.9333333333334,2247.979733333333,12.247860907480687,6.1110558766174154,0.3565719145653992,0.6410908889600562,45.09701785,11.0,33.333333333333336
tears_of_steel,173,,stage56_evaluation_mixed_start,bola-basic,1.4447694307498828,0.0,0.0,2550.7,2446.7852,11.78527887682249,5.749042244865217,0.42274652908586213,0.6731386976173586,45.123950300000004,5.0,50.0
tears_of_steel,173,,stage56_evaluation_mixed_start,robust-mpc,3.827713804383984,0.0,0.0,2839.9333333333334,2675.3188,12.117351538998275,5.5285153295440015,0.5066587745796627,0.75055324947057,45.33244908333334,7.0,66.66666666666667
tears_of_steel,173,173030541,stage56_evaluation_mixed_start,q-learning,1.4447694307498828,0.0,0.0,1916.3,1930.3988,13.776676631978683,5.660819186212764,0.23818901301403214,0.43167747796891853,44.27024541666666,25.0,25.0
tears_of_steel,173,,stage56_evaluation_high_start,static,0.5313355950348654,0.0,0.0,2558.8166666666666,2640.835866666667,10.102129165308892,4.271630035886545,0.4037586302219561,0.6514447012775885,45.0656325,7.0,55.0
tears_of_steel,173,,stage56_evaluation_high_start,throughput,1.4679369599222611,0.0,0.0,2644.383333333333,2517.8446666666664,11.619177272523178,5.772166146159361,0.41763940111899217,0.7171150960852966,45.170722966666666,11.0,46.666666666666664
tears_of_steel,173,,stage56_evaluation_high_start,bola-basic,0.5313355950348654,0.0,0.0,2714.5833333333335,2683.7662666666665,11.253086047503725,4.4955534095986565,0.5745610117067858,0.7382558429544968,45.25765498333333,7.0,50.0
tears_of_steel,173,,stage56_evaluation_high_start,robust-mpc,1.4679369599222611,0.0,0.0,2922.7166666666667,2738.7433333333333,11.333814661311973,4.827702328936496,0.5771100256662679,0.8099666604617076,45.47167615,9.0,60.0
tears_of_steel,173,173030542,stage56_evaluation_high_start,q-learning,0.5313355950348654,0.0,0.0,1631.1833333333334,1608.1522666666667,14.813109567024622,5.582372903731053,0.1552191488168371,0.3535321648931925,44.06322698333334,31.0,8.333333333333334
